name,price,image,chipset,memory,core_clock,boost_clock,color,length,rating
Gigabyte GAMING OC,429.99,https://cdna.pcpartpicker.com/static/forever/images/product/867a636cde1c3c9762b06bde17acd022.256p.jpg,Radeon RX 9060 XT,16 GB,2220 MHz,3320 MHz,Black,281 mm,4.5
Gigabyte WINDFORCE OC,315.99,https://cdna.pcpartpicker.com/static/forever/images/product/b5efd683779ac37de1ac562745545713.256p.jpg,GeForce RTX 5060,8 GB,2280 MHz,,Black,199 mm,5
Gigabyte WINDFORCE OC SFF,586,https://cdna.pcpartpicker.com/static/forever/images/product/136567e8e098d881d15de177db1e9243.256p.jpg,GeForce RTX 5070,12 GB,2160 MHz,2542 MHz,Black,282 mm,5
Asus ROG Astral OC,3559,https://cdna.pcpartpicker.com/static/forever/images/product/0161407080353d18971dcccd15dc3722.256p.jpg,GeForce RTX 5090,32 GB,2010 MHz,2610 MHz,Black / Silver,358 mm,5
Asus DUAL OC,518.99,https://cdna.pcpartpicker.com/static/forever/images/product/59667fe806af75adbdce293b8f5fb626.256p.jpg,GeForce RTX 5060 Ti,16 GB,2410 MHz,2632 MHz,Black / Silver,229 mm,5
Sapphire PULSE,409.98,https://cdna.pcpartpicker.com/static/forever/images/product/bb4fb586eae43c6dd135c6a5b97ddb52.256p.jpg,Radeon RX 9060 XT,16 GB,2220 MHz,3290 MHz,Black,240 mm,4.5
PNY OC,1159.99,https://cdna.pcpartpicker.com/static/forever/images/product/0f3e8c7fec641072601f855e0e3f8cf2.256p.jpg,GeForce RTX 5080,16 GB,2300 MHz,2730 MHz,Black,329 mm,4.5
PowerColor Reaper,639.99,https://cdna.pcpartpicker.com/static/forever/images/product/160efdc913b158179077601d43569379.256p.jpg,Radeon RX 9070 XT,16 GB,2400 MHz,2970 MHz,Black / Red,289 mm,4
MSI SHADOW 3X OC,876.91,https://cdna.pcpartpicker.com/static/forever/images/product/7221b486502c1d25055ea2c4178c77c9.256p.jpg,GeForce RTX 5070 Ti,16 GB,2300 MHz,2497 MHz,Black,303 mm,4.5
Asus PRIME OC,643.51,https://cdna.pcpartpicker.com/static/forever/images/product/a276b7c0da9743accbc0a6e0d88732df.256p.jpg,Radeon RX 9070 XT,16 GB,2460 MHz,3030 MHz,Black,312 mm,4.5
XFX Swift OC,399,https://cdna.pcpartpicker.com/static/forever/images/product/d07f7f24d04083a57ef41d3130cbd992.256p.jpg,Radeon RX 9060 XT,16 GB,2220 MHz,3320 MHz,Black,270 mm,4.5
ASRock Challenger OC,331.8,https://cdna.pcpartpicker.com/static/forever/images/product/35163463b989d1be13df38d5819cb039.256p.jpg,Radeon RX 7600,8 GB,1720 MHz,2695 MHz,Black,269 mm,5
MSI GeForce RTX 3060 Ventus 2X 12G OC,,https://cdna.pcpartpicker.com/static/forever/images/product/dbc81b89efc82ce66fb2e3ab7e0f0658.256p.jpg,GeForce RTX 3060 12GB,12 GB,1320 MHz,1777 MHz,Black,235 mm,4.5
MSI VENTUS 2X OC,294,https://cdna.pcpartpicker.com/static/forever/images/product/9e3f74e84fe87188601bcd51e943b19a.256p.jpg,GeForce RTX 5060,8 GB,2280 MHz,2535 MHz,Silver / Black,197 mm,5
Asus PRIME,1672.79,https://cdna.pcpartpicker.com/static/forever/images/product/d3b30a207c7d1f6425a742e9169a8ee0.256p.jpg,GeForce RTX 5080,16 GB,2300 MHz,,Black / White,306 mm,4.5
PNY VCNRTXPRO6000B-PB,,https://cdna.pcpartpicker.com/static/forever/images/product/50d4f045518f00ccb436257abe54df4e.256p.jpg,RTX PRO 6000 Blackwell,96 GB,1590 MHz,,Black,305 mm,0
ASRock Challenger,648.54,https://cdna.pcpartpicker.com/static/forever/images/product/f016a332e2c52da6b3bc42013e651566.256p.jpg,Radeon RX 9070 XT,16 GB,2400 MHz,2970 MHz,Black,290 mm,4.5
PNY Dual Fan OC,385.94,https://cdna.pcpartpicker.com/static/forever/images/product/3d086ea2ea25e57886cd68c49337b0fb.256p.jpg,GeForce RTX 5060 Ti,8 GB,2407 MHz,2692 MHz,Black,245 mm,5
Gigabyte EAGLE OC SFF,628.99,https://cdna.pcpartpicker.com/static/forever/images/product/a3192df075922ee3bd6fe1e04301b624.256p.jpg,GeForce RTX 5070,12 GB,2160 MHz,2587 MHz,White,290 mm,4.5
Gigabyte GAMING OC ICE,659.99,https://cdna.pcpartpicker.com/static/forever/images/product/ce5fe8c1e8a90bcfb4359474dcf4f05d.256p.jpg,Radeon RX 9070 XT,16 GB,2400 MHz,3060 MHz,White,288 mm,5
XFX Swift,649.99,https://cdna.pcpartpicker.com/static/forever/images/product/c1c0551489e7f81cd521f6bfc7dac233.256p.jpg,Radeon RX 9070 XT,16 GB,1660 MHz,2970 MHz,Black,325 mm,4.5
XFX Speedster QICK 309,348.71,https://cdna.pcpartpicker.com/static/forever/images/product/7b84bdf7b13951158cf852252b9e627b.256p.jpg,Radeon RX 7600 XT,16 GB,1720 MHz,2810 MHz,Black,302 mm,5
Asus DUAL,429.98,https://cdna.pcpartpicker.com/static/forever/images/product/e049daeea6a93f7ac4473a2314c95f0b.256p.jpg,Radeon RX 9060 XT,16 GB,2220 MHz,3250 MHz,Black,202 mm,5
NVIDIA Founders Edition,4439.99,https://cdna.pcpartpicker.com/static/forever/images/product/6b0f4a7c280559e287c8a35ed24da423.256p.jpg,GeForce RTX 5090,32 GB,2017 MHz,2407 MHz,Black / Silver,304 mm,4.5
MSI VENTUS 2X PLUS OC,358.19,https://cdna.pcpartpicker.com/static/forever/images/product/448885cffd9a078d3cd0a6c8aa2305e6.256p.jpg,GeForce RTX 5060 Ti,8 GB,2410 MHz,2617 MHz,Black / Gray,227 mm,5
Sapphire NITRO+,719.99,https://cdna.pcpartpicker.com/static/forever/images/product/1add1f9857eec8cf98c8963331dfe4b6.256p.jpg,Radeon RX 9070 XT,16 GB,2520 MHz,3060 MHz,Black,331 mm,4.5
Asus Dual GeForce RTX 3060 V2 OC Edition,319.99,https://cdna.pcpartpicker.com/static/forever/images/product/a6cfb4e58daecb7b49fb19b0f5268a56.256p.jpg,GeForce RTX 3060 12GB,12 GB,1320 MHz,1867 MHz,Black,200 mm,4.5
MSI GAMING TRIO OC,899,https://cdna.pcpartpicker.com/static/forever/images/product/370365e652c3b14625e18aedae953a7b.256p.jpg,GeForce RTX 5070 Ti,16 GB,2300 MHz,2580 MHz,Black,338 mm,5
Asus TUF GAMING OC,1249.98,https://cdna.pcpartpicker.com/static/forever/images/product/a5d521869c682b9b728f2a33f3c555ac.256p.jpg,GeForce RTX 5080,16 GB,2300 MHz,,Black / Silver,348 mm,4.5
PNY VCNRTXPRO6000BQ-PB,11450.48,https://cdna.pcpartpicker.com/static/forever/images/product/6fcf7191051e03d62a24cea4824b1003.256p.jpg,RTX PRO 6000 Blackwell Max-Q,96 GB,1035 MHz,,Black / Gold,267 mm,0
Intel Limited Edition,449.99,https://cdna.pcpartpicker.com/static/forever/images/product/4d6582f8f760f3da54b0dc4f85a816d4.256p.jpg,Arc B580,12 GB,2670 MHz,,Black,272 mm,4.5
MSI VENTUS 3X OC,860,https://cdna.pcpartpicker.com/static/forever/images/product/39f468764f322157ce781ad2c4fa803b.256p.jpg,GeForce RTX 5070 Ti,16 GB,2300 MHz,2497 MHz,Silver / Black,303 mm,4.5
MSI VENTUS 2X BLACK OC,,https://cdna.pcpartpicker.com/static/forever/images/product/c89cc9ea2051206aebd4189ddf05f76b.256p.jpg,GeForce RTX 4060,8 GB,1830 MHz,2505 MHz,Black,199 mm,4.5
XFX Speedster SWFT 210 Core,399,https://cdna.pcpartpicker.com/static/forever/images/product/9d6954ba0d9b53b06d996c25e576d470.256p.jpg,Radeon RX 7700 XT,12 GB,1425 MHz,2544 MHz,Black,280 mm,4.5
Gigabyte EAGLE OC ICE,310.99,https://cdna.pcpartpicker.com/static/forever/images/product/a6bfce56e3fc8852e785b3e828bb8877.256p.jpg,GeForce RTX 5060,8 GB,2280 MHz,,White,208 mm,5
MSI VENTUS 2X XS OC,263.96,https://cdna.pcpartpicker.com/static/forever/images/product/cd30fd761012460241548ac2a5a9f8a4.256p.jpg,GeForce RTX 3050 8GB,8 GB,1550 MHz,1807 MHz,Black / Gray,205 mm,4
Gigabyte AERO OC,957.99,https://cdna.pcpartpicker.com/static/forever/images/product/87996fa1877095ab8f6db8fb7b6adf34.256p.jpg,GeForce RTX 5070 Ti,16 GB,2588 MHz,,White / Silver,340 mm,5
MSI SHADOW 2X OC,370.36,https://cdna.pcpartpicker.com/static/forever/images/product/8c4f403aea1d6a32045a6368e23486c1.256p.jpg,GeForce RTX 5060,8 GB,2280 MHz,2535 MHz,Black / Silver,197 mm,4
ASRock Intel Arc A380 Challenger ITX,195.21,https://cdna.pcpartpicker.com/static/forever/images/product/c887172d5b7e8f6241c60d0c42cf358d.256p.jpg,Arc A380,6 GB,2250 MHz,,Black,190 mm,3.5
NVIDIA 900-5G144-2200-000,11899.99,https://cdna.pcpartpicker.com/static/forever/images/product/2c08913683bd92dd3c8d0bef906c6cd5.256p.jpg,RTX PRO 6000 Blackwell,96 GB,1590 MHz,,Black,305 mm,0
XFX Mercury OC RGB,699,https://cdna.pcpartpicker.com/static/forever/images/product/65b2abf683f0bb8024a83e0038429b5b.256p.jpg,Radeon RX 9070 XT,16 GB,1870 MHz,3100 MHz,Black,360 mm,5
MSI LIGHTNING Z,4999.99,,GeForce RTX 5090,32 GB,2010 MHz,2775 MHz,Black / Gold,260 mm,0
Gigabyte OC Low Profile,299.99,https://cdna.pcpartpicker.com/static/forever/images/product/5c3e19e3f7bb2f00d5eac831e50d953f.256p.jpg,GeForce RTX 5060,8 GB,2280 MHz,,Black,182 mm,5
Gigabyte AORUS MASTER,3999.95,https://cdna.pcpartpicker.com/static/forever/images/product/96ecd11ddbe5a193c95422e8e620fca6.256p.jpg,GeForce RTX 5090,32 GB,2010 MHz,2655 MHz,Black,360 mm,4.5
ASRock Steel Legend,649.99,https://cdna.pcpartpicker.com/static/forever/images/product/289050b8f57e88a5cc6ea4463310a5ef.256p.jpg,Radeon RX 9070 XT,16 GB,2400 MHz,2970 MHz,White / Gray,298 mm,4.5
MSI VENTUS XS OC,548.54,https://cdna.pcpartpicker.com/static/forever/images/product/f88a997f62934e98b9919a099189973a.256p.jpg,GeForce RTX 2080 SUPER,8 GB,1650 MHz,1830 MHz,Silver / Black,257 mm,5
MSI GAMING OC,219.99,https://cdna.pcpartpicker.com/static/forever/images/product/445386b9130d4aaa4ce6d9075fcae250.256p.jpg,GeForce RTX 5050,8 GB,2317 MHz,2647 MHz,Black,202 mm,0
PNY ARGB EPIC-X RGB OC,1305.46,https://cdna.pcpartpicker.com/static/forever/images/product/a80c21ceedea8021d7b2efdade387f44.256p.jpg,GeForce RTX 5080,16 GB,2300 MHz,2780 MHz,Black,329 mm,5
ASRock Challenger D,,https://cdna.pcpartpicker.com/static/forever/images/product/c5489241c902a9ae06a42212e978f989.256p.jpg,Radeon RX 6600,8 GB,1626 MHz,,Black,269 mm,4.5
MSI SHADOW 2X OC PLUS,780.06,https://cdna.pcpartpicker.com/static/forever/images/product/cea4a842d46e85a29c5a4e772c58c113.256p.jpg,GeForce RTX 5060 Ti,16 GB,2410 MHz,2617 MHz,Black,226 mm,0
PowerColor Fighter,742.1,,Radeon RX 6750 XT,12 GB,2150 MHz,2600 MHz,Black,230 mm,5
MSI LP OC,199.99,https://cdna.pcpartpicker.com/static/forever/images/product/4438465b282a947c070b4758cdccfdd5.256p.jpg,GeForce RTX 3050 6GB,6 GB,1040 MHz,1492 MHz,Black,174 mm,4
Asus ROG Astral LC OC,2976.29,https://cdna.pcpartpicker.com/static/forever/images/product/adc50b2db9f548ed8e1fefbdbdc80709.256p.jpg,GeForce RTX 5090,32 GB,2010 MHz,2610 MHz,Black / Silver,288 mm,0
XFX Speedster MERC 310 Black Edition,878.03,https://cdna.pcpartpicker.com/static/forever/images/product/fb5921271006cb070bb968bb41488e5b.256p.jpg,Radeon RX 7900 XT,20 GB,2000 MHz,2560 MHz,Black / Silver,344 mm,4.5
ASRock Radeon RX 7900 XTX 24GB,902.39,,Radeon RX 7900 XTX,24 GB,2300 MHz,2500 MHz,Black,287 mm,5
Sapphire PURE,699.98,https://cdna.pcpartpicker.com/static/forever/images/product/2c06f017723d991b814947ff0c9bd519.256p.jpg,Radeon RX 9070 XT,16 GB,2460 MHz,3010 MHz,White,320 mm,4.5
Gigabyte AERO OC SFF,1299,https://cdna.pcpartpicker.com/static/forever/images/product/81715ed28e3aae88fb103d7232adcc9f.256p.jpg,GeForce RTX 5080,16 GB,2300 MHz,,White / Silver,304 mm,4.5
XFX Quicksilver 2,721.19,,Radeon RX 9070 XT,16 GB,2400 MHz,2970 MHz,Black,350 mm,0
Asus ProArt OC,3999.95,https://cdna.pcpartpicker.com/static/forever/images/product/2c8dc1ebc125ee2a8d2a943b1434341d.256p.jpg,GeForce RTX 5090,32 GB,2010 MHz,2512 MHz,Black / Gold,304 mm,0
ASRock Taichi OC,799.99,https://cdna.pcpartpicker.com/static/forever/images/product/8d2064fe21e3a8318837caf30fad70f1.256p.jpg,Radeon RX 9070 XT,16 GB,2570 MHz,3100 MHz,Black,330 mm,4.5
Gigabyte EAGLE OC ICE SFF,919.99,https://cdna.pcpartpicker.com/static/forever/images/product/f909fab47cb20bea4096f4b62f3d3ccf.256p.jpg,GeForce RTX 5070 Ti,16 GB,2541 MHz,,White / Silver,304 mm,4.5
AMD Radeon RX 6950 XT,,https://cdna.pcpartpicker.com/static/forever/images/product/8a44fd1a6f66aa2f153e73efadf3ef47.256p.jpg,Radeon RX 6950 XT,16 GB,1890 MHz,2310 MHz,Black,267 mm,4.5
Asus ROG STRIX GAMING OC,1099.99,https://cdna.pcpartpicker.com/static/forever/images/product/b17fcb9e900098a2cc46c5fe2c2411a6.256p.jpg,GeForce RTX 5070 Ti,16 GB,2300 MHz,2625 MHz,Black / Silver,332 mm,5
Sapphire PULSE OC,491.49,https://cdna.pcpartpicker.com/static/forever/images/product/0fdef68f3aa6076d006b3bb2ed2b21f1.256p.jpg,Radeon RX 9070 GRE,12 GB,1420 MHz,2920 MHz,Black / Red,280 mm,0
NVIDIA 900-5G153-2200-000,10800.99,https://cdna.pcpartpicker.com/static/forever/images/product/be37f023910dc1508b9b7aab8a7ff3a3.256p.jpg,RTX PRO 6000 Blackwell Max-Q,96 GB,1035 MHz,,Black / Gold,267 mm,0
EVGA FTW3 ULTRA GAMING,,https://cdna.pcpartpicker.com/static/forever/images/product/98d66a3d40876fec0cf643a7f6c6a00e.256p.jpg,GeForce RTX 3080 10GB,10 GB,1440 MHz,1800 MHz,Black,300 mm,4.5
MSI GeForce RTX 3060 Ti GAMING X,,https://cdna.pcpartpicker.com/static/forever/images/product/fdebde50e80ae3a2912f7e5dd6ff7622.256p.jpg,GeForce RTX 3060 Ti,8 GB,1410 MHz,1770 MHz,Black / Silver,278 mm,4.5
PowerColor Hellhound OC,655.47,https://cdna.pcpartpicker.com/static/forever/images/product/7b81884d452c572f52509f613a1d328f.256p.jpg,Radeon RX 9070 XT,16 GB,2400 MHz,3010 MHz,Black,327 mm,5
MSI SUPRIM LIQUID SOC,,https://cdna.pcpartpicker.com/static/forever/images/product/ceb6bf84996a0c5d069a73e5b48c4d75.256p.jpg,GeForce RTX 5090,32 GB,2010 MHz,,Black / Silver,280 mm,4
Gigabyte AORUS MASTER ICE,1459.99,https://cdna.pcpartpicker.com/static/forever/images/product/0d1d28281116c9f7c303f386a28f7355.256p.jpg,GeForce RTX 5080,16 GB,2300 MHz,,White / Silver,360 mm,4.5
Palit Infinity 3,564.46,https://cdna.pcpartpicker.com/static/forever/images/product/94ab9144c27b1d0f64b4efdbd6fa8a73.256p.jpg,GeForce RTX 5070,12 GB,2325 MHz,2512 MHz,Black,292 mm,5
Asus Noctua OC,1629.97,https://cdna.pcpartpicker.com/static/forever/images/product/9c761920b2a887f4ec27dad9eb6e6efd.256p.jpg,GeForce RTX 5080,16 GB,2300 MHz,2730 MHz,Brown / Silver,385 mm,5
Gigabyte AORUS ELITE,766.98,https://cdna.pcpartpicker.com/static/forever/images/product/2806df8c8e8b332c4fbf1a0621f41d93.256p.jpg,Radeon RX 9070 XT,16 GB,2570 MHz,3100 MHz,Black,339 mm,4.5
XFX GTS XXX,,https://cdna.pcpartpicker.com/static/forever/images/product/7a8d66854d65f497aca573e84772d861.256p.jpg,Radeon RX 580,8 GB,1366 MHz,1386 MHz,Black / Red,270 mm,4.5
Intel 33P01IB0BB,1159.86,https://cdna.pcpartpicker.com/static/forever/images/product/c536f5faf407e10558547eac5de68830.256p.jpg,Arc Pro B70,32 GB,2280 MHz,2800 MHz,Black / Blue,267 mm,0
Gigabyte WINDFORCE OC Rev 2.0,362.41,,GeForce RTX 3060 12GB,12 GB,1320 MHz,1792 MHz,Black,198 mm,4.5
PowerColor RX7800XT 16G-P,599.99,,Radeon RX 7800 XT,16 GB,1295 MHz,2430 MHz,Black,260 mm,5
Asus DUAL EVO OC,741.75,https://cdna.pcpartpicker.com/static/forever/images/product/9587565162ba3dd767fd21a6b640c824.256p.jpg,GeForce RTX 4060 Ti,8 GB,2310 MHz,2595 MHz,Black,227 mm,0
Gigabyte AORUS STEALTH ICE,3680.48,https://cdna.pcpartpicker.com/static/forever/images/product/c6a2a7748125a8b8b4608b299ea49c88.256p.jpg,GeForce RTX 5090,32 GB,2010 MHz,2655 MHz,White,360 mm,5
Zotac SOLID SFF OC,929.99,https://cdna.pcpartpicker.com/static/forever/images/product/24498205825bda83d2141b3f02cac70c.256p.jpg,GeForce RTX 5070 Ti,16 GB,2300 MHz,2482 MHz,Black / Gold,304 mm,4.5
Inno3D X3 OC,1145.47,https://cdna.pcpartpicker.com/static/forever/images/product/74aabc7c8eec3082d597c6000e893d70.256p.jpg,GeForce RTX 5080,16 GB,2295 MHz,2640 MHz,Black / Silver,300 mm,4
MSI Radeon RX 6700 XT 12G,,https://cdna.pcpartpicker.com/static/forever/images/product/0786070af7eabdd89ba8f815658c34bd.256p.jpg,Radeon RX 6700 XT,12 GB,2321 MHz,,Black / Silver,267 mm,4.5
PowerColor Red Devil OC,745.47,https://cdna.pcpartpicker.com/static/forever/images/product/72d2d19e10c9c2bd94bb642c3726df41.256p.jpg,Radeon RX 9070 XT,16 GB,2460 MHz,3060 MHz,Black / Red,340 mm,4.5
Zotac Twin Edge OC,545.47,https://cdna.pcpartpicker.com/static/forever/images/product/cd249f96382c3c81f82b829154af3c8e.256p.jpg,GeForce RTX 5060 Ti,16 GB,2410 MHz,2602 MHz,Black,220 mm,5
PowerColor Red Devil E/OC,559.99,https://cdna.pcpartpicker.com/static/forever/images/product/0f77be954b9e702917173639ca083e50.256p.jpg,Radeon RX 9070 GRE,12 GB,1420 MHz,2920 MHz,Black / Red,352 mm,0
PNY Slim OC,1178.99,https://cdna.pcpartpicker.com/static/forever/images/product/4b3db70011aa32469c9fd0efd9beb13e.256p.jpg,GeForce RTX 5080,16 GB,2295 MHz,2730 MHz,Black,300 mm,5
MSI VENTUS 3X PZ OC,982.79,https://cdna.pcpartpicker.com/static/forever/images/product/f77a6dc9711d131a00bb75f664713b62.256p.jpg,GeForce RTX 5070 Ti,16 GB,2300 MHz,2497 MHz,White / Gray,303 mm,5
XFX Quicksilver,649,https://cdna.pcpartpicker.com/static/forever/images/product/ebf432c454d8993028e4b9dfdbe3f319.256p.jpg,Radeon RX 9070 XT,16 GB,2400 MHz,2970 MHz,Black,350 mm,5
ONIX LUMI OC,342.85,https://cdna.pcpartpicker.com/static/forever/images/product/e622e8a57047be847c49da7486a6a9b9.256p.jpg,Arc B580,12 GB,2670 MHz,2740 MHz,White / Silver,260 mm,5
Asus DUAL OC V2,707.14,https://cdna.pcpartpicker.com/static/forever/images/product/8036ae79e5083fcd854c3d552bac6865.256p.jpg,GeForce RTX 4060,8 GB,1830 MHz,2535 MHz,Black,202 mm,4.5
MSI GeForce RTX 2060 VENTUS GP OC,,,GeForce RTX 2060,6 GB,1365 MHz,1710 MHz,Gray / Black,231 mm,4.5
EVGA XC3 ULTRA GAMING,640.94,https://cdna.pcpartpicker.com/static/forever/images/product/31f97a214359674c007e9255c39d5a33.256p.jpg,GeForce RTX 3070 Ti,8 GB,1575 MHz,1815 MHz,Black,285 mm,4.5
Zotac GAMING SOLID OC,599.99,https://cdna.pcpartpicker.com/static/forever/images/product/a983f0c45d2389cf5205289ce3d2cac4.256p.jpg,GeForce RTX 5070,12 GB,2160 MHz,2542 MHz,Black / Copper,304 mm,4.5
XFX RX-79TMBABF9,669,https://cdna.pcpartpicker.com/static/forever/images/product/a05245760a1b9fd2988847a60767d99e.256p.jpg,Radeon RX 7900 XT,20 GB,2000 MHz,2400 MHz,Black,276 mm,4.5
Gigabyte WINDFORCE MAX OC,274.99,https://cdna.pcpartpicker.com/static/forever/images/product/a44f4fd3839e569ebf9cc5a04cae3420.256p.jpg,GeForce RTX 5060,8 GB,2280 MHz,2512 MHz,Black,199 mm,4
MSI RTX 4070 Ti SUPER 16G VENTUS 3X BLACK OC,2187.06,,GeForce RTX 4070 Ti SUPER,16 GB,2340 MHz,2655 MHz,,322 mm,5
MSI SUPRIM SOC,3899.99,https://cdna.pcpartpicker.com/static/forever/images/product/2795d47cf28435579c736f8422232f4e.256p.jpg,GeForce RTX 5090,32 GB,2010 MHz,,Black / Silver,359 mm,4.5
EVGA KO ULTRA GAMING,362.95,https://cdna.pcpartpicker.com/static/forever/images/product/932e869ee03855291c9d97907dd1832d.256p.jpg,GeForce RTX 2060,6 GB,1365 MHz,1755 MHz,Black,202 mm,4.5
Zotac GAMING SOLO,197.47,https://cdna.pcpartpicker.com/static/forever/images/product/8c0a99a6aef332b9eec320bb207ed111.256p.jpg,GeForce RTX 3050 6GB,6 GB,1040 MHz,1470 MHz,Black,151 mm,0
Zotac GAMING SOLID CORE OC,1259.99,https://cdna.pcpartpicker.com/static/forever/images/product/b794ec23749baeba22de8c89b40db9d3.256p.jpg,GeForce RTX 5080,16 GB,2300 MHz,2640 MHz,Black / Copper,304 mm,4
Gigabyte WINDFORCE OC V2,199.99,https://cdna.pcpartpicker.com/static/forever/images/product/2fb4287bfef9ba93a23551754afc515b.256p.jpg,GeForce RTX 3050 6GB,6 GB,1040 MHz,1477 MHz,Black / Gray,191 mm,0
Asus TUF GAMING,1960.55,https://cdna.pcpartpicker.com/static/forever/images/product/19f70523f3601fff03508a7eee80b6e5.256p.jpg,GeForce RTX 5080,16 GB,2300 MHz,,Black / Silver,348 mm,5
Gigabyte GAMING,558.53,https://cdna.pcpartpicker.com/static/forever/images/product/ba9a14773a90d2abf6fafa461bd2a915.256p.jpg,Radeon RX 9060 XT,16 GB,2220 MHz,3230 MHz,Black,281 mm,0
MSI RX 6600 XT MECH 2X 8G OC,515.54,https://cdna.pcpartpicker.com/static/forever/images/product/de7225d83465d909752ae5f50e9d3d36.256p.jpg,Radeon RX 6600 XT,8 GB,1968 MHz,2602 MHz,Black / Silver,235 mm,4.5
MSI GeForce RTX 3080 VENTUS 3X 10G OC,,https://cdna.pcpartpicker.com/static/forever/images/product/3c166cd7b1f49475c3b8295799a11af5.256p.jpg,GeForce RTX 3080 10GB,10 GB,1440 MHz,,Black,305 mm,4.5
Asus ROG STRIX OC,739.9,https://cdna.pcpartpicker.com/static/forever/images/product/590ab107d70cad5bd7d3fab689276c29.256p.jpg,GeForce RTX 5070,12 GB,2160 MHz,2685 MHz,Black / Silver,332 mm,5
Palit GamingPro OC,1199.99,https://cdna.pcpartpicker.com/static/forever/images/product/f865eec9d1338ef5af054503614481d5.256p.jpg,GeForce RTX 5080,16 GB,2295 MHz,2700 MHz,Black,332 mm,4.5
Gigabyte EAGLE,,https://cdna.pcpartpicker.com/static/forever/images/product/232dd1c4ff3c7494fae18e5e99c878ce.256p.jpg,Radeon RX 6600,8 GB,1626 MHz,2491 MHz,Black / Silver,282 mm,4.5
ASRock Steel Legend OC,480.99,https://cdna.pcpartpicker.com/static/forever/images/product/1a235541a242ee9e62115ee9f4e43a7d.256p.jpg,Radeon RX 9060 XT,16 GB,2220 MHz,3320 MHz,White / Gray,298 mm,4.5
MSI GAMING X,349.67,https://cdna.pcpartpicker.com/static/forever/images/product/1f14312711fd98528c52385a0d9a7d5a.256p.jpg,GeForce GTX 1660 SUPER,6 GB,1530 MHz,1830 MHz,Black,247 mm,4.5
PNY VCG508016TFXPB1,1299.98,https://cdna.pcpartpicker.com/static/forever/images/product/0f3e8c7fec641072601f855e0e3f8cf2.256p.jpg,GeForce RTX 5080,16 GB,2300 MHz,2620 MHz,Black,329 mm,4
EVGA FTW3 ULTRA GAMING LE iCX3,,,GeForce RTX 3080 Ti,12 GB,1365 MHz,1800 MHz,Black,300 mm,4.5
Palit GamingPro,1189.98,https://cdna.pcpartpicker.com/static/forever/images/product/14a08a5062ab999771a13a1fb5aa43cf.256p.jpg,GeForce RTX 5080,16 GB,2295 MHz,2617 MHz,Black,332 mm,4
XFX Mercury OC Magnetic Air RGB,745,https://cdna.pcpartpicker.com/static/forever/images/product/a2aad28909e297f7c650a35f740bbd91.256p.jpg,Radeon RX 9070 XT,16 GB,1870 MHz,3100 MHz,Black,360 mm,5
ASRock Phantom Gaming OC,1031.58,https://cdna.pcpartpicker.com/static/forever/images/product/d3d588536b23037ec14a155a67de9e4a.256p.jpg,Radeon RX 7900 XTX,24 GB,2300 MHz,2615 MHz,Black,330 mm,4.5
Asus STRIX GAMING,1180.78,https://cdna.pcpartpicker.com/static/forever/images/product/d4e18c8d46a29358ef69fa1fa83d70c3.256p.jpg,GeForce GTX 1080 Ti,11 GB,1569 MHz,1708 MHz,Black,298 mm,4.5
Gigabyte WINDFORCE V2,1769.07,https://cdna.pcpartpicker.com/static/forever/images/product/c83c2f258bcfbcbff0f716502f355d3f.256p.jpg,GeForce RTX 4090,24 GB,2235 MHz,2520 MHz,Black,331 mm,3
ASRock Creator,,https://cdna.pcpartpicker.com/static/forever/images/product/fbc6f965cf17b35c86fd167fdd67abb0.256p.jpg,Radeon AI PRO R9700,32 GB,1660 MHz,2920 MHz,Black,271 mm,0
MSI RX 580 8G,,,Radeon RX 580,8 GB,1257 MHz,1340 MHz,Black / Red,243 mm,4.5
MSI INSPIRE 3X OC,1187.39,https://cdna.pcpartpicker.com/static/forever/images/product/e9a66303c20bcc7a04a59c86ef89229b.256p.jpg,GeForce RTX 5070 Ti,16 GB,2300 MHz,2497 MHz,Gold / Black,288 mm,5
Gigabyte GAMING OC Rev 2.0,,https://cdna.pcpartpicker.com/static/forever/images/product/23125b08d8d0986375005ffebc793f62.256p.jpg,GeForce RTX 3060 12GB,12 GB,1320 MHz,1837 MHz,Black / Gray,282 mm,4.5
XFX Speedster SWFT 309,,https://cdna.pcpartpicker.com/static/forever/images/product/2c6a56d45515fa29b68946b8ee7c50fa.256p.jpg,Radeon RX 6700,10 GB,2132 MHz,2425 MHz,Black,304 mm,4.5
XFX Speedster SWFT 210,629.79,https://cdna.pcpartpicker.com/static/forever/images/product/f2b065ca9a327abdf59052263ed6f1db.256p.jpg,Radeon RX 6600 XT,8 GB,2092 MHz,2589 MHz,Black,241 mm,4
PNY EPIC-X RGB OC,3599.99,https://cdna.pcpartpicker.com/static/forever/images/product/84dd3690cf8375192ccfea86b07e7e05.256p.jpg,GeForce RTX 5090,32 GB,2010 MHz,2625 MHz,Black,329 mm,4.5
PowerColor Reaper A,489.98,https://cdna.pcpartpicker.com/static/forever/images/product/d4f25fffce22fec93e097d7bd90f1fc8.256p.jpg,Radeon RX 9070 GRE,12 GB,1420 MHz,2790 MHz,Black,304 mm,0
Palit GamingPro-S,880.16,https://cdna.pcpartpicker.com/static/forever/images/product/e9788a25886c5427edbd84c75b8d360f.256p.jpg,GeForce RTX 5070 Ti,16 GB,2300 MHz,2452 MHz,Black,332 mm,5
Asus ROG Astral BTF OC,,https://cdna.pcpartpicker.com/static/forever/images/product/47d76ee5e657d7e8db4b0a58e8007c3f.256p.jpg,GeForce RTX 5090,32 GB,2010 MHz,2610 MHz,Black / Silver,358 mm,0
MSI GAMING TRIO OC WHITE,660.67,https://cdna.pcpartpicker.com/static/forever/images/product/79c9173b16ead8d74cd35005fcb21743.256p.jpg,GeForce RTX 5070,12 GB,2160 MHz,,White,338 mm,5
Intel 33P6PEB0BB,458.99,https://cdna.pcpartpicker.com/static/forever/images/product/1bc66a4550cf55d718ae2f62fdbf5122.256p.jpg,Arc Pro B50,16 GB,1700 MHz,2600 MHz,Black / Blue,167 mm,0
MSI FRIEREN EDITION OC,1046.04,https://cdna.pcpartpicker.com/static/forever/images/product/2249e46eb99925369b6dcf01cf5da9d7.256p.jpg,GeForce RTX 5070 Ti,16 GB,2300 MHz,2580 MHz,White / Blue,338 mm,5
XFX Speedster SWFT 319,872.82,https://cdna.pcpartpicker.com/static/forever/images/product/8ee45d80334635868e6d33bec929e078.256p.jpg,Radeon RX 6800 XT,16 GB,1825 MHz,2250 MHz,Black,340 mm,5
MSI VENTUS 2X,359.99,https://cdna.pcpartpicker.com/static/forever/images/product/613e595441ac67a75dbbfa0aa8b72214.256p.jpg,GeForce RTX 5060,8 GB,2280 MHz,2512 MHz,White,197 mm,5
XFX Speedster MERC 319 Black,789.09,https://cdna.pcpartpicker.com/static/forever/images/product/a9d4e2a1d542e1a646bdadd38a50fe40.256p.jpg,Radeon RX 6750 XT,12 GB,2150 MHz,2623 MHz,Silver / Black,323 mm,4.5
PNY VERTO OC,1791,https://cdna.pcpartpicker.com/static/forever/images/product/41b4e6d1be0faa7aebe206126f1ab4a8.256p.jpg,GeForce RTX 4080 SUPER,16 GB,2210 MHz,2565 MHz,Black,340 mm,4
PowerColor Hellhound Spectral,699.99,https://cdna.pcpartpicker.com/static/forever/images/product/096ee914d963e3b62cbf63a5aabb1c38.256p.jpg,Radeon RX 9070 XT,16 GB,2400 MHz,3010 MHz,White,327 mm,4
PNY VCNRTX6000ADA-PB,7644.99,https://cdna.pcpartpicker.com/static/forever/images/product/6ef5b8f1b94982c71019a0d9ac2795e2.256p.jpg,RTX 6000 Ada Generation,48 GB,915 MHz,2505 MHz,Black / Gold,267 mm,5
Acer Nitro OC,199.99,https://cdna.pcpartpicker.com/static/forever/images/product/5e36ba1af0197f9af55e21526ae0fac5.256p.jpg,Arc B570,10 GB,2500 MHz,2690 MHz,Black / Silver,288 mm,0
AMD 100-300000120,,,Radeon RX 7600,8 GB,1720 MHz,2655 MHz,Black,204 mm,0
Zotac GAMING Twin Edge OC,315.46,https://cdna.pcpartpicker.com/static/forever/images/product/16ce667a7e85376dcce4bacfc968e3cd.256p.jpg,GeForce RTX 5060,8 GB,2280 MHz,2527 MHz,Black,220 mm,0
XFX Speedster QICK 319 Core,,https://cdna.pcpartpicker.com/static/forever/images/product/165da78d04ac3356f2b48e70fd34d044.256p.jpg,Radeon RX 6750 XT,12 GB,2150 MHz,2600 MHz,Black,323 mm,4.5
MSI VENTUS 3X OC BLACK,1057.19,https://cdna.pcpartpicker.com/static/forever/images/product/f358cee8822de3bf68692b864fd665e2.256p.jpg,GeForce RTX 5070 Ti,16 GB,2300 MHz,2497 MHz,Black,303 mm,5
Gigabyte GV-R9070XTGAMING-16GD,639.99,https://cdna.pcpartpicker.com/static/forever/images/product/43e5d1d7ae4db77463b52fb22f0e6925.256p.jpg,Radeon RX 9070 XT,16 GB,2400 MHz,2970 MHz,Black,288 mm,0
Zotac GAMING,437.15,,GeForce GTX 1660 Ti,6 GB,1500 MHz,1770 MHz,Black,173 mm,5
MSI GeForce RTX 3070 VENTUS 3X OC,,https://cdna.pcpartpicker.com/static/forever/images/product/3beb0bf7ba158d78c55d6b7ad77680ed.256p.jpg,GeForce RTX 3070,8 GB,1500 MHz,1755 MHz,Black / Silver,305 mm,4.5
EVGA SC GAMING ACX 3.0,,https://cdna.pcpartpicker.com/static/forever/images/product/c934de56b5bb1039c3ff8790556eea75.256p.jpg,GeForce GTX 1080,8 GB,1708 MHz,1847 MHz,Black / Silver,267 mm,4.5
XFX Speedster MERC 319 CORE,729.79,https://cdna.pcpartpicker.com/static/forever/images/product/a9161fee84858462d1519634cb6a73d4.256p.jpg,Radeon RX 6800 XT,16 GB,1825 MHz,2250 MHz,Black / Silver,340 mm,4.5
MSI GeForce RTX 2070 SUPER VENTUS GP OC,,,GeForce RTX 2070 SUPER,8 GB,1605 MHz,1785 MHz,Silver / Black,258 mm,4
EVGA XC GAMING,458.93,,GeForce RTX 3060 12GB,12 GB,1320 MHz,1882 MHz,Black,202 mm,4.5
MSI VENTUS 3X E OC,,https://cdna.pcpartpicker.com/static/forever/images/product/8beceb7408ce30af2d187c3884e8a916.256p.jpg,GeForce RTX 4070 Ti,12 GB,2310 MHz,2655 MHz,Silver / Black,308 mm,0
Palit Dual,359.99,https://cdna.pcpartpicker.com/static/forever/images/product/8da896e52c0a554be86d1eafadd0ea86.256p.jpg,GeForce RTX 5060 Ti,8 GB,2407 MHz,2572 MHz,Black,262 mm,0
Sparkle TITAN OC,356.93,https://cdna.pcpartpicker.com/static/forever/images/product/7ce4d8ac0fe7a6ff0bb47f264dcceae3.256p.jpg,Arc B580,12 GB,2670 MHz,2740 MHz,Blue / White,317 mm,4.5
Gigabyte AORUS XTREME WATERFORCE,3999.95,https://cdna.pcpartpicker.com/static/forever/images/product/cd6c40012f6ad9665164a6c62121d333.256p.jpg,GeForce RTX 5090,32 GB,2010 MHz,2655 MHz,Black,246 mm,0
MSI Radeon RX 6600 MECH 2X 8G,568.03,,Radeon RX 6600,8 GB,1626 MHz,2491 MHz,Black / Silver,235 mm,4.5
Gigabyte EAGLE OC,309.99,https://cdna.pcpartpicker.com/static/forever/images/product/ec5368a6615c7ad774cde24712843e44.256p.jpg,GeForce RTX 5060,8 GB,2280 MHz,,Black,208 mm,0
MSI GAMING X TRIO,1592.55,https://cdna.pcpartpicker.com/static/forever/images/product/af953fe4ca9531c2170d536899a128d9.256p.jpg,GeForce RTX 4070 Ti,12 GB,2310 MHz,2760 MHz,Black,337 mm,4.5
Yeston Sakura,,https://cdna.pcpartpicker.com/static/forever/images/product/ee172b10ffe4860c4e3d84390b0b9dcf.256p.jpg,Radeon RX 9060 XT,16 GB,2220 MHz,3320 MHz,White / Blue,342 mm,5
Gigabyte OC,340.27,https://cdna.pcpartpicker.com/static/forever/images/product/fd3f1fab20d375d6dcb36184a28b0092.256p.jpg,GeForce GTX 1660 Ti,6 GB,1500 MHz,1800 MHz,Black / Gray,226 mm,4.5
EVGA BLACK GAMING,,https://cdna.pcpartpicker.com/static/forever/images/product/c008d93d3c15b5a9b567f0f360be61b4.256p.jpg,GeForce RTX 2080 SUPER,8 GB,1650 MHz,1815 MHz,Black,270 mm,4.5
Asus TUF GAMING OC V2,680.55,https://cdna.pcpartpicker.com/static/forever/images/product/f6d658e76ebc159bc9286cf947bb9c5b.256p.jpg,GeForce RTX 3070 LHR,8 GB,1500 MHz,1845 MHz,Black,300 mm,4.5
NVIDIA 9001G4112520001,,,GeForce GTX 1070,8 GB,1506 MHz,1683 MHz,Black / Silver,267 mm,4.5
AMD 100-300000082,,,Radeon RX 7800 XT,16 GB,1295 MHz,2430 MHz,Black,267 mm,5
Gigabyte AI TOP,1399.99,,Radeon AI PRO R9700,32 GB,1660 MHz,2920 MHz,Black,267 mm,0
AMD 100-438385,,,Radeon RX 6700 XT,12 GB,2321 MHz,2581 MHz,Black / Silver,267 mm,4.5
MSI RTX 3060 Ventus 3X 12G OC,714.07,https://cdna.pcpartpicker.com/static/forever/images/product/24f2250843caa631f82d234bc781e9d0.256p.jpg,GeForce RTX 3060 12GB,12 GB,1320 MHz,1807 MHz,Black,316 mm,4.5
Zotac Solid OC,1259.99,https://cdna.pcpartpicker.com/static/forever/images/product/9115f5723a3732c44b089f1460bcad4e.256p.jpg,GeForce RTX 5080,16 GB,2300 MHz,2640 MHz,White / Gold,330 mm,4.5
PNY VCG50508DFXPB1,277.89,https://cdna.pcpartpicker.com/static/forever/images/product/d91eef9342b0507728f7f7774239d4d9.256p.jpg,GeForce RTX 5050,8 GB,2317 MHz,2572 MHz,Black,200 mm,0
Zotac GAMING Twin Fan,300.14,https://cdna.pcpartpicker.com/static/forever/images/product/ba41dae3e3847ddb78314bc9bc9c39fc.256p.jpg,GeForce GTX 1660,6 GB,1530 MHz,1785 MHz,Black,216 mm,4
Zotac Solid Core OC,875.99,https://cdna.pcpartpicker.com/static/forever/images/product/c5f602a14f96f5f8f0bdb09fd3381310.256p.jpg,GeForce RTX 5070 Ti,16 GB,2300 MHz,2482 MHz,White / Gold,304 mm,5
AMD RADEON PRO WX 5100,220.9,https://cdna.pcpartpicker.com/static/forever/images/product/353ee1ecce1f134a20aa5f735d86042e.256p.jpg,Radeon Pro WX 5100,8 GB,926 MHz,1206 MHz,Blue,173 mm,0
ASRock B60 CT 24G,625.19,https://cdna.pcpartpicker.com/static/forever/images/product/742959bb1ccf2659128eae831fd313b9.256p.jpg,Arc Pro B60,24 GB,2000 MHz,2400 MHz,Black,271 mm,0
Asus Turbo,1238.4,https://cdna.pcpartpicker.com/static/forever/images/product/bad81a817b04a237ac0c5db814537b5e.256p.jpg,Radeon AI PRO R9700,32 GB,1660 MHz,2940 MHz,Black,267 mm,0
PNY Founders Edition,,,GeForce GTX 1080 Ti,11 GB,1480 MHz,1582 MHz,Black / Silver,267 mm,5
MSI RTX 4090 GAMING SLIM 24G,,https://cdna.pcpartpicker.com/static/forever/images/product/5e1f03c9160700c369fac26b7f65529f.256p.jpg,GeForce RTX 4090,24 GB,2235 MHz,2535 MHz,Black,322 mm,5
Asus LP BRK OC,348.77,https://cdna.pcpartpicker.com/static/forever/images/product/9bc95c775c7be29d47fb90054e990b71.256p.jpg,GeForce RTX 4060,8 GB,1830 MHz,2520 MHz,Black,188 mm,0
MSI RTX 3070 GAMING X TRIO,,https://cdna.pcpartpicker.com/static/forever/images/product/9921c03232084272f256dcd036802c4e.256p.jpg,GeForce RTX 3070,8 GB,1500 MHz,1830 MHz,Black / Silver,323 mm,4.5
XFX Speedster QICK 319 BLACK,641.23,https://cdna.pcpartpicker.com/static/forever/images/product/d36c7f37465a6748a5c652e18ec14c20.256p.jpg,Radeon RX 6700 XT,12 GB,2457 MHz,2622 MHz,Black,323 mm,4.5
Sparkle ROC Luna OC,,https://cdna.pcpartpicker.com/static/forever/images/product/3692e3464437d4e4dbce0ae21a82c78f.256p.jpg,Arc A750,8 GB,2050 MHz,2200 MHz,White,281 mm,4.5
Zotac GAMING SOLID CORE,1199.99,https://cdna.pcpartpicker.com/static/forever/images/product/fbab73315e55845694c5a4d192d01ef8.256p.jpg,GeForce RTX 5080,16 GB,2300 MHz,2617 MHz,Black / Copper,304 mm,4
Asus Dual V3,,https://cdna.pcpartpicker.com/static/forever/images/product/22160feb110c583613e403b0226ce66c.256p.jpg,Radeon RX 6600,8 GB,1626 MHz,2491 MHz,Black,219 mm,4.5
Zotac GAMING Twin Edge,595.47,https://cdna.pcpartpicker.com/static/forever/images/product/12bbb78265364a6b5db1b72c3744644c.256p.jpg,GeForce RTX 5070,12 GB,2160 MHz,2512 MHz,Black / Silver,242 mm,5
Asus Phoenix OC,367.81,https://cdna.pcpartpicker.com/static/forever/images/product/f4f5bdae792beaeebd757c0e00c1e02e.256p.jpg,GeForce GTX 1660 SUPER,6 GB,1530 MHz,1830 MHz,Black / White,174 mm,4.5
PNY VCG507012TFXPB1,578.99,https://cdna.pcpartpicker.com/static/forever/images/product/9fbb1d0c0fa3eb6c4517d2f7947cc055.256p.jpg,GeForce RTX 5070,12 GB,2325 MHz,2512 MHz,Black,300 mm,0
XFX Speedster MERC 310,658,https://cdna.pcpartpicker.com/static/forever/images/product/9fa3f47342c691292f00856cb289c08d.256p.jpg,Radeon RX 7900 XT,20 GB,2000 MHz,2535 MHz,Black / Silver,344 mm,4.5
Asus ROG Astral OC HATSUNE MIKU EDITION,7000,https://cdna.pcpartpicker.com/static/forever/images/product/47544b5d26d244d914d4de4120b3bbc5.256p.jpg,GeForce RTX 5080,16 GB,2300 MHz,2790 MHz,Turquoise / Pink,358 mm,4
XFX Mercury OC,465.46,https://cdna.pcpartpicker.com/static/forever/images/product/c7504529068a366829f53873e4475a19.256p.jpg,Radeon RX 9060 XT,16 GB,2220 MHz,3320 MHz,Black / Silver,320 mm,4.5
Zotac GAMING AMP Extreme INFINITY,3799.99,https://cdna.pcpartpicker.com/static/forever/images/product/3a2ca3815a6806302385d18b7015bb66.256p.jpg,GeForce RTX 5090,32 GB,2010 MHz,2467 MHz,Black,332 mm,0
EVGA Founders Edition,1153,,GeForce GTX 1080 Ti,11 GB,1480 MHz,1582 MHz,Black / Silver,267 mm,5
Zotac Twin Edge,580.99,https://cdna.pcpartpicker.com/static/forever/images/product/cd793df8e47251213ff8e1daeaa72921.256p.jpg,GeForce RTX 5060 Ti,16 GB,2410 MHz,2572 MHz,Black,220 mm,5
PowerColor Red Devil,264.79,https://cdna.pcpartpicker.com/static/forever/images/product/974e6463233d79f449bc6a8d1723859b.256p.jpg,Radeon RX 580,8 GB,1257 MHz,1380 MHz,Black / Red,255 mm,4.5
Asus PRIME EVO OC,1384.99,https://cdna.pcpartpicker.com/static/forever/images/product/ca2dabaa6910996e7e476a731a8ae949.256p.jpg,GeForce RTX 5080,16 GB,2300 MHz,2685 MHz,Black,304 mm,0
ASRock Steel Legend Dark,541.19,https://cdna.pcpartpicker.com/static/forever/images/product/6f879947f3364dd5bbdb92d6051b67c4.256p.jpg,Radeon RX 9070 GRE,12 GB,1420 MHz,2920 MHz,Black,298 mm,0
Asus ROG STRIX TOP,,https://cdna.pcpartpicker.com/static/forever/images/product/df222de96a42c41cafb6c9a9d54cba45.256p.jpg,Radeon RX 580,8 GB,1257 MHz,1431 MHz,Black,298 mm,5
Inno3D X3,949.99,https://cdna.pcpartpicker.com/static/forever/images/product/47a2077070fc8aa77c9b99310600c390.256p.jpg,GeForce RTX 5070 Ti,16 GB,2295 MHz,2452 MHz,Black / Silver,300 mm,0
Gigabyte WINDFORCE SFF,2643.99,https://cdna.pcpartpicker.com/static/forever/images/product/944be04796799b52e6d0e14a4f5bd9b0.256p.jpg,GeForce RTX 5080,16 GB,2300 MHz,,Black,304 mm,0
Sparkle GUARDIAN OC,259.99,https://cdna.pcpartpicker.com/static/forever/images/product/202a483fa844f57205559d09fde92b21.256p.jpg,Arc B570,10 GB,2500 MHz,2660 MHz,Blue / White,242 mm,4.5
Zotac GAMING APOCALYPSE OC,,https://cdna.pcpartpicker.com/static/forever/images/product/dfbe8ee3cbe562fd07737749a97239b7.256p.jpg,GeForce RTX 5080,16 GB,2300 MHz,2730 MHz,White / Gold,361 mm,0
ASRock Challenger SE OC,240.72,https://cdna.pcpartpicker.com/static/forever/images/product/1fc2b6f95ffded1bc1c680a5b70b27b1.256p.jpg,Arc A750,8 GB,2200 MHz,,Black,267 mm,5
Yeston Sakura Atlantis,,https://cdna.pcpartpicker.com/static/forever/images/product/bbe5b2964475b60709fd5f0fefd4cd41.256p.jpg,Radeon RX 9070 XT,16 GB,2400 MHz,3060 MHz,Blue / Pink,332 mm,5
MSI GeForce RTX 3060 Gaming X12G,,https://cdna.pcpartpicker.com/static/forever/images/product/82c275a9517eededa768170a16ad07c7.256p.jpg,GeForce RTX 3060 12GB,12 GB,1320 MHz,1837 MHz,Black / Silver,276 mm,4.5
EVGA SC2,,https://cdna.pcpartpicker.com/static/forever/images/product/f7bec8efd5e3f0ec45c531c62ffc1232.256p.jpg,GeForce GTX 1080 Ti,11 GB,1556 MHz,1670 MHz,Silver,267 mm,4.5
Asus STRIX GAMING OC,1340.41,https://cdna.pcpartpicker.com/static/forever/images/product/0174f5005fe9f34decdf2d379bfe7221.256p.jpg,GeForce RTX 2080 Ti,11 GB,1350 MHz,1665 MHz,Black,305 mm,4.5
Zotac GAMING Low Profile,299.99,https://cdna.pcpartpicker.com/static/forever/images/product/5d37983cb88bfd980265c5a1fc17d6aa.256p.jpg,GeForce RTX 5060,8 GB,2280 MHz,2497 MHz,Black / Gold,182 mm,0
ASRock Challenger D OC,389.69,https://cdna.pcpartpicker.com/static/forever/images/product/908f9f84adfd5c34c086406f04e754ef.256p.jpg,Radeon RX 6650 XT,8 GB,2055 MHz,2669 MHz,Black / Black,269 mm,4
MSI GeForce RTX 2070 GAMING 8G,,https://cdna.pcpartpicker.com/static/forever/images/product/a988495d7c1a7b498a81c990d235d1ba.256p.jpg,GeForce RTX 2070,8 GB,1410 MHz,1620 MHz,Black,307 mm,4
PNY VCG50508SFXPB1,249.99,https://cdna.pcpartpicker.com/static/forever/images/product/844bc019910c2fe328d2579ca0140b0f.256p.jpg,GeForce RTX 5050,8 GB,2317 MHz,2572 MHz,Black,147 mm,0
MSI VENTUS 3X,,https://cdna.pcpartpicker.com/static/forever/images/product/997666654c6b455a83af3619f1a2ff72.256p.jpg,GeForce RTX 5070 Ti,16 GB,2300 MHz,2467 MHz,Gray / Black,303 mm,5
EVGA SC GAMING,395.76,https://cdna.pcpartpicker.com/static/forever/images/product/dc8f6e154e054c59c00ed4e2e9ad77d7.256p.jpg,GeForce RTX 2060,6 GB,1365 MHz,1710 MHz,Black,190 mm,4.5
MSI ARMOR OC,,https://cdna.pcpartpicker.com/static/forever/images/product/d53db7190559b6287a4ff549f3bf5904.256p.jpg,Radeon RX 580,8 GB,1257 MHz,1366 MHz,Black / White,269 mm,4.5
Zotac GAMING AMP Extreme AIRO,2224.61,https://cdna.pcpartpicker.com/static/forever/images/product/e52bdda482446181594e512044b8b2c0.256p.jpg,GeForce RTX 4090,24 GB,2235 MHz,2580 MHz,Black / Silver,356 mm,4.5
NVIDIA 900-5G153-2570-000,8779.48,https://cdna.pcpartpicker.com/static/forever/images/product/9472ddfffdafaea4058991821872014f.256p.jpg,RTX PRO 5000 Blackwell,72 GB,1740 MHz,,Black / Gold,267 mm,0
AMD 50th Anniversary,,,Radeon RX 5700 XT,8 GB,1680 MHz,1980 MHz,Gold / Black,272 mm,0
EVGA SC GAMING ACX 3.0 Black Edition,,https://cdna.pcpartpicker.com/static/forever/images/product/ef6b9749cb49e7393c49c420302ac3cb.256p.jpg,GeForce GTX 1070,8 GB,1594 MHz,1784 MHz,Black / Silver,267 mm,4.5
Palit Infinity 3 OC,518.99,https://cdna.pcpartpicker.com/static/forever/images/product/6851471f6e36d2a9aeec652c87ea1532.256p.jpg,GeForce RTX 5060 Ti,16 GB,2407 MHz,2662 MHz,Black,292 mm,5
PNY RTX A-Series,899.5,https://cdna.pcpartpicker.com/static/forever/images/product/f8528eb1fbafd13cf245315342eda5af.256p.jpg,RTX A2000 12GB,12 GB,562 MHz,1200 MHz,Black,167 mm,5
Sparkle ELF,149.99,https://cdna.pcpartpicker.com/static/forever/images/product/4c7f1131b3573c773a28f0ecb961618f.256p.jpg,Arc A380,6 GB,2000 MHz,2000 MHz,Blue / Black,153 mm,0
MSI VENTUS 2X E OC,179.99,https://cdna.pcpartpicker.com/static/forever/images/product/6212e800df9b92842508886ec633bacf.256p.jpg,GeForce RTX 3050 6GB,6 GB,1040 MHz,1492 MHz,Black,189 mm,0
MSI Radeon RX 5500 XT MECH 8G OC,,https://cdna.pcpartpicker.com/static/forever/images/product/5e66a4623796b6e31b4a56706752b980.256p.jpg,Radeon RX 5500 XT,8 GB,1647 MHz,1845 MHz,Black,215 mm,4.5
Gainward Phoenix-S,929.99,https://cdna.pcpartpicker.com/static/forever/images/product/c84f6ce5662c259064ade121cab7a577.256p.jpg,GeForce RTX 5070 Ti,16 GB,2300 MHz,2452 MHz,Black,332 mm,0
XFX Speedster MERC 319,904.51,https://cdna.pcpartpicker.com/static/forever/images/product/9e7b0c5484a79ba1df4800df191b437d.256p.jpg,Radeon RX 6950 XT,16 GB,2009 MHz,2368 MHz,Black,340 mm,4.5
Palit OC,599.99,https://cdna.pcpartpicker.com/static/forever/images/product/2586a5d3c53661694b8293a41fc54f4f.256p.jpg,GeForce RTX 5070,12 GB,2160 MHz,2527 MHz,White,292 mm,0
MSI VENTUS GP,,https://cdna.pcpartpicker.com/static/forever/images/product/05bb39f94e05de9edef34c32f8e2d42a.256p.jpg,GeForce RTX 2070,8 GB,1410 MHz,1620 MHz,Silver / Black,232 mm,5
MSI Radeon RX 5600 XT GAMING MX,643.74,https://cdna.pcpartpicker.com/static/forever/images/product/43c82c4eced4b715ab4826414507a7e0.256p.jpg,Radeon RX 5600 XT,6 GB,1280 MHz,1620 MHz,Black / Silver,297 mm,4.5
XFX RX-570P8DFD6,,https://cdna.pcpartpicker.com/static/forever/images/product/b51ec6cfc6da74e1e6be3d63cd3bfc91.256p.jpg,Radeon RX 570,8 GB,1168 MHz,1286 MHz,Black / Red,243 mm,4.5
XFX RX-79GMERCB9,568.02,https://cdna.pcpartpicker.com/static/forever/images/product/4ea392c27555f383750be1a63afec414.256p.jpg,Radeon RX 7900 GRE,16 GB,1270 MHz,2395 MHz,Black,335 mm,5
Sparkle ROC OC,515.09,,Arc A770,16 GB,2100 MHz,2300 MHz,Black,281 mm,4
Gigabyte WINDFORCE OC 3X,,,GeForce RTX 2070 SUPER,8 GB,1605 MHz,1785 MHz,Black,280 mm,4.5
PowerColor Hellhound,611.82,https://cdna.pcpartpicker.com/static/forever/images/product/1be3e7d09885de7f1eb2182fedb6e941.256p.jpg,Radeon RX 6700 XT,12 GB,2321 MHz,2581 MHz,Black,305 mm,5
XFX Quicksilver Magnetic Air,667,https://cdna.pcpartpicker.com/static/forever/images/product/a9dfc21ca61eb0d384e0942d7813aa18.256p.jpg,Radeon RX 9070 XT,16 GB,2400 MHz,2970 MHz,White,350 mm,5
Sparkle GUARDIAN,329.99,https://cdna.pcpartpicker.com/static/forever/images/product/c68ade6ae075e0d02083e052c8f1b306.256p.jpg,Arc B580,12 GB,2670 MHz,2670 MHz,Blue,242 mm,0
PowerColor Red Dragon OC,999.99,https://cdna.pcpartpicker.com/static/forever/images/product/4fb6a9ff7a0a8bc989b227ee35e426fe.256p.jpg,Radeon RX 6800 XT,16 GB,1825 MHz,2310 MHz,Black,310 mm,4.5
Asus TUF Gaming BTF OC,1099.99,https://cdna.pcpartpicker.com/static/forever/images/product/cf2ecd7d7762e57e14467f05b5653e81.256p.jpg,GeForce RTX 5070 Ti,16 GB,2300 MHz,2610 MHz,White / Silver,329 mm,0
Palit GameRock OC,2233.76,https://cdna.pcpartpicker.com/static/forever/images/product/b39faa18a84a20bba9be322daf1e968d.256p.jpg,GeForce RTX 5090,32 GB,2010 MHz,,Black,332 mm,5
Zotac GAMING SOLID,620,https://cdna.pcpartpicker.com/static/forever/images/product/84df138058591c7d510e26a349ded378.256p.jpg,GeForce RTX 5070,12 GB,2160 MHz,2512 MHz,Black / Copper,304 mm,5
XFX GTS,452.19,https://cdna.pcpartpicker.com/static/forever/images/product/9227a948fbada383965eac62f7cb8622.256p.jpg,Radeon RX 580,8 GB,1257 MHz,1405 MHz,Black / Red,270 mm,4.5
MSI GeForce RTX 3080 GAMING X TRIO 10G,,https://cdna.pcpartpicker.com/static/forever/images/product/ab684e6fe63729f937ff112dac6be257.256p.jpg,GeForce RTX 3080 10GB,10 GB,1440 MHz,,Black,323 mm,4.5
PNY VCNRTXPRO4000-PB,2031.98,https://cdna.pcpartpicker.com/static/forever/images/product/5eee9e05f3ff0ffba54319f6269de769.256p.jpg,RTX PRO 4000 Blackwell,24 GB,1230 MHz,,Black,241 mm,0
MSI MECH OC,,https://cdna.pcpartpicker.com/static/forever/images/product/f35fedb0450427dec520c5efb19d9c46.256p.jpg,Radeon RX 5700,8 GB,1515 MHz,1750 MHz,Black,232 mm,3.5
PNY XLR8 Gaming VERTO EPIC-X RGB OC,1438.35,https://cdna.pcpartpicker.com/static/forever/images/product/d33d238c36b843edaf40a01fc0970f74.256p.jpg,GeForce RTX 4080 SUPER,16 GB,2210 MHz,2595 MHz,Black,332 mm,4.5
Acer Predator BiFrost OC,549.99,https://cdna.pcpartpicker.com/static/forever/images/product/6d188311184678fd6a83f73e3e8b9fc0.256p.jpg,Radeon RX 9070,16 GB,2070 MHz,2700 MHz,Black / Silver,297 mm,0
XFX Mercury OC Magnetic Air RGB V2,,https://cdna.pcpartpicker.com/static/forever/images/product/30a3bcdde92b4e969df718e438d87f6b.256p.jpg,Radeon RX 9070 XT,16 GB,1870 MHz,3100 MHz,Black,360 mm,0
Gainward Ghost,349.99,https://cdna.pcpartpicker.com/static/forever/images/product/94270df513a34e6ce361c2461ea03428.256p.jpg,GeForce RTX 5060 Ti,8 GB,2410 MHz,2572 MHz,Black,262 mm,0
MSI GAMING TRIO OC PLUS,966.99,https://cdna.pcpartpicker.com/static/forever/images/product/4a51d82013e4b8e517afa4e591eb0c5b.256p.jpg,GeForce RTX 5070 Ti,16 GB,2300 MHz,2580 MHz,Black,338 mm,4.5
AMD 100-300000053,,,Radeon RX 7900 XTX,24 GB,2300 MHz,2500 MHz,Black,287 mm,4.5
Asus ROG Matrix Platinum 30th Anniversary Edition,,https://cdna.pcpartpicker.com/static/forever/images/product/63e5066acaa312fc8fe2ea55f026f470.256p.jpg,GeForce RTX 5090,32 GB,2010 MHz,2730 MHz,Black / Red,358 mm,5
Asus Phoenix GeForce RTX 3060 V2,1100.64,https://cdna.pcpartpicker.com/static/forever/images/product/b479b4e0786fdadf541cfad257726361.256p.jpg,GeForce RTX 3060 12GB,12 GB,1320 MHz,1807 MHz,Black,177 mm,5
PNY Triple Fan Plus OC,929.99,https://cdna.pcpartpicker.com/static/forever/images/product/5001991bcc81efc452a191242b8898aa.256p.jpg,GeForce RTX 5070 Ti,16 GB,2295 MHz,2572 MHz,Black,328 mm,5
Gainward Python III,539.99,https://cdna.pcpartpicker.com/static/forever/images/product/25c3143848d8c7368ff88ede6836ef21.256p.jpg,GeForce RTX 5060 Ti,16 GB,2410 MHz,2572 MHz,Black,292 mm,5
MSI GeForce RTX 3090 VENTUS 3X 24G OC,2314.53,https://cdna.pcpartpicker.com/static/forever/images/product/d7a861df21621aa83e6e1666be524948.256p.jpg,GeForce RTX 3090,24 GB,1395 MHz,,Black,305 mm,4.5
MSI SUPRIM X,,https://cdna.pcpartpicker.com/static/forever/images/product/6fa33728c427e570c91d799eee263f6a.256p.jpg,GeForce RTX 4090,24 GB,2235 MHz,,Black / Silver,336 mm,4.5
ASRock Radeon RX6700XT CLD 12G,,https://cdna.pcpartpicker.com/static/forever/images/product/2270978db545fc416882d48b1c08a55a.256p.jpg,Radeon RX 6700 XT,12 GB,2321 MHz,2581 MHz,Black,269 mm,4.5
MSI Radeon RX 570 ARMOR 8G,,https://cdna.pcpartpicker.com/static/forever/images/product/2d54e7d412d1a6f65b9fca6e4be4ad4c.256p.jpg,Radeon RX 570,8 GB,1168 MHz,1244 MHz,Black / White,246 mm,5
NVIDIA TITAN RTX,1603.36,https://cdna.pcpartpicker.com/static/forever/images/product/6d58d54b4a90b3828418af946452d662.256p.jpg,TITAN RTX,24 GB,1350 MHz,1770 MHz,Gold / Black,267 mm,5
MSI GAMING X SLIM,1250.98,https://cdna.pcpartpicker.com/static/forever/images/product/1791484dde9dbb2bda8afb2d2a9f4353.256p.jpg,GeForce RTX 4070,12 GB,1920 MHz,2625 MHz,Black / Gray,307 mm,5
MSI VENTUS 2X PLUS,,https://cdna.pcpartpicker.com/static/forever/images/product/97147ddfac058b17aa30f489106fc3c5.256p.jpg,GeForce RTX 5060 Ti,16 GB,2410 MHz,2587 MHz,Black / Gray,227 mm,0
PNY VERTO,1018.62,https://cdna.pcpartpicker.com/static/forever/images/product/5cb1c54b7fbfd0d7b2cd764350ccf44e.256p.jpg,GeForce RTX 4070 Ti,12 GB,2310 MHz,2610 MHz,Black,305 mm,4
PNY VCNRTX2000ADA-PB,695.03,https://cdna.pcpartpicker.com/static/forever/images/product/d81d96db8395ba262e6746b234a03d75.256p.jpg,RTX 2000 Ada Generation,16 GB,1620 MHz,2130 MHz,,168 mm,4
ONIX ODYSSEY,,https://cdna.pcpartpicker.com/static/forever/images/product/dee8a838dd6477c96e5edf77aad64126.256p.jpg,Arc B580,12 GB,2670 MHz,,Black / Silver,260 mm,5
Zotac GAMING AMP,605.47,https://cdna.pcpartpicker.com/static/forever/images/product/654b19c076996cd571bff37de0265e58.256p.jpg,GeForce RTX 5070,12 GB,2160 MHz,2587 MHz,White / Copper,304 mm,5
Zotac GAMING Trinity OC,682.58,https://cdna.pcpartpicker.com/static/forever/images/product/1cbff7478772da9c492ffc6ceb9277b4.256p.jpg,GeForce RTX 3070 Ti,8 GB,1575 MHz,1800 MHz,Black,318 mm,5
Zotac GAMING AMP Holo,,https://cdna.pcpartpicker.com/static/forever/images/product/eaee671106909b2664a8996c53b4c130.256p.jpg,GeForce RTX 3080 10GB,10 GB,1440 MHz,1770 MHz,Black,318 mm,3.5
XFX Speedster QICK 308 Black,248.83,https://cdna.pcpartpicker.com/static/forever/images/product/056d402900af6c0652849e3463ed844c.256p.jpg,Radeon RX 7600,8 GB,1875 MHz,2755 MHz,Black,272 mm,5
Gigabyte EAGLE MAX OC,399.95,https://cdna.pcpartpicker.com/static/forever/images/product/53ee804afd38bce53da035a9b51a1078.256p.jpg,GeForce RTX 5060 Ti,8 GB,2410 MHz,2617 MHz,Black,281 mm,0
PNY VCQRTX8000-PB,5000,https://cdna.pcpartpicker.com/static/forever/images/product/89f80e5d6737ae27ffeee29c98c0924e.256p.jpg,Quadro RTX 8000,48 GB,1395 MHz,1770 MHz,Black / White,267 mm,0
ASRock Monster Hunter Wilds Edition,701.37,https://cdna.pcpartpicker.com/static/forever/images/product/275c20aa30f44f6edd3f01649d6db7da.256p.jpg,Radeon RX 9070 XT,16 GB,2400 MHz,2970 MHz,Blue,298 mm,0
Inno3D Compact,,https://cdna.pcpartpicker.com/static/forever/images/product/e0a7a2f0b196f1f4e702ca12a3b88f86.256p.jpg,GeForce RTX 5050,8 GB,2317 MHz,2572 MHz,Black,148 mm,0
Asus ROG STRIX GAMING OC V2,875.76,https://cdna.pcpartpicker.com/static/forever/images/product/2a68f4c0042a271492dbc6f4a23b3b89.256p.jpg,GeForce RTX 3060 Ti LHR,8 GB,1410 MHz,1890 MHz,Black / Silver,318 mm,4.5
MSI DUKE OC,572.57,https://cdna.pcpartpicker.com/static/forever/images/product/a5bbba0ac9476808cad39d707fe78063.256p.jpg,GeForce GTX 1080 Ti,11 GB,1531 MHz,1645 MHz,Black,320 mm,4.5
MSI DUKE,,https://cdna.pcpartpicker.com/static/forever/images/product/b41ebaa44aa8e9707060d1b70f8ff521.256p.jpg,GeForce GTX 1070 Ti,8 GB,1607 MHz,1683 MHz,Black,312 mm,4.5
PowerColor Hellhound Reva OC,719.99,,Radeon RX 9070 XT,16 GB,2400 MHz,3010 MHz,White / Black,332 mm,5
PNY VCQRTX4000-PB,388,https://cdna.pcpartpicker.com/static/forever/images/product/e385ac86c31ecf7d4ef4b22758b1aaec.256p.jpg,Quadro RTX 4000,8 GB,1005 MHz,1545 MHz,Silver / Black,267 mm,4.5
Asus ROG STRIX,723.21,https://cdna.pcpartpicker.com/static/forever/images/product/1dcf507e4a29319e8febde0dd8c179e6.256p.jpg,GeForce GTX 1080,8 GB,1670 MHz,1835 MHz,Black,298 mm,4.5
NVIDIA 900-5G153-2250-000,5595.99,https://cdna.pcpartpicker.com/static/forever/images/product/39f3d6f4dd4c7851ea24df24b39426be.256p.jpg,RTX PRO 5000 Blackwell,48 GB,1740 MHz,,Black / Gold,267 mm,0
EVGA FTW+ GAMING,,,GeForce GTX 1060 6GB,6 GB,1632 MHz,1860 MHz,Black,267 mm,4.5
MSI INSPIRE 3X OC PLUS,859.49,https://cdna.pcpartpicker.com/static/forever/images/product/cc68a0212e178987e72b389b90018575.256p.jpg,GeForce RTX 5070 Ti,16 GB,2300 MHz,2497 MHz,Gold / Black,288 mm,4
AMD 100-300000074,2968.99,https://cdna.pcpartpicker.com/static/forever/images/product/0b7233d43238b6daeb04091a01ff1cb5.256p.jpg,Radeon PRO W7900,48 GB,1855 MHz,2495 MHz,Black,280 mm,0
Gainward Python III OC,559.99,https://cdna.pcpartpicker.com/static/forever/images/product/d9329cb03a76dbdf461391d14f88b16f.256p.jpg,GeForce RTX 5070,12 GB,2160 MHz,2542 MHz,Black,292 mm,0
Gigabyte WINDFORCE,305.47,https://cdna.pcpartpicker.com/static/forever/images/product/a2c02bd95cc1e66e7970de45a2129fdd.256p.jpg,GeForce RTX 5060,8 GB,2280 MHz,,Black,199 mm,0
PowerColor Hellhound Sakura OC,,,Radeon RX 7800 XT,16 GB,1295 MHz,2520 MHz,White / Pink,322 mm,5
Yeston LP,,https://cdna.pcpartpicker.com/static/forever/images/product/de6885490a043e7fd5c37253e0f2ec66.256p.jpg,GeForce RTX 3050 6GB,6 GB,1040 MHz,1470 MHz,Pink,160 mm,0
Sparkle TITAN Luna OC,,https://cdna.pcpartpicker.com/static/forever/images/product/cb0fc2c4755e2542fb860281b01aafde.256p.jpg,Arc B580,12 GB,2670 MHz,2740 MHz,White,315 mm,0
MSI SUPRIM LIQUID X,5597.74,https://cdna.pcpartpicker.com/static/forever/images/product/b53c2e7da8ed33a450a7b15ea5bd3ccd.256p.jpg,GeForce RTX 4090,24 GB,2235 MHz,,Black / Silver,280 mm,4.5
Gigabyte Vision OC,803.76,https://cdna.pcpartpicker.com/static/forever/images/product/3c9d9e0d97fc72f521dc29716a7e40ba.256p.jpg,GeForce RTX 3070 Ti,8 GB,1575 MHz,1830 MHz,White / Silver,320 mm,4.5
XFX THICC III Ultra,,,Radeon RX 5700 XT,8 GB,1810 MHz,2025 MHz,Black / White,315 mm,4.5
MSI GAMING Z TRIO,1009.68,https://cdna.pcpartpicker.com/static/forever/images/product/56b51ca9509deaa5507ac8e7aed64abb.256p.jpg,GeForce RTX 3070 LHR,8 GB,1500 MHz,1845 MHz,Black / Silver,323 mm,5
Gainward Phoenix,1199.99,https://cdna.pcpartpicker.com/static/forever/images/product/8df44f343491386e71729fec0b93b900.256p.jpg,GeForce RTX 5080,16 GB,2300 MHz,2617 MHz,Black / Silver,332 mm,5
AMD 100-438412,,,Radeon RX 6750 XT,12 GB,2150 MHz,2600 MHz,Black / Silver,267 mm,5
AMD RADEON PRO WX 7100,243.23,https://cdna.pcpartpicker.com/static/forever/images/product/ef7f384aa72bfb4f212ac0c9f8cca06b.256p.jpg,Radeon Pro WX 7100,8 GB,900 MHz,1080 MHz,Blue,242 mm,5
MSI Radeon RX 6800 XT Gaming X Trio 16G,1082.65,https://cdna.pcpartpicker.com/static/forever/images/product/af2ad40f2fe03104421b94700c269a71.256p.jpg,Radeon RX 6800 XT,16 GB,1850 MHz,2285 MHz,Silver / Black,324 mm,4.5
MSI CYCLONE,,,GeForce RTX 5060 Ti,16 GB,2410 MHz,2587 MHz,White / Camo,161 mm,0
MSI GeForce RTX 3080 RTX 3080 SUPRIM X 10G,,https://cdna.pcpartpicker.com/static/forever/images/product/cbd2467d850794fdfbd30b440ad71ae8.256p.jpg,GeForce RTX 3080 10GB,10 GB,1440 MHz,1920 MHz,Black / Silver,336 mm,4.5
Gainward Phantom GS,3799.99,https://cdna.pcpartpicker.com/static/forever/images/product/58b634749b3bf757e25307263594c122.256p.jpg,GeForce RTX 5090,32 GB,2010 MHz,,Black,332 mm,0
AMD 100-300000071,,,Radeon RX 7900 XT,20 GB,2000 MHz,2400 MHz,Black,276 mm,5
XFX Mercury,667,https://cdna.pcpartpicker.com/static/forever/images/product/c8d02bb15c130b96b41a0defe48f1a29.256p.jpg,Radeon RX 9070 XT,16 GB,1660 MHz,2970 MHz,Black,360 mm,5
PNY XLR8,,https://cdna.pcpartpicker.com/static/forever/images/product/ef7af27c39972ef7493faaa0fcea548b.256p.jpg,GeForce GTX 1080 Ti,11 GB,1506 MHz,1620 MHz,Black,267 mm,5
PNY VCNRTXPRO4500B-PB,3225.98,https://cdna.pcpartpicker.com/static/forever/images/product/636c199af14c7349eb96b4c26edb19e9.256p.jpg,RTX PRO 4500 Blackwell,32 GB,1590 MHz,,Black / Gold,267 mm,0
XFX FATBOY OC+,,https://cdna.pcpartpicker.com/static/forever/images/product/8f49c4d4ffe2d7cbba2b7c12e61177cf.256p.jpg,Radeon RX 590,8 GB,1580 MHz,1600 MHz,Black / Red,270 mm,4
EVGA FTW GAMING ACX 3.0,,https://cdna.pcpartpicker.com/static/forever/images/product/67d4cdfe2e29c79407953dccad95d337.256p.jpg,GeForce GTX 1080,8 GB,1721 MHz,1860 MHz,Black / Silver,267 mm,4.5
Gainward Pegasus,194.99,https://cdna.pcpartpicker.com/static/forever/images/product/afa194be3fc83a62968755d7fbb2e1bf.256p.jpg,GeForce RTX 3050 6GB,6 GB,1040 MHz,1470 MHz,Black,162 mm,0
MSI VENTUS GP OC,348.25,,GeForce RTX 2060 SUPER,8 GB,1470 MHz,1665 MHz,Silver / Black,232 mm,4
Asus KO Gaming OC,,https://cdna.pcpartpicker.com/static/forever/images/product/e8b0b5776365885aa2710c796a50b67e.256p.jpg,GeForce RTX 3070,8 GB,1500 MHz,1845 MHz,Black / Silver,275 mm,4.5
AMD Midnight Black,,,Radeon RX 6800 XT,16 GB,1825 MHz,2250 MHz,Black,267 mm,5
Palit GameRock,3599.99,https://cdna.pcpartpicker.com/static/forever/images/product/b7d675c4c248837ac847b10c91142a0e.256p.jpg,GeForce RTX 5090,32 GB,2010 MHz,,Black,332 mm,5
PowerColor RX 7900 XT 20G,995.52,https://cdna.pcpartpicker.com/static/forever/images/product/be6de12e6481420bee8b47d739c755c8.256p.jpg,Radeon RX 7900 XT,20 GB,2000 MHz,2400 MHz,Black,276 mm,4.5
Asus ROG Astral,1799.69,https://cdna.pcpartpicker.com/static/forever/images/product/c98b4b9021ea1c386dcda1c01315902d.256p.jpg,GeForce RTX 5080,16 GB,2300 MHz,,Black / Silver,358 mm,5
MSI GeForce RTX 3060 Ventus 2X 12G,,,GeForce RTX 3060 12GB,12 GB,1320 MHz,1807 MHz,Black,235 mm,4.5
Zotac GAMING Trinity,,https://cdna.pcpartpicker.com/static/forever/images/product/52b10beb07c41f73ec4ae5239dac1c17.256p.jpg,GeForce RTX 4070 Ti SUPER,16 GB,2340 MHz,2610 MHz,Black,307 mm,4.5
Inno3D N506T2-16D7X-191073W,539.99,https://cdna.pcpartpicker.com/static/forever/images/product/e6d36e244d3525c813cd0dadad44cc38.256p.jpg,GeForce RTX 5060 Ti,16 GB,2407 MHz,2602 MHz,White / Silver,250 mm,0
Asus TUF Gaming EVO OC,,https://cdna.pcpartpicker.com/static/forever/images/product/f04d090f920f91c0e81c5bb4ca7fa11f.256p.jpg,GeForce GTX 1660 Ti,6 GB,1500 MHz,1845 MHz,Black / Gray,206 mm,4
Inno3D Twin X2,558.94,https://cdna.pcpartpicker.com/static/forever/images/product/7f6bf69b9554279d552e4956613b1d4d.256p.jpg,GeForce RTX 5070,12 GB,2325 MHz,2512 MHz,Black / Silver,250 mm,5
Asus TUF-RX6800XT-O16G-GAMING,405.34,,Radeon RX 6800 XT,16 GB,1825 MHz,2340 MHz,Black,320 mm,5
Asus ROG STRIX OC EVA-02,,https://cdna.pcpartpicker.com/static/forever/images/product/bd7de150d50651c4f1dc277872a89e00.256p.jpg,GeForce RTX 4090,24 GB,2235 MHz,2640 MHz,Red / Black,358 mm,5
EVGA SC ULTRA GAMING,289.14,,GeForce GTX 1660 SUPER,6 GB,1530 MHz,1830 MHz,Black,202 mm,4.5
MSI MECH 2X,831.04,https://cdna.pcpartpicker.com/static/forever/images/product/e19465e0f369b5cec4beadcd62302eac.256p.jpg,Radeon RX 6700 XT,12 GB,2321 MHz,,Black / Silver,247 mm,4.5
MSI GeForce RTX 3090 TI GAMING X TRIO 24G,,https://cdna.pcpartpicker.com/static/forever/images/product/bba9d8be3e2c922dd5dc2c9f4f3bb405.256p.jpg,GeForce RTX 3090 Ti,24 GB,1560 MHz,1920 MHz,Black,325 mm,5
MSI LP E OC,179.99,https://cdna.pcpartpicker.com/static/forever/images/product/b121ebe2e3a971c8d48874d287753718.256p.jpg,GeForce RTX 3050 6GB,6 GB,1040 MHz,1492 MHz,Black,174 mm,0
PNY VCQP4000-PB,240,https://cdna.pcpartpicker.com/static/forever/images/product/5bbd7c000f84124a2faec10b893e4145.256p.jpg,Quadro P4000,8 GB,1227 MHz,1480 MHz,Black / Green,242 mm,5
EVGA XC3 ULTRA GAMING iCX3,,,GeForce RTX 3080 Ti,12 GB,1365 MHz,1725 MHz,Black,300 mm,4
PNY VCNRTXPRO4000LP-PB,2034.49,https://cdna.pcpartpicker.com/static/forever/images/product/8d4b9382b6726c7a5cead53b0d579ec4.256p.jpg,RTX PRO 4000 Blackwell SFF,24 GB,405 MHz,,Black,167 mm,0
EVGA K|NGP|N HYBRID GAMING,,https://cdna.pcpartpicker.com/static/forever/images/product/1ac44ead78eeec1cd34f54fc64127b80.256p.jpg,GeForce RTX 3090,24 GB,1395 MHz,1920 MHz,Black,289 mm,4
PNY EPIC-X RGB Triple Fan Plus OC,,https://cdna.pcpartpicker.com/static/forever/images/product/ab79378fb8851945cc26e2887d5c8047.256p.jpg,GeForce RTX 5070 Ti,16 GB,2295 MHz,2640 MHz,Black,328 mm,0
MSI MECH 2X OC,927.31,https://cdna.pcpartpicker.com/static/forever/images/product/e8016f882d63f9ec9ee0bcb8a84c44a7.256p.jpg,Radeon RX 6700 XT,12 GB,2321 MHz,,Black / Silver,247 mm,4.5
EVGA Superclocked,,https://cdna.pcpartpicker.com/static/forever/images/product/5e3f2e963d8b98a77a0744b18737a018.256p.jpg,GeForce GTX 980 Ti,6 GB,1102 MHz,1190 MHz,Black / Silver,267 mm,5
MAXSUN iCraft OC,,https://cdna.pcpartpicker.com/static/forever/images/product/569c9cac2e3d1ca95da4ad88864c1600.256p.jpg,GeForce RTX 5070 Ti,16 GB,2295 MHz,2482 MHz,Black,320 mm,0
EVGA FTW3 ULTRA GAMING LHR,,,GeForce RTX 3080 10GB LHR,10 GB,1440 MHz,1800 MHz,Black,300 mm,4.5
PowerColor AXRX 580 8GBD5-3DHDV2/OC,,https://cdna.pcpartpicker.com/static/forever/images/product/59a8276d03a94d95da6df3b10ebc829e.256p.jpg,Radeon RX 580,8 GB,1257 MHz,1350 MHz,Black,255 mm,4
Asus ROG Astral LC,3239.99,https://cdna.pcpartpicker.com/static/forever/images/product/adc50b2db9f548ed8e1fefbdbdc80709.256p.jpg,GeForce RTX 5090,32 GB,2010 MHz,,Black / Silver,288 mm,0
PNY Dual Fan,379.99,https://cdna.pcpartpicker.com/static/forever/images/product/3d086ea2ea25e57886cd68c49337b0fb.256p.jpg,GeForce RTX 5060 Ti,8 GB,2407 MHz,2572 MHz,Black,245 mm,0
XFX Quicksilver OC,595.47,https://cdna.pcpartpicker.com/static/forever/images/product/1b758ad8441cf863b93f663ec358768f.256p.jpg,Radeon RX 9070,16 GB,1440 MHz,2700 MHz,Black,355 mm,5
MAXSUN iCraft,,https://cdna.pcpartpicker.com/static/forever/images/product/362d455741f6635f564f8a18544da5bd.256p.jpg,Arc B580,12 GB,2670 MHz,2850 MHz,White,315 mm,3
NVIDIA 900-5G147-2570-000,1958.99,https://cdna.pcpartpicker.com/static/forever/images/product/981885d556156f80e62ff31b57c07183.256p.jpg,RTX PRO 4000 Blackwell,24 GB,1230 MHz,,Black,241 mm,0
EVGA XC ULTRA GAMING,,https://cdna.pcpartpicker.com/static/forever/images/product/457c504de3255a9d0a91522568c8d16c.256p.jpg,GeForce RTX 2070 SUPER,8 GB,1605 MHz,1800 MHz,Transparent,270 mm,4.5
MSI VENTUS 3X OC PLUS,1369.99,https://cdna.pcpartpicker.com/static/forever/images/product/afeb9821bbd98862e734a81fbee20865.256p.jpg,GeForce RTX 5080,16 GB,2300 MHz,,Silver / Black,303 mm,4.5
PNY XLR8 Gaming REVEL EPIC-X RGB,503.49,https://cdna.pcpartpicker.com/static/forever/images/product/79b987b0f4b58955c49d8c66256560de.256p.jpg,GeForce RTX 3060 12GB,12 GB,1320 MHz,,Black,170 mm,4
MSI GAMING TRIO,4273.71,https://cdna.pcpartpicker.com/static/forever/images/product/399eae1daeaacdce9aae94f569032ce8.256p.jpg,GeForce RTX 4090,24 GB,2235 MHz,,Black,337 mm,5
MSI INSPIRE 2X OC,383.22,https://cdna.pcpartpicker.com/static/forever/images/product/6469b78309edd42c67d369ec9ce138ad.256p.jpg,GeForce RTX 5060,8 GB,2280 MHz,2550 MHz,Gold / Black,204 mm,0
Sparkle SBP60W-24G,799.99,https://cdna.pcpartpicker.com/static/forever/images/product/598d52060d620152e5c08fb27632ed9a.256p.jpg,Arc Pro B60,24 GB,2000 MHz,2400 MHz,Black,289 mm,0
Gigabyte AORUS,,https://cdna.pcpartpicker.com/static/forever/images/product/d1392d2b48248c5d3b882751cf16fd55.256p.jpg,Radeon RX 5700 XT,8 GB,1770 MHz,2010 MHz,Black,290 mm,4.5
EVGA Gaming iCX,,https://cdna.pcpartpicker.com/static/forever/images/product/9f0a144768655270f103f3f371ab38f6.256p.jpg,GeForce GTX 1080 Ti,11 GB,1569 MHz,1683 MHz,Silver,300 mm,4.5
Gainward Ghost OC,359.99,https://cdna.pcpartpicker.com/static/forever/images/product/2fa8e32cdfa292eeda697bb0a1c14a59.256p.jpg,GeForce RTX 5060 Ti,8 GB,2410 MHz,2632 MHz,Black,262 mm,0
MSI RTX 3090 SUPRIM X 24G,,,GeForce RTX 3090,24 GB,1395 MHz,1875 MHz,Silver,336 mm,5
PNY VCG5070T16TFXPB1,864.98,https://cdna.pcpartpicker.com/static/forever/images/product/f21a05ddfa7f5a189c1e150cd7881535.256p.jpg,GeForce RTX 5070 Ti,16 GB,2295 MHz,2452 MHz,Black,300 mm,0
MSI Radeon RX 5700 XT GAMING,,https://cdna.pcpartpicker.com/static/forever/images/product/e5f971e991d1e1b045ea8b026f5672c0.256p.jpg,Radeon RX 5700 XT,8 GB,1630 MHz,1905 MHz,Silver / Black,297 mm,0
MSI GeForce RTX 2060 VENTUS GP 12G OC,,https://cdna.pcpartpicker.com/static/forever/images/product/f725034d795a2dc4c0717fa72675c110.256p.jpg,GeForce RTX 2060 12GB,12 GB,1470 MHz,1695 MHz,Gray / Black,231 mm,5
PNY VCNRTX2000ADAS-LLP,779.27,https://cdna.pcpartpicker.com/static/forever/images/product/f83151f5be3eccbe6d04b9699506a5f1.256p.jpg,RTX 2000E Ada Generation,16 GB,,,Black,168 mm,0
Asus DUAL V2,769.66,https://cdna.pcpartpicker.com/static/forever/images/product/1786f01df4546242a3a4022b0005ab6c.256p.jpg,Radeon RX 6600,8 GB,1626 MHz,2491 MHz,Black,243 mm,3.5
Inno3D Twin X2 OC,599.99,https://cdna.pcpartpicker.com/static/forever/images/product/9e0cef2ba7a5b39f9493b4bfb5b39f1e.256p.jpg,GeForce RTX 5070,12 GB,2315 MHz,2542 MHz,White / Silver,250 mm,0
Gigabyte GAMING OC PRO Rev 3.0,,,GeForce RTX 3060 Ti LHR,8 GB,1410 MHz,1770 MHz,Black,281 mm,5
Palit StormX,385.4,https://cdna.pcpartpicker.com/static/forever/images/product/019ccac74fa516f88298ca66fcb113b5.256p.jpg,GeForce RTX 3050 6GB,6 GB,1040 MHz,1470 MHz,Black,162 mm,0
MSI VANGUARD SOC,1023.52,https://cdna.pcpartpicker.com/static/forever/images/product/deeb59ff082254d93e75dff255844122.256p.jpg,GeForce RTX 5070,12 GB,2160 MHz,,Black,337 mm,4
MSI SHADOW 2X,,https://cdna.pcpartpicker.com/static/forever/images/product/3440a993a41f7ee1b78ac1044924efb9.256p.jpg,GeForce RTX 5070,12 GB,2527 MHz,,Black,231 mm,0
Asus ROG STRIX GAMING,1903.66,https://cdna.pcpartpicker.com/static/forever/images/product/e342857644f0e5011919f408923aef52.256p.jpg,GeForce RTX 4090,24 GB,2235 MHz,2550 MHz,Black,358 mm,0
Asus ROG Astral Dhahab CORE OC,3981.99,,GeForce RTX 5080,16 GB,2300 MHz,2790 MHz,Gold / Blue,358 mm,5
MSI Radeon RX 5700 8G,,https://cdna.pcpartpicker.com/static/forever/images/product/b9d882c0c2606f92be3839454409f9b6.256p.jpg,Radeon RX 5700,8 GB,1465 MHz,1725 MHz,Silver,270 mm,4.5
Zotac MINI,414.75,https://cdna.pcpartpicker.com/static/forever/images/product/0a04e397331897b8997aca6c04d8b968.256p.jpg,GeForce GTX 1070,8 GB,1518 MHz,1708 MHz,Black / Silver,210 mm,4.5
AMD FirePro W9100,,https://cdna.pcpartpicker.com/static/forever/images/product/da995c1ef74a5cf13eb42c7ea27f2965.256p.jpg,FirePro W9100,16 GB,930 MHz,,Black / Red,275 mm,0
Asus ROG Matrix Platinum,2994.78,https://cdna.pcpartpicker.com/static/forever/images/product/3bb3797143155f95307420a9ca1cf6de.256p.jpg,GeForce RTX 4090,24 GB,2670 MHz,2700 MHz,Black / Silver,286 mm,4.5
MSI EXPERT,,,GeForce RTX 4080 SUPER,16 GB,2210 MHz,2625 MHz,Copper / Black,312 mm,5
Asus ROG STRIX WHITE OC,2501.96,https://cdna.pcpartpicker.com/static/forever/images/product/bb0159271ccac8d7db9357c0a6c34f76.256p.jpg,GeForce RTX 3090,24 GB,1395 MHz,1890 MHz,White / Black,318 mm,4.5
PNY VCG16606SSFPPB,,,GeForce GTX 1660 SUPER,6 GB,1530 MHz,1785 MHz,Black,168 mm,4.5
AMD 100-438378,,,Radeon RX 6800,16 GB,1700 MHz,2105 MHz,Black / Silver,267 mm,4.5
NVIDIA 900-5G195-2250-000,919.99,https://cdna.pcpartpicker.com/static/forever/images/product/626b58d18365231cde5129ed09c876d7.256p.jpg,RTX PRO 2000 Blackwell,16 GB,982 MHz,,Black,167 mm,0
MSI RTX 5060 Ti 16G INSPIRE 2X OC,662.94,https://cdna.pcpartpicker.com/static/forever/images/product/e2e2a2dd9ef3bbf94340146f89ec3bd8.256p.jpg,GeForce RTX 5060 Ti,16 GB,2410 MHz,2632 MHz,Gold / Black,204 mm,0
MSI VENTUS,,,GeForce RTX 2080,8 GB,1515 MHz,1710 MHz,Silver / Black,268 mm,5
PowerColor Red Devil Limited Edition OC,749.99,https://cdna.pcpartpicker.com/static/forever/images/product/0c8be8b47d048120323bec5b2410c0c0.256p.jpg,Radeon RX 9070 XT,16 GB,2460 MHz,3060 MHz,Black,340 mm,0
Gigabyte AORUS INFINITY,4799.99,https://cdna.pcpartpicker.com/static/forever/images/product/164d544f64fddc649d0aca6e7c85000f.256p.jpg,GeForce RTX 5090,32 GB,2010 MHz,2730 MHz,Black,330 mm,0
NVIDIA 900-5G172-2580-000,399.95,https://cdna.pcpartpicker.com/static/forever/images/product/04aea34a8d9428b579b6ea9c7a02bb0b.256p.jpg,RTX A1000,8 GB,727 MHz,1462 MHz,Black,163 mm,0
PNY VCNRTX4000ADALP-PB,1399,https://cdna.pcpartpicker.com/static/forever/images/product/dee76cceea9bf10b117b73d56f4cd696.256p.jpg,RTX 4000 SFF Ada Generation,20 GB,1290 MHz,1565 MHz,Black,168 mm,0
Gigabyte OC Rev 2.0,,https://cdna.pcpartpicker.com/static/forever/images/product/166fb936c78df4fe090aa4f560c5e424.256p.jpg,GeForce RTX 2060,6 GB,1365 MHz,1755 MHz,Black / Gray,226 mm,0
ASRock Challenger Pro OC,,https://cdna.pcpartpicker.com/static/forever/images/product/75b0307e0fec7cbbcbe0d3aeabe4db49.256p.jpg,Radeon RX 6750 XT,12 GB,2150 MHz,2618 MHz,Black,303 mm,4.5
Asus ROG STRIX WHITE OC V2,,https://cdna.pcpartpicker.com/static/forever/images/product/571db55a22fe134a43422fa8835ff75a.256p.jpg,GeForce RTX 3080 10GB LHR,10 GB,1440 MHz,1935 MHz,White,318 mm,4.5
MSI VENTUS 3X PLUS OC,788.18,https://cdna.pcpartpicker.com/static/forever/images/product/b4c1da032bd8b99e3c828a9f2726b264.256p.jpg,GeForce RTX 3080 10GB LHR,10 GB,1440 MHz,1740 MHz,Black,305 mm,5
AMD 100-506095,253.9,https://cdna.pcpartpicker.com/static/forever/images/product/306fe6c8b901e1962655d875da19e381.256p.jpg,Radeon Pro W5500,8 GB,1354 MHz,1900 MHz,Blue / White,241 mm,4
PNY VCNRTXPRO5000B72-PB,8201.99,https://cdna.pcpartpicker.com/static/forever/images/product/904fd3c8de4d833f81783eacded6008a.256p.jpg,RTX PRO 5000 Blackwell,72 GB,1740 MHz,,Black / Gold,267 mm,0
PNY VCNRTX4500ADA-PB,2475.56,https://cdna.pcpartpicker.com/static/forever/images/product/24a98f6af62ac9967741a2c629e2f34e.256p.jpg,RTX 4500 Ada Generation,24 GB,2070 MHz,2580 MHz,Black / Gold,245 mm,0
Asus STRIX GAMING Advanced,944.61,https://cdna.pcpartpicker.com/static/forever/images/product/536b1e61c8cbe8916dfcf4621ca809f9.256p.jpg,GeForce RTX 2070 SUPER,8 GB,1635 MHz,1830 MHz,Black,300 mm,4.5
MSI EXPERT OC,1349.21,https://cdna.pcpartpicker.com/static/forever/images/product/f4f9edd36a43acdbca322e7f221e72c8.256p.jpg,GeForce RTX 5070 Ti,16 GB,2300 MHz,2588 MHz,Black / Silver,319 mm,0
MSI GAMING Z,,https://cdna.pcpartpicker.com/static/forever/images/product/ac7ffb3588edfd32890386010563b7b2.256p.jpg,GeForce RTX 2060,6 GB,1365 MHz,1830 MHz,Black / Gray,247 mm,4.5
MSI GeForce RTX 3070 SUPRIM X 8G,,https://cdna.pcpartpicker.com/static/forever/images/product/e6536838f02817f32e516335926c7497.256p.jpg,GeForce RTX 3070,8 GB,1500 MHz,1920 MHz,Black / Silver,335 mm,4.5
Gigabyte GAMING OC 3X,,,GeForce RTX 2070 SUPER,8 GB,1605 MHz,1815 MHz,Black,286 mm,4.5
PowerColor Fighter OC,,https://cdna.pcpartpicker.com/static/forever/images/product/9230d7f912edcfa255a3f53bf26824d1.256p.jpg,Radeon RX 7900 GRE,16 GB,1270 MHz,2293 MHz,Black,303 mm,5
PNY VCQM4000-PB,224.99,https://cdna.pcpartpicker.com/static/forever/images/product/555e2fe39479910d9f9c3b188b679853.256p.jpg,Quadro M4000,8 GB,,,Black / Green,241 mm,5
Gigabyte TURBO,,https://cdna.pcpartpicker.com/static/forever/images/product/d9913adb0d8c22e83c5954bc8631ec75.256p.jpg,GeForce RTX 3090,24 GB,1395 MHz,1695 MHz,Black,267 mm,4
MSI Radeon RX 5500 XT GAMING X 8G,,https://cdna.pcpartpicker.com/static/forever/images/product/e53018b22abb9ac3394c4dc0cff7b07a.256p.jpg,Radeon RX 5500 XT,8 GB,1685 MHz,1845 MHz,Black / Red,247 mm,4
Zotac AMP Extreme Holo,,https://cdna.pcpartpicker.com/static/forever/images/product/293f0a08d502d6c851a9bf8dab23b8ef.256p.jpg,GeForce RTX 3070 Ti,8 GB,1575 MHz,1890 MHz,Gray / Black,356 mm,0
PNY VCG50608DFXPB1,299.99,https://cdna.pcpartpicker.com/static/forever/images/product/c7753c309f2fb35c1f6a0d2bde6f8a8e.256p.jpg,GeForce RTX 5060,8 GB,2280 MHz,2497 MHz,Black,200 mm,0
Sapphire NITRO+ SE,,https://cdna.pcpartpicker.com/static/forever/images/product/94e52722891f5dfb9697b8c5a4d3d3c0.256p.jpg,Radeon RX 590,8 GB,1469 MHz,1560 MHz,Blue / White,260 mm,4.5
Sapphire 21323-01-20G,899.99,,Radeon RX 7900 XT,20 GB,2000 MHz,2400 MHz,Black,276 mm,5
AMD ‎100-438373,,,Radeon RX 6900 XT,16 GB,1825 MHz,2250 MHz,Black / Silver,267 mm,4.5
PNY XLR8 Gaming VERTO EPIC-X RGB,444.43,https://cdna.pcpartpicker.com/static/forever/images/product/9204d0a2fc70e6c1b6ca9fe74137a0f6.256p.jpg,GeForce RTX 4060 Ti,8 GB,2310 MHz,2535 MHz,Black,305 mm,0
Asus DUAL MINI OC,,https://cdna.pcpartpicker.com/static/forever/images/product/f06225483029df538a9c4e956b0723a9.256p.jpg,GeForce RTX 3060 Ti,8 GB,1410 MHz,1710 MHz,Black,200 mm,5
Zotac GAMING Twin Edge OC White Edition,,https://cdna.pcpartpicker.com/static/forever/images/product/0abc7c75589767934cf471a391bf3b35.256p.jpg,GeForce RTX 3070 LHR,8 GB,1500 MHz,1755 MHz,White,232 mm,4.5
PNY VCNRTX4000ADA-PB,,https://cdna.pcpartpicker.com/static/forever/images/product/e99ebfb000558d16f110fed18ae6bf3b.256p.jpg,RTX 4000 Ada Generation,20 GB,1500 MHz,2175 MHz,Black,241 mm,0
Palit Dual OC,269.99,https://cdna.pcpartpicker.com/static/forever/images/product/0fc040d0cef1675110cfdc06c8fa2507.256p.jpg,GeForce RTX 5050,8 GB,2317 MHz,2647 MHz,Black,262 mm,0
MSI GeForce RTX 3090 TI SUPRIM X 24G,3061.67,https://cdna.pcpartpicker.com/static/forever/images/product/461e23c2bad57438824e1db691fface3.256p.jpg,GeForce RTX 3090 Ti,24 GB,1560 MHz,1965 MHz,Silver / Black,338 mm,3
PowerColor AXRX 5700XT 8GBD6-3DH,,https://cdna.pcpartpicker.com/static/forever/images/product/2ce24f39c65db0574915fcf3be0af434.256p.jpg,Radeon RX 5700 XT,8 GB,1605 MHz,1905 MHz,Black,230 mm,4.5
Asus ROG Astral Dhahab OC,,,GeForce RTX 5090,32 GB,2010 MHz,2610 MHz,Gold / Black,358 mm,0
EVGA XC3 BLACK GAMING,,https://cdna.pcpartpicker.com/static/forever/images/product/33170ff11eeeab85d12fa6ca55d002ad.256p.jpg,GeForce RTX 3070,8 GB,1500 MHz,1725 MHz,Black / Silver,285 mm,5
MSI GAMING TRIO CLASSIC,,https://cdna.pcpartpicker.com/static/forever/images/product/3f91130d2620b08ee6e54b33ed47315a.256p.jpg,Radeon RX 7900 XTX,24 GB,2300 MHz,2500 MHz,Black / Silver,325 mm,4.5
PNY VCQRTX6000-PB,1806.72,https://cdna.pcpartpicker.com/static/forever/images/product/a3438ca01dfbc18db6cf1e2a8bad1e11.256p.jpg,Quadro RTX 6000,24 GB,1440 MHz,1770 MHz,Black / Silver,267 mm,5
PNY VCQRTX5000-PB,644.29,https://cdna.pcpartpicker.com/static/forever/images/product/5d6f63fad3d6531e0576105c98b2210d.256p.jpg,Quadro RTX 5000,16 GB,1620 MHz,1815 MHz,Silver / Black,267 mm,5
XFX Core Edition,,https://cdna.pcpartpicker.com/static/forever/images/product/44220e4019adc6ab6403ca19cf564b11.256p.jpg,Radeon RX 6750 XT,12 GB,2150 MHz,2600 MHz,Black,280 mm,5
Zotac SOLID SFF,846.99,https://cdna.pcpartpicker.com/static/forever/images/product/47399a3516d848147b2a9ed3a6671aff.256p.jpg,GeForce RTX 5070 Ti,16 GB,2300 MHz,2452 MHz,Black / Gold,304 mm,0
PowerColor Hellhound L/OC,509.26,https://cdna.pcpartpicker.com/static/forever/images/product/7a5cab2676bd5b1fb75e25d0a1d45a8f.256p.jpg,Radeon RX 9070 GRE,12 GB,1420 MHz,2860 MHz,Black,340 mm,0
PNY Blower,,https://cdna.pcpartpicker.com/static/forever/images/product/3b8557479cfa11b33256fb3f61591f7d.256p.jpg,GeForce RTX 2080 Ti,11 GB,1350 MHz,1545 MHz,Black,267 mm,0
MAXSUN Milestone,,https://cdna.pcpartpicker.com/static/forever/images/product/e1a141edcf5c14a9a479b887f8cd692c.256p.jpg,Arc B580,12 GB,2670 MHz,2850 MHz,Black / Red,241 mm,0
EVGA iCX GAMING,,,GeForce GTX 1080 Ti,11 GB,1480 MHz,1582 MHz,Silver / Black,270 mm,5
NVIDIA 900-1G500-2500-000,969.54,,Titan V,12 GB,1200 MHz,1455 MHz,Black / Gold,267 mm,5
Asus DUAL EVO,,https://cdna.pcpartpicker.com/static/forever/images/product/5e22cc7d812421a7df125d64db1c8f25.256p.jpg,GeForce RTX 2060,6 GB,1395 MHz,1710 MHz,Black,242 mm,5
EVGA Black,,https://cdna.pcpartpicker.com/static/forever/images/product/92b241ae69486a36fc0f1308805fa8c5.256p.jpg,GeForce RTX 2070,8 GB,1410 MHz,1620 MHz,Clear / Black,269 mm,4.5
MSI GeForce RTX 3090 GAMING X TRIO 24G,,https://cdna.pcpartpicker.com/static/forever/images/product/040a47c05260e04543aa712b56c462de.256p.jpg,GeForce RTX 3090,24 GB,1395 MHz,,Black,335 mm,4.5
MSI VENTUS 2X OCV1,,https://cdna.pcpartpicker.com/static/forever/images/product/f883f51b57a8c1e7dec87086908f612d.256p.jpg,GeForce RTX 3060 Ti LHR,8 GB,1410 MHz,1695 MHz,Black / Gray,235 mm,5
MSI Radeon RX 6900 XT GAMING Z TRIO 16G,,https://cdna.pcpartpicker.com/static/forever/images/product/753a377959fa04b4d9fb11f151845b9a.256p.jpg,Radeon RX 6900 XT,16 GB,1825 MHz,2425 MHz,Silver / Black,324 mm,0
PowerColor RX7900XTX 24G,,https://cdna.pcpartpicker.com/static/forever/images/product/877b6072fa719e4d7a6a03f14078d41f.256p.jpg,Radeon RX 7900 XTX,24 GB,2300 MHz,2500 MHz,Black,287 mm,4.5
XFX Mercury OC RGB V2,767.44,,Radeon RX 9070 XT,16 GB,1870 MHz,3100 MHz,Black,360 mm,5
Gainward Phoenix GS,1099.99,https://cdna.pcpartpicker.com/static/forever/images/product/a5683f9561e951bf4ef4473bbb5d937e.256p.jpg,GeForce RTX 5080,16 GB,2300 MHz,2700 MHz,Black / Silver,332 mm,0
MSI SHADOW 3X,,https://cdna.pcpartpicker.com/static/forever/images/product/7c14b4fafbabbce3df006b7eb0472bbd.256p.jpg,GeForce RTX 5070,12 GB,2527 MHz,,Black,303 mm,0
PowerColor Red Devil Ultimate,,https://cdna.pcpartpicker.com/static/forever/images/product/ba06bf8b8851b8161570303ab40b8e38.256p.jpg,Radeon RX 6900 XT,16 GB,1825 MHz,2425 MHz,Black,320 mm,4.5
Gigabyte AORUS XTREME,1407.41,https://cdna.pcpartpicker.com/static/forever/images/product/f36145e48e17a0958ea50f109a8a6c5c.256p.jpg,GeForce GTX 1080 Ti,11 GB,1607 MHz,1746 MHz,Black / Silver,293 mm,4.5
MSI RTX 4090 VENTUS 3X 24G OC,1785.48,https://cdna.pcpartpicker.com/static/forever/images/product/269a792b654d0460b5f5b132f0ec7003.256p.jpg,GeForce RTX 4090,24 GB,2235 MHz,2565 MHz,Silver / Black,322 mm,4.5
XFX Triple Dissipation,,https://cdna.pcpartpicker.com/static/forever/images/product/86678e1980622e4401bcd3f6a9131db2.256p.jpg,Radeon RX 5700 XT,8 GB,1605 MHz,1905 MHz,Black,326 mm,4
MSI GeForce RTX 2080 TI VENTUS 11G OC,1172.74,https://cdna.pcpartpicker.com/static/forever/images/product/2ddb258ae538a4a426f1c71c68139038.256p.jpg,GeForce RTX 2080 Ti,11 GB,1350 MHz,1635 MHz,Silver / Black,268 mm,5
EVGA FTW3 ULTRA GAMING iCX3,,https://cdna.pcpartpicker.com/static/forever/images/product/a93101f11c4cf1e14e5068b4d319128e.256p.jpg,GeForce RTX 3060 Ti,8 GB,1410 MHz,1800 MHz,Black,285 mm,5
XFX RAW II,,,Radeon RX 5700 XT,8 GB,1605 MHz,1905 MHz,Black,278 mm,4.5
Sapphire 21330-01-20G,,https://cdna.pcpartpicker.com/static/forever/images/product/30ace1f63352608a27f48d7c8c780e61.256p.jpg,Radeon RX 7800 XT,16 GB,1295 MHz,2430 MHz,Black,267 mm,4.5
PNY VCQP5000-PB,819.6,https://cdna.pcpartpicker.com/static/forever/images/product/2d38e3eaa5185647f066e2b340d4f5c7.256p.jpg,Quadro P5000,16 GB,1607 MHz,1733 MHz,Black / Green,,4
MSI VENTUS OC,,https://cdna.pcpartpicker.com/static/forever/images/product/b1735ebfbc7f801fc5892c63be10c2af.256p.jpg,GeForce RTX 2070 SUPER,8 GB,1605 MHz,1785 MHz,Black / Silver,257 mm,4.5
Sapphire PURE Frostpunk 2 Edition,574.1,https://cdna.pcpartpicker.com/static/forever/images/product/26bff27ca10430ccd3ba70de1e7bbc6f.256p.jpg,Radeon RX 7700 XT,12 GB,1700 MHz,2584 MHz,White,320 mm,5
MSI GeForce RTX 3070 VENTUS 3X,820.62,https://cdna.pcpartpicker.com/static/forever/images/product/7790f47214433acdf1ea8bff7c28e16b.256p.jpg,GeForce RTX 3070,8 GB,1500 MHz,1725 MHz,Black / Silver,305 mm,5
Asus ASUS TUF Gaming GeForce RTX 2060 6GB Edition 4K VR Ready HDMI 2.0b DP 1.4 Auto Extreme Graphics Card (TUF-RTX2060-O6G-GAMING),,https://cdna.pcpartpicker.com/static/forever/images/product/4e9c86626fb3594db6f083d3c70ededa.256p.jpg,GeForce RTX 2060,6 GB,1365 MHz,1740 MHz,Black / Gray,204 mm,4.5
Asus Turbo EVO,,https://cdna.pcpartpicker.com/static/forever/images/product/85cbdc99d1cd4f52a127ad7951e51276.256p.jpg,GeForce RTX 2070 SUPER,8 GB,1635 MHz,1800 MHz,Black,268 mm,5
Sapphire 21322-01-20G,1399,,Radeon RX 7900 XTX,24 GB,2300 MHz,2500 MHz,Black,276 mm,4
NVIDIA 900-1G611-2500-000,,,Titan X (Pascal),12 GB,1417 MHz,1531 MHz,Black / Silver,267 mm,4
ASRock Radeon RX 6800 XT 16G,,https://cdna.pcpartpicker.com/static/forever/images/product/f165f2e5ce7ea621e692e222bd04ffa7.256p.jpg,Radeon RX 6800 XT,16 GB,1825 MHz,2250 MHz,Black / Silver,267 mm,0
Yeston Game Ace,,https://cdna.pcpartpicker.com/static/forever/images/product/7e90738c45f2082152795cc8aecd70b3.256p.jpg,Radeon RX 9060 XT,16 GB,2220 MHz,3320 MHz,Pink / Black,318 mm,0
AMD 100-300000078,368.99,https://cdna.pcpartpicker.com/static/forever/images/product/68b12b3d45578bad251818d6ba0f3ebc.256p.jpg,Radeon PRO W7500,8 GB,1500 MHz,1700 MHz,Black,216 mm,0
NVIDIA 900-1G611-2530-000,,,Titan Xp,12 GB,1480 MHz,1582 MHz,Black,267 mm,4.5
MSI MLG EDITION,,,GeForce RTX 5070 Ti,16 GB,2300 MHz,2467 MHz,Red / Black,338 mm,0
AMD 100-300000075,1963.99,https://cdna.pcpartpicker.com/static/forever/images/product/12e7248ab189dca51bef655a16d6ef41.256p.jpg,Radeon PRO W7800,32 GB,1855 MHz,2499 MHz,Black,280 mm,0
Gigabyte GAMING 8G,,https://cdna.pcpartpicker.com/static/forever/images/product/177e11b72267535ec0a6ee690120ffd9.256p.jpg,Radeon RX 580,8 GB,1257 MHz,1355 MHz,Black / Orange,232 mm,4.5
MSI Radeon RX 6600 XT MECH 2X 8G OCV1,885.45,https://cdna.pcpartpicker.com/static/forever/images/product/59ad0e463c3f8c0cbb26128a67b82290.256p.jpg,Radeon RX 6600 XT,8 GB,1968 MHz,2602 MHz,Black / Silver,215 mm,0
MSI GAMING TRIO PLUS,,,GeForce RTX 5070 Ti,16 GB,2300 MHz,2467 MHz,Black,338 mm,0
Zotac GAMING ARCTICSTORM AIO,3649.99,https://cdna.pcpartpicker.com/static/forever/images/product/b8faa58386968a2f33090af25f97a150.256p.jpg,GeForce RTX 5090,32 GB,2010 MHz,2437 MHz,Black,252 mm,1
NVIDIA Star Wars Galactic Empire,,https://cdna.pcpartpicker.com/static/forever/images/product/02b61eba87876b155ed55786a289dd61.256p.jpg,Titan Xp,12 GB,1481 MHz,1582 MHz,Black / Red,267 mm,5
XFX Speedster SWFT 210 Core 2,,,Radeon RX 7800 XT,16 GB,1295 MHz,2430 MHz,Black,283 mm,0
EVGA SC Black Edition,,,GeForce GTX 1080 Ti,11 GB,1556 MHz,1670 MHz,Black,267 mm,4.5
Gigabyte GV-N107TGAMING-8GD,,https://cdna.pcpartpicker.com/static/forever/images/product/17e0600ca5dcfe5879853a2d46a60c61.256p.jpg,GeForce GTX 1070 Ti,8 GB,1607 MHz,1721 MHz,Black / Orange,280 mm,4.5
MSI Radeon RX Vega 56 8G,,https://cdna.pcpartpicker.com/static/forever/images/product/8c531346ee1dc19f1df3a13ae79709df.256p.jpg,Radeon RX VEGA 56,8 GB,1156 MHz,1471 MHz,Black / Red,280 mm,0
PNY VCQM6000-24GB-PB,829,https://cdna.pcpartpicker.com/static/forever/images/product/ba426b35eb8624734635d7baa43492a1.256p.jpg,Quadro M6000,24 GB,988 MHz,1114 MHz,Black / Green,267 mm,0
EVGA HYBRID GAMING,,https://cdna.pcpartpicker.com/static/forever/images/product/f521f15f47fa958526270dc5d545e4f8.256p.jpg,GeForce GTX 1070,8 GB,1594 MHz,1784 MHz,Black / Gray,267 mm,4.5
EVGA GeForce RTX 2060 SC Ultra GAMING,,https://cdna.pcpartpicker.com/static/forever/images/product/ce6ead6bf41188e4a25e4d71e11035c1.256p.jpg,GeForce RTX 2060,6 GB,1365 MHz,1755 MHz,Black,268 mm,4.5
ASRock Challenger ITX,,https://cdna.pcpartpicker.com/static/forever/images/product/9815a3d8facbd2c78af7ad99826ed482.256p.jpg,Radeon RX 6600 XT,8 GB,1968 MHz,,Black,179 mm,4
Asus STRIX LC GAMING OC,,https://cdna.pcpartpicker.com/static/forever/images/product/837eb49b91e552d21b73eee7faaec3d7.256p.jpg,GeForce RTX 3090 Ti,24 GB,1560 MHz,1980 MHz,Silver / Black,293 mm,4
Sparkle ORC OC,,,Arc A580,8 GB,1700 MHz,2000 MHz,Blue / Black,222 mm,0
MSI ARMOR,,https://cdna.pcpartpicker.com/static/forever/images/product/02e70451cf72d81ca15d048cf029943e.256p.jpg,GeForce RTX 2070,8 GB,1410 MHz,1740 MHz,Black / Silver,309 mm,4.5
AMD 100-506061,,https://cdna.pcpartpicker.com/static/forever/images/product/7a76f18909e827d4bf8d40bac7053f71.256p.jpg,Vega Frontier Edition,16 GB,1440 MHz,1600 MHz,Blue / Gold,267 mm,4.5
Zotac AMP,,https://cdna.pcpartpicker.com/static/forever/images/product/111c7f04e16987dc923e1d19597af786.256p.jpg,GeForce GTX 1060 6GB,6 GB,1556 MHz,1771 MHz,Black / Silver,210 mm,4.5
AMD 100-506208,524.67,https://cdna.pcpartpicker.com/static/forever/images/product/bc0fdddaf8619b7886d27e30f03bc659.256p.jpg,Radeon PRO W6600,8 GB,2331 MHz,2580 MHz,Blue,241 mm,0
ASRock Radeon RX6700XT CLP 12GO,,https://cdna.pcpartpicker.com/static/forever/images/product/6a957f0f2b287256763a28d6d20bee42.256p.jpg,Radeon RX 6700 XT,12 GB,2375 MHz,2620 MHz,Black,303 mm,4.5
PowerColor Red Dragon,,https://cdna.pcpartpicker.com/static/forever/images/product/fcef192dfeea1823465a7f3de49e225f.256p.jpg,Radeon RX 580,8 GB,1257 MHz,1350 MHz,Black / Red,255 mm,4.5
Asus CERBERUS,410.08,https://cdna.pcpartpicker.com/static/forever/images/product/2d5cc651f28f614f4cbe7ab481b4e485.256p.jpg,GeForce GTX 1070 Ti,8 GB,1607 MHz,1746 MHz,Black / Red,270 mm,4.5
ASRock Phantom Gaming D,,https://cdna.pcpartpicker.com/static/forever/images/product/8f9cffb7fad0e364e025473d3db29fbf.256p.jpg,Radeon RX 580,8 GB,1257 MHz,1370 MHz,Black / Silver,236 mm,4.5
Inno3D iChill X3,5400.07,,GeForce RTX 5090,32 GB,2017 MHz,2467 MHz,Silver / Black,334 mm,0
AMD 100-505724,,https://cdna.pcpartpicker.com/static/forever/images/product/f6babce31ae04874f4fef7ade9ab4da7.med.256p.jpg,FirePro W7100,8 GB,824 MHz,,Black / Red,279 mm,3
Asus TUF Gaming OG OC,2362.93,https://cdna.pcpartpicker.com/static/forever/images/product/5627d33ce83204c929f81273e6a7a5f0.256p.jpg,GeForce RTX 4090,24 GB,2235 MHz,2595 MHz,Black,326 mm,0
Asus ROG STRIX BTF GAMING OC,,,GeForce RTX 4090,24 GB,2235 MHz,2640 MHz,Black,358 mm,0
AMD 100-300000077,511.99,https://cdna.pcpartpicker.com/static/forever/images/product/8faf82c7ffc212f876e8bb31a53fcfc9.256p.jpg,Radeon PRO W7600,8 GB,1720 MHz,2440 MHz,Black,241 mm,0
EVGA Superclocked+ ACX 2.0+,,https://cdna.pcpartpicker.com/static/forever/images/product/bc8a4c486e0889d6fd8b9962d7a46909.256p.jpg,GeForce GTX 980 Ti,6 GB,1102 MHz,1190 MHz,Black / Silver,267 mm,4.5
AMD 100-438370,,,Radeon RX 6800 XT,16 GB,1825 MHz,2250 MHz,Black / Silver,267 mm,5
Gigabyte WINDFORCE 2X OC,559.87,https://cdna.pcpartpicker.com/static/forever/images/product/ebcd6aeedcad664069c7d4a5fc9b4770.256p.jpg,GeForce RTX 4070,12 GB,2475 MHz,2490 MHz,Black / Silver,201 mm,0
Biostar VN3706RM82,453.19,https://cdna.pcpartpicker.com/static/forever/images/product/0910d4e3dffdc35cc6f39b9ba448f362.256p.jpg,GeForce RTX 3070,8 GB,1500 MHz,1725 MHz,Black / Red,270 mm,0
Sapphire NITRO+ PhantomLink Polar,,https://cdna.pcpartpicker.com/static/forever/images/product/117fc1d2f615e4f66c43ae4db557bdfa.256p.jpg,Radeon RX 9070 XT,16 GB,2400 MHz,3060 MHz,White,331 mm,0
AMD 100-506085,410.99,https://cdna.pcpartpicker.com/static/forever/images/product/356a4bfb7890e41be5526936059441f8.256p.jpg,Radeon Pro W5700,8 GB,1243 MHz,1930 MHz,Blue / Silver,267 mm,0
ASRock OC Formula,,https://cdna.pcpartpicker.com/static/forever/images/product/d2676e0e6f4fe97c0b4282db1d570473.256p.jpg,Radeon RX 6900 XT,16 GB,2125 MHz,2475 MHz,Silver / Black,332 mm,5
Gigabyte MINI ITX OC,,https://cdna.pcpartpicker.com/static/forever/images/product/f86a874bd4cc59dc18c2ad55a58c5b1d.256p.jpg,GeForce GTX 1660 SUPER,6 GB,1530 MHz,1800 MHz,Black / Silver,170 mm,4.5
MSI AERO ITX OC,,https://cdna.pcpartpicker.com/static/forever/images/product/8cf01b190880406216120cf4c13d95df.256p.jpg,GeForce GTX 1660 SUPER,6 GB,1530 MHz,1815 MHz,Black / White,179 mm,5
XFX THICC II Pro,,https://cdna.pcpartpicker.com/static/forever/images/product/25dccf8901cadc10a410628ca7a1468a.256p.jpg,Radeon RX 5600 XT,6 GB,1247 MHz,1620 MHz,Black,280 mm,4.5
EVGA FTW3 GAMING,,https://cdna.pcpartpicker.com/static/forever/images/product/3c385db831515a409579ab508625e8e5.256p.jpg,GeForce RTX 3070,8 GB,1500 MHz,1770 MHz,Black / Silver,300 mm,5
MSI SLIM STALKER 2 EDITION,,,GeForce RTX 4070 Ti SUPER,16 GB,2340 MHz,2625 MHz,Green / Orange,307 mm,5
Gainward Python II,259.99,,GeForce RTX 4060,8 GB,1830 MHz,2460 MHz,,250 mm,5
EVGA SSC GAMING,,https://cdna.pcpartpicker.com/static/forever/images/product/70bb86154aed5e427972572be5d55e03.256p.jpg,GeForce GTX 1060 6GB,6 GB,1607 MHz,1835 MHz,Black,267 mm,4.5
MSI AERO,,https://cdna.pcpartpicker.com/static/forever/images/product/2dbb2a905f047e521a88c58ba8f63349.256p.jpg,GeForce GTX 1070,8 GB,1531 MHz,1721 MHz,Black / Silver,269 mm,4
Zotac AMP Extreme,,,GeForce GTX 1080 Ti,11 GB,1645 MHz,1759 MHz,Black / Yellow,325 mm,5
MSI Radeon RX 5700 XT 8G,,,Radeon RX 5700 XT,8 GB,1605 MHz,1905 MHz,Silver,270 mm,5
EVGA XC BLACK GAMING,,,GeForce RTX 3060 12GB,12 GB,1320 MHz,1777 MHz,Black,202 mm,4.5
MSI Radeon RX 6800 GAMING X TRIO 16G,2399.83,https://cdna.pcpartpicker.com/static/forever/images/product/4ec65bbdc56e1194265b6703a146db5d.256p.jpg,Radeon RX 6800,16 GB,1700 MHz,2155 MHz,Black / Silver,324 mm,5
XFX Mercury Magnetic Air,,https://cdna.pcpartpicker.com/static/forever/images/product/b857c5a1e5610dce72e383cd88fdf2d5.256p.jpg,Radeon RX 7900 XTX,24 GB,1855 MHz,2615 MHz,Black,346 mm,0
XFX Dual Fan Wolf,,,Radeon RX 9070 XT,16 GB,2400 MHz,2970 MHz,Black,290 mm,4
AMD 100-506157,2372,https://cdna.pcpartpicker.com/static/forever/images/product/263c6f062d16cca4d758d236720aca9c.256p.jpg,Radeon PRO W6800,32 GB,2075 MHz,2320 MHz,Blue / Gray,267 mm,0
EVGA SC2 Gaming iCX,,,GeForce GTX 1070,8 GB,1594 MHz,1784 MHz,White / Black,267 mm,5
EVGA FTW2 GAMING iCX,,,GeForce GTX 1070 Ti,8 GB,1607 MHz,1683 MHz,Black / Silver,267 mm,4.5
PNY VCNRTX5000ADA-PB,3523.52,https://cdna.pcpartpicker.com/static/forever/images/product/2ddec9bd93a1ba55b9fa9f9e714a201e.256p.jpg,RTX 5000 Ada Generation,32 GB,1620 MHz,2130 MHz,Black,267 mm,0
PNY VCNRTXPRO2000-PB,971.99,https://cdna.pcpartpicker.com/static/forever/images/product/e5c6f0154dec45abd1a8702aadd566fe.256p.jpg,RTX PRO 2000 Blackwell,16 GB,982 MHz,,Black,167 mm,0
EVGA FTW3 ELITE GAMING,,https://cdna.pcpartpicker.com/static/forever/images/product/8a797007e6455ac20aca1f066ec5cfc4.256p.jpg,GeForce GTX 1080 Ti,11 GB,1569 MHz,1683 MHz,White / Black,300 mm,4.5
GALAX (1-click OC),,https://cdna.pcpartpicker.com/static/forever/images/product/96dc894cd3255d87674a26e99105ac82.256p.jpg,GeForce RTX 3060 Ti,8 GB,1410 MHz,1680 MHz,Black,256 mm,0
Asus STRIX OC,,,GeForce RTX 3070,8 GB,1500 MHz,1935 MHz,White,318 mm,4
EVGA GAMING,,https://cdna.pcpartpicker.com/static/forever/images/product/66e6e77f75f5de7c48d46259073e7c1f.256p.jpg,GeForce GTX 1070,8 GB,1506 MHz,1683 MHz,Black / Gray,267 mm,5
KFA2 EX Gamer 1-Click OC 3X,,,GeForce RTX 5070 Ti,16 GB,2300 MHz,2512 MHz,White,322 mm,0
Gigabyte WINDFORCE 2X,,,GeForce RTX 2070,8 GB,1410 MHz,1620 MHz,Black,265 mm,4.5
PNY Dual,250,https://cdna.pcpartpicker.com/static/forever/images/product/464d4c6d66b201de38550620d1617698.256p.jpg,GeForce GTX 1660 SUPER,6 GB,1530 MHz,1785 MHz,Black,235 mm,0
Palit KalmX,,https://cdna.pcpartpicker.com/static/forever/images/product/2f268a97f224a87073a90da84694d949.256p.jpg,GeForce RTX 3050 6GB,6 GB,1040 MHz,1470 MHz,Silver / Black,166 mm,5
Zotac Blower,,https://cdna.pcpartpicker.com/static/forever/images/product/bc8e9f4bbbd3d926821cc4937e36368a.256p.jpg,GeForce RTX 2080 Ti,11 GB,1350 MHz,1545 MHz,Black / Silver,268 mm,0
Gigabyte GAMING OC WHITE,,https://cdna.pcpartpicker.com/static/forever/images/product/5fa4bb8543b87c1148d72792d5630292.256p.jpg,GeForce RTX 2070 SUPER,8 GB,1605 MHz,1815 MHz,White,286 mm,4.5
ASRock RX6900XT 16G,,https://cdna.pcpartpicker.com/static/forever/images/product/c64ca8bf6bc7b7b4059312efc0dab23e.256p.jpg,Radeon RX 6900 XT,16 GB,1825 MHz,2250 MHz,Black / Silver,267 mm,0
MSI Radeon RX 6800 16G,,https://cdna.pcpartpicker.com/static/forever/images/product/64146349d9550318e76fa8d3af01665b.256p.jpg,Radeon RX 6800,16 GB,1700 MHz,2105 MHz,Black / Silver,267 mm,5
Gainward Phoenix V1,,https://cdna.pcpartpicker.com/static/forever/images/product/5a0f8a65329f7778b222b5c56da43bc8.256p.jpg,GeForce RTX 3070 LHR,8 GB,1500 MHz,1725 MHz,Silver / Black,294 mm,5
Colorful iGame Ultra W OC-V,,https://cdna.pcpartpicker.com/static/forever/images/product/768b6ebe90c771c1e5a5c963e0d3b695.256p.jpg,GeForce RTX 4070 Ti,12 GB,2310 MHz,2745 MHz,Silver / Blue,334 mm,0
MSI VENTUS 2X BLACK,,,GeForce RTX 4060,8 GB,1830 MHz,2475 MHz,Black,199 mm,5
MSI VENTUS 2X 8GD6X OC,1113.53,https://cdna.pcpartpicker.com/static/forever/images/product/573690ad027d5d35a799563498954a02.256p.jpg,GeForce RTX 3060 Ti,8 GB,1410 MHz,1695 MHz,Black,232 mm,0
PNY XLR8 Gaming EPIC-X RGB,,https://cdna.pcpartpicker.com/static/forever/images/product/b857e9c1a39e2ad0f9acfdd3c4acb13b.256p.jpg,GeForce RTX 3090,24 GB,1395 MHz,1695 MHz,Black,294 mm,5
EVGA HYBRID,,https://cdna.pcpartpicker.com/static/forever/images/product/c94ec4afce0ef985dce8729309fe0fe8.256p.jpg,GeForce GTX Titan X,12 GB,1152 MHz,1241 MHz,Black / Silver,267 mm,5
ASRock Taichi X OC+,,,Radeon RX 5700 XT,8 GB,1810 MHz,2025 MHz,Black / Gold,324 mm,5
Gigabyte GAMING OC PRO,,https://cdna.pcpartpicker.com/static/forever/images/product/71d2fae6e6fbc93b6ad7ecef0db1b3d0.256p.jpg,GeForce RTX 3060 Ti,8 GB,1410 MHz,1770 MHz,Black / Silver,286 mm,4.5
KFA2 EX Gamer (1-Click OC),,,GeForce RTX 4070,12 GB,1920 MHz,2550 MHz,Pink,323 mm,0
ASRock Phantom Gaming,,https://cdna.pcpartpicker.com/static/forever/images/product/b5a9dcf284b3696375c1bcb691d53e0f.256p.jpg,Radeon RX 6500 XT,8 GB,2420 MHz,2825 MHz,Black,240 mm,0
MAXSUN iCraft AIGA OC,,https://cdna.pcpartpicker.com/static/forever/images/product/569c9cac2e3d1ca95da4ad88864c1600.256p.jpg,GeForce RTX 5070 Ti,16 GB,2295 MHz,2482 MHz,White,319 mm,0
XFX DD Ultra,,,Radeon RX 5700,8 GB,1565 MHz,1750 MHz,Black,293 mm,4.5
Colorful iGame Advanced OC-V,,,GeForce RTX 3070,8 GB,1500 MHz,1815 MHz,Silver / Black,316 mm,0
Inno3D GeForce RTX 3080 iCHILL X4,,https://cdna.pcpartpicker.com/static/forever/images/product/bb16cd86ab27bdd2ae3054cfeb289f06.256p.jpg,GeForce RTX 3080 10GB,10 GB,1440 MHz,1770 MHz,Black / Silver,300 mm,5
XFX Speedster MERC 308 Black,,,Radeon RX 6650 XT,8 GB,2055 MHz,2694 MHz,Silver / Black,274 mm,4.5
PNY VCNRTXPRO5000B-PB,5999.99,https://cdna.pcpartpicker.com/static/forever/images/product/445df4119461bcc00e9d6228189a5e05.256p.jpg,RTX PRO 5000 Blackwell,48 GB,1740 MHz,,Black / Gold,267 mm,0
AMD 100-506062,,https://cdna.pcpartpicker.com/static/forever/images/product/d40baf0b772635eab575d7a74b01ae09.256p.jpg,Vega Frontier Edition Liquid,16 GB,1500 MHz,1600 MHz,Gold / Blue,267 mm,0
Asus RX5700XT-8G,,https://cdna.pcpartpicker.com/static/forever/images/product/ee3869252fa987c7d314929e9d40e876.256p.jpg,Radeon RX 5700 XT,8 GB,1605 MHz,1905 MHz,Silver,270 mm,4
Asus TUF Gaming X3 OC,,https://cdna.pcpartpicker.com/static/forever/images/product/33ad8dcbe0f2606d86205c1cce8eba30.256p.jpg,GeForce GTX 1660 SUPER,6 GB,1530 MHz,,Black,264 mm,5
Asus TUF GAMING V2,,https://cdna.pcpartpicker.com/static/forever/images/product/47f258310d37166edf955609c3f1ece2.256p.jpg,GeForce RTX 3060 12GB,12 GB,1320 MHz,1807 MHz,Black,301 mm,5
NVIDIA Star Wars Jedi Order,1281.57,https://cdna.pcpartpicker.com/static/forever/images/product/d5fec30599006edd10d95b5fb30e403d.256p.jpg,Titan Xp,12 GB,1481 MHz,1582 MHz,Silver / Green,267 mm,0
NVIDIA 900-5G195-2501-000,1987,https://cdna.pcpartpicker.com/static/forever/images/product/4df2d5d54b4078afe7a0fc7c38214bee.256p.jpg,RTX PRO 4000 Blackwell SFF,24 GB,405 MHz,,Black,167 mm,0
MSI Founders Edition,835.98,https://cdna.pcpartpicker.com/static/forever/images/product/ece71f50bd6c21b6f421d1003a49ded0.256p.jpg,GeForce GTX 1080 Ti,11 GB,1480 MHz,1582 MHz,Black / Silver,267 mm,4.5
GALAX EX Gamer (1-Click OC),,,GeForce RTX 5070 Ti,16 GB,2300 MHz,2512 MHz,,322 mm,5
Gigabyte VISION OC Rev 2.0,,,GeForce RTX 3070 LHR,8 GB,1500 MHz,1815 MHz,Silver / White,286 mm,4.5
MSI ARMOR MK2 OC,,,Radeon RX 580,8 GB,1340 MHz,1380 MHz,Red / Black,270 mm,4.5
PNY XLR8 Gaming VERTO OC,,,GeForce RTX 4060 Ti,16 GB,2310 MHz,2550 MHz,Black,245 mm,0
MSI VANGUARD SOC LAUNCH EDITION,,https://cdna.pcpartpicker.com/static/forever/images/product/3d6823f5253d7db59e0d2ebd9a47f10a.256p.jpg,GeForce RTX 5070 Ti,16 GB,2300 MHz,2602 MHz,Black / Silver,357 mm,5
Gigabyte AORUS MASTER Rev 2.0,663.41,https://cdna.pcpartpicker.com/static/forever/images/product/8ba6e6e74db5ff2fd3b1bd26a898800c.256p.jpg,GeForce RTX 3070 LHR,8 GB,1500 MHz,1845 MHz,Black,290 mm,5
AMD 100-505957,933.57,https://cdna.pcpartpicker.com/static/forever/images/product/156c0020f8e119511325c1515a315d4d.256p.jpg,Radeon Pro WX 9100,16 GB,1200 MHz,1500 MHz,Blue,267 mm,0
PNY XLR8 Gaming REVEL EPIC-X RGB Dual Fan,,https://cdna.pcpartpicker.com/static/forever/images/product/a60cc48ec2dcb0185fc6f3eae0a3b563.256p.jpg,GeForce RTX 3060 12GB,12 GB,1320 MHz,,Black,247 mm,4.5
MSI Radeon RX 6600 ARMOR 8G V1,736.43,,Radeon RX 6600,8 GB,1626 MHz,2491 MHz,Black / Silver,238 mm,0
EVGA FTW3 ULTRA HYBRID GAMING,,https://cdna.pcpartpicker.com/static/forever/images/product/c524cb929f2acfca9593e3015dab0255.256p.jpg,GeForce RTX 3090 Ti,24 GB,1560 MHz,1920 MHz,Black,289 mm,5
Asus rx7900xtx-24g,,https://cdna.pcpartpicker.com/static/forever/images/product/991083ca634c15e08fd5b9c7c33f6230.256p.jpg,Radeon RX 7900 XTX,24 GB,2300 MHz,2500 MHz,Black,287 mm,5
XFX RX-79XMBABF9,,,Radeon RX 7900 XTX,24 GB,2300 MHz,2500 MHz,Black,287 mm,5
Gainward Phantom,3799.99,https://cdna.pcpartpicker.com/static/forever/images/product/cfc7359172a4a9e001f4206018f0adbb.256p.jpg,GeForce RTX 5090,32 GB,2010 MHz,,Black,332 mm,0
AMD 100-300000006,856,https://cdna.pcpartpicker.com/static/forever/images/product/e34954f27459fd950996adce2578d70b.256p.jpg,Radeon PRO W7700,16 GB,1900 MHz,2600 MHz,,241 mm,0
PNY XLR8 Gaming Overclocked Edition,200,https://cdna.pcpartpicker.com/static/forever/images/product/7290e13f4172bed8c422afece27ae3b9.256p.jpg,GeForce GTX 1660,6 GB,1530 MHz,1830 MHz,Black,168 mm,5
Asus TUF Gaming OG,1784.55,https://cdna.pcpartpicker.com/static/forever/images/product/fde2a13aa35667734c5ef8c845b41c04.256p.jpg,GeForce RTX 4090,24 GB,2235 MHz,2550 MHz,Black,326 mm,0
ASRock RX 5700 XT Phantom Gaming D 8G OC,,https://cdna.pcpartpicker.com/static/forever/images/product/18e96427d246f0d75f614bc265597452.256p.jpg,Radeon RX 5700 XT,8 GB,1690 MHz,1945 MHz,Black / Red,287 mm,4
EVGA XC3 GAMING,,https://cdna.pcpartpicker.com/static/forever/images/product/343cbbeb7a97fe36398610f6c1a25268.256p.jpg,GeForce RTX 3070,8 GB,1500 MHz,1725 MHz,Black / Silver,285 mm,0
XFX Speedster QICK 319 Ultra,,https://cdna.pcpartpicker.com/static/forever/images/product/324703e8246e7065e23e806a6df68761.256p.jpg,Radeon RX 6700 XT,12 GB,2321 MHz,2622 MHz,Black,323 mm,5
PNY EPIC-X RGB Triple Fan Plus,,https://cdna.pcpartpicker.com/static/forever/images/product/afbe60fa825b7e666f5339be09ae5262.256p.jpg,GeForce RTX 5070 Ti,16 GB,2295 MHz,2452 MHz,Black,328 mm,0
PNY VCG509032TFXPB1,,https://cdna.pcpartpicker.com/static/forever/images/product/afefcb4518176b196b2a4c3e3c2e4324.256p.jpg,GeForce RTX 5090,32 GB,2010 MHz,2407 MHz,Black,329 mm,0
Intel 23P04E00BA,,https://cdna.pcpartpicker.com/static/forever/images/product/715ce0ef782e85f721fe010e708d046d.256p.jpg,Arc Pro A60,12 GB,900 MHz,2050 MHz,Black,241 mm,0
MSI Radeon RX 6900 XT GAMING X TRIO 16G,,,Radeon RX 6900 XT,16 GB,1825 MHz,2340 MHz,Silver / Black,324 mm,4.5
PowerColor Red Devil Limited Edition,1226,https://cdna.pcpartpicker.com/static/forever/images/product/a942ac1d4371fc2be1fafc4799c90269.256p.jpg,Radeon RX 7900 XTX,24 GB,2300 MHz,2565 MHz,Black,338 mm,5
Zotac Trinity Black Edition,,https://cdna.pcpartpicker.com/static/forever/images/product/b5a9a7596edb89dbf97b015c090149df.256p.jpg,GeForce RTX 4070 SUPER,12 GB,1980 MHz,2475 MHz,Black,307 mm,5
Sapphire Toxic Extreme Edition,766.34,https://cdna.pcpartpicker.com/static/forever/images/product/9b8031bbb44b1cd5f863907715b2b160.256p.jpg,Radeon RX 6900 XT,16 GB,1825 MHz,2525 MHz,Black,270 mm,4.5
PNY VCQP6000-PB,932.53,https://cdna.pcpartpicker.com/static/forever/images/product/2b72df8631a971c1af495096561c2793.256p.jpg,Quadro P6000,24 GB,1417 MHz,1531 MHz,Black / Green,267 mm,0
EVGA 06G-P4-3790-KR,,,GeForce GTX Titan Black,6 GB,889 MHz,980 MHz,Black / Silver,266 mm,4
GALAX KATANA,,https://cdna.pcpartpicker.com/static/forever/images/product/f1c88e31853b51cd0c03cf28083de2a8.256p.jpg,GeForce GTX 1070,8 GB,1518 MHz,1708 MHz,Black,267 mm,5