name,price,image,dvd,cd,dvd_write,cd_write,bd_write,bd,rating
Lite-On iHAS124-14,54.71,https://cdna.pcpartpicker.com/static/forever/images/product/1c0c6739ed6544996749709d5555442a.med.256p.jpg,16,48,24/8/8/24/6/8/5,48/24,48/24,,4
LG WH14NS40,99.99,https://cdna.pcpartpicker.com/static/forever/images/product/f01ff4c3a2b299c6c8ee623bab52413b.256p.jpg,16,48,16/8/8/16/6/8/5,48/24,14/12/2/2,12,4.5
LG GH24NSD5,29.5,https://cdna.pcpartpicker.com/static/forever/images/product/ee4cd07587af9f2e4deb310a780677ea.256p.jpg,16,48,24/8/12/8/6/12/12,48/24,48/24,,4
Asus BW-16D1HT,128.99,https://cdna.pcpartpicker.com/static/forever/images/product/84369136093ebb9b87331107edd2b211.256p.jpg,16,48,16/8/8/16/6/8/5,48/24,16/12/2/2,12,4
Plextor PX-891SAF,104.48,,16,48,24/8/12/24/6/12/12,48/32,48/32,,0
Asus DRW-24B1ST/BLK/B/AS,141.74,https://cdna.pcpartpicker.com/static/forever/images/product/6f533c54d93b7bd4228c572edab0748c.256p.jpg,16,48,24/8/12/24/6/12/12,48/32,48/32,,4.5
Silverstone TOB04,163.24,https://cdna.pcpartpicker.com/static/forever/images/product/3b145455724206a79efa94f828d8c77f.256p.jpg,8,24,8/8/8/8/8/8/8,24/24,6/6/6/4,6,0
Asus BW-14D1XT,357.91,12,16,48,16/8/8/16/6/8/5,48/24,14/12/2/2,12,4
LG WH16NS40,123,12,16,48,16/8/8/16/6/8/5,48/24,16/12/2/2,12,4
HP QS208AA,66,https://cdna.pcpartpicker.com/static/forever/images/product/cd7785e58f68a8fe82aba50968bb9859.256p.jpg,16,48,16/8/8/-/6/8/-,48/32,48/32,,4
Pioneer BDR-212DBK,149.94,https://cdna.pcpartpicker.com/static/forever/images/product/7b613943a786696c861cbddfb6417b50.256p.jpg,,,16/8/8/16/6/8/5,40/24,16/14/2/2,,3
Pioneer BDR-S12XLT,,16,16,40,16/8/8/16/6/8/5,40/24,16/14/2/2,16,0
Pioneer BDR-209DBK,149.94,https://cdna.pcpartpicker.com/static/forever/images/product/8c6cd79b52ef1c6f8eb2b5209e80bb27.256p.jpg,16,40,16/8/8/16/6/8/-,40/24,16/14/2/2,12,4.5
LG GTB0N,39.97,,8,24,8/6/6/8/6/6/5,24/24,24/24,,0
Pioneer BDR-211UBK,,https://cdna.pcpartpicker.com/static/forever/images/product/b689802f6793c593b3f99be46a48531f.256p.jpg,16,40,16/8/8/16/6/8/5,40/24,16/14/2/2,12,0
Asus BC-12D2HT,,https://cdna.pcpartpicker.com/static/forever/images/product/e4e9d271107c7a4ea812d825454ec64c.256p.jpg,,,16/8/8/6/12/8/5,48/24,12/8/8/6,,5
Pioneer BDR-S13UBK,,https://cdna.pcpartpicker.com/static/forever/images/product/f5c85d7a7872db7e78308b9dc1597fd1.256p.jpg,16,48,16/14/2/2,48/40,16/14/2/2,12,3
LG GH24NSD1,,https://cdna.pcpartpicker.com/static/forever/images/product/c210b881597668e190fa0744bd73119b.256p.jpg,16,48,24/8/16/24/6/12/12,48/32,48/32,,4
LG BU40N,93.18,https://cdna.pcpartpicker.com/static/forever/images/product/1e666affd5018e87920154a7b454f3d6.256p.jpg,,,8/8/6/8/6/6/5,24/16,6/6/2/6,,5
Asus BW-12B1ST/BLK/G/AS,,8,16,48,16/8/8/16/6/8/12,48/24,12/4/2/2,8,4.5
Asus DRW-24F1ST,54.99,https://cdna.pcpartpicker.com/static/forever/images/product/e705f32ef0def6cd23e9773e5502e189.256p.jpg,16,48,24/8/8/24/6/8/5,48/24,48/24,,4
Asus BC-12B1ST/BLK/B/AS,,https://cdna.pcpartpicker.com/static/forever/images/product/03a876662b3c8953dc45962b027c466b.256p.jpg,16,48,16/8/8/16/6/8/12,48/24,48/24,12,4
LG WH16NS60,,https://cdna.pcpartpicker.com/static/forever/images/product/61fc99a0c56fdde1947feaf47a43b663.256p.jpg,,,-/-/-/-/-/-/5,48/24,16/12/-/-,,4
Panasonic UJ-265,126.68,6,8,24,8/8/6/8/8/6/-,24/16,6/6/-/-,6,4
LG BH12LS38,,12,16,48,16/8/8/16/6/8/12,48/24,12/12/2/2,12,0
LG BH16NS40,116.99,https://cdna.pcpartpicker.com/static/forever/images/product/d0152119d2618d6ea1662eafa763e9f1.256p.jpg,16,48,16/8/8/16/6/8/5,48/24,16/12/2/-,12,4
Lite-On iHAS124-04,,,16,48,24/8/8/24/6/-/12,48/32,48/32,,4
Asus DRW-24D5MT,56.08,https://cdna.pcpartpicker.com/static/forever/images/product/dc969f6e1ecf57495d250df2def9d027.256p.jpg,16,48,16/13/12/16/8/12/5,48/40,48/40,,3.5
LG GH24NSB0,43.99,,16,48,24/8/8/24/6/8/5,48/24,48/24,,4
Pioneer DVR-216D,,,16,40,20/8/12/20/32/12/-,40/32,40/32,,0
Asus SDRW-08U1MT,27.94,https://cdna.pcpartpicker.com/static/forever/images/product/bb95c092d7de2c7a91357073efeac24a.256p.jpg,,24,8/8/6/8/6/6/5,24/24,24/24,,0
LG GUD0N,26.95,,,,8/6/6/8/6/6/5,24/24,24/24,,0
LG BH16NS55.AUAR10B,,,,40,16/12/12/16/12/12/5,48/40,8/8/8/6,,4.5
Asus DRW-24B3ST/BLK/G/AS,,,16,48,24/8/12/24/6/12/12,48/24,48/24,,4
Sony BD-5300S,,8,16,48,16/8/8/16/6/8/12,48/24,12/8/2/2,8,4.5
LG GH24NSC0,31.98,https://cdna.pcpartpicker.com/static/forever/images/product/a94dc2fa2fa957dabb2201dee9911def.256p.jpg,16,48,24/8/8/24/6/8/5,48/24,48/24,,4
LG BH12LS35,,,,,16/12/12/16/12/12/12,48/24,12/12/2/2,,5
Silverstone SOB03,,https://cdna.pcpartpicker.com/static/forever/images/product/f5c7e3f0977e85b06951f0b9245f93b4.256p.jpg,8,24,8/8/4/8/6/4/5,24/10,6/6/2/2,6,0
Lite-On iHOS104-06,,4,8,32,,,,4,4
Lite-On DH-16AFSH,42.99,,,,16/8/8/16/6/8/-,48/24,48/24,,4
Samsung SH-B123L/RSBP,,12,16,48,16/8/8/16/16/8/12,48/24,48/24,12,4
LG BH14NS40,,12,16,48,16/8/8/16/6/8/5,48/24,14/12/2/2,12,4
Pioneer BDR-2209,,https://cdna.pcpartpicker.com/static/forever/images/product/3af7963f7e022c8ca3c56185754639ce.256p.jpg,16,40,16/6/8/16/6/8/5,40/24,16/14/2/2,12,4.5
Lite-On DS-8ABSH-01,34.7,https://cdna.pcpartpicker.com/static/forever/images/product/05ff9e8b515a962a6d35fbf051c0bb47.256p.jpg,8,24,8/8/6/8/6/6/5,24/24,24/24,,5
Pioneer BDC-207DBK,149.9,8,16,40,16/8/8/16/6/8/5,40/24,40/24,8,3.5
Pioneer BDR-S09XLT,,https://cdna.pcpartpicker.com/static/forever/images/product/ca3a0ac3e1ddcf26eb31e076cbd19565.256p.jpg,5,40,16/12/12/16/12/12/5,40/24,12/8/10/6,,0
Asus BC-12B1ST,,https://cdna.pcpartpicker.com/static/forever/images/product/13135030c3b0c34a4d97f16c5b11fe48.256p.jpg,,,16/8/8/16/6/8/12,48/24,48/24,,0
Pioneer BDR-212EBK,,https://cdna.pcpartpicker.com/static/forever/images/product/bd4fa53c97d6193fa1dbf3ed9649d656.256p.jpg,,,16/-/-/16/-/-/-,40/-,40/-,16,0
Pioneer BDR-213EBK,,,,,,,,,0
Samsung SH-222AB,,,16,48,22/8/16/22/6/12/12,48/24,48/24,,4.5
LG UH12NS40,,https://cdna.pcpartpicker.com/static/forever/images/product/4e1184c3762ba4641e0da2ac60778062.256p.jpg,16,48,16/8/8/16/6/8/5,48/24,48/24,12,4.5
Lite-On IHBS112-04,,8,16,48,16/8/8/16/6/8/12,48/48,12/8/2/2,8,4
Pioneer BDR-206DBKS,,8,16,40,16/8/8/16/6/8/-,40/24,12/12/2/2,8,5
Sony AD-7280S-0B,,,16,48,24/8/12/24/6/12/12,48/32,48/32,,4
LG GH24NS90,,,16,48,24/8/8/24/6/8/12,48/32,48/32,,4
Samsung SH-224DB/BEBE,,https://cdna.pcpartpicker.com/static/forever/images/product/16ab1604cab19e92a29c611a097fa111.256p.jpg,16,48,24/8/8/24/6/8/12,48/24,48/24,,4
LG BH10LS30,,6,16,48,16/8/8/16/8/8/12,48/24,10/8/8/6,6,5
LG GH22NS70 OEM,,,16,48,22/8/8/22/6/8/12,48/32,48/32,,3.5
Lite-On iHAS224-06,,,16,48,24/8/12/24/6/12/12,48/32,48/32,,4.5
Memorex 98240,79.88,https://cdna.pcpartpicker.com/static/forever/images/product/9263e8f215c730ccb96b64130f44c4dd.256p.jpg,16,48,24/6/8/24/6/8/-,48/32,48/32,,0
Plextor PX-LB950SA,,8,16,48,16/8/8/16/6/8/12,48/24,12/8/2/2,8,5
Samsung SN-208BB,,,8,24,8/8/8/8/6/8/5,24/4,24/4,,5
LG UH12NS29,,10,16,48,16/8/8/16/6/8/12,48/24,48/24,10,4.5
LG GH24NS95,,https://cdna.pcpartpicker.com/static/forever/images/product/c210b881597668e190fa0744bd73119b.256p.jpg,16,48,24/8/8/24/6/8/5,48/24,48/24,,4
LG UH12NS30,,https://cdna.pcpartpicker.com/static/forever/images/product/4e1184c3762ba4641e0da2ac60778062.256p.jpg,16,,16/8/8/16/6/8/5,48/24,48/24,12,4.5
HP 652238-B21,34.4,https://cdna.pcpartpicker.com/static/forever/images/product/4fcf0bbed8b22ed949864787dc6d8074.256p.jpg,8,24,,,,,0
LG GS40N,,https://cdna.pcpartpicker.com/static/forever/images/product/3e7085ac26a034deb88fdd6a014d8cda.256p.jpg,8,24,8/8/6/8/6/6/5,24/16,24/16,,4
I/O Magic IDVD22DL,19.98,,16,48,22/8/16/22/6/16/12,48/32,48/32,,0
HP 1270i,68.98,,16,48,24/8/12/24/6/12/12,48/32,48/32,,4
LG GH24NS70 OEM,,,16,48,24/8/8/24/6/8/12,48/32,48/32,,4.5
Asus DVDE818A7T/BLK/B/GEN,,,18,48,16/10/8/16/10/8/5,16/10/8/16/10/8/5,,,4
LG GH22NS50 Bulk,,,16,48,22/8/-/22/8/-/12,48/32,48/32,,3
Asus DRW-24B3LT,,,16,48,24/8/12/24/6/12/12,48/24,48/24,,5
LG CH10LS28,,10,16,48,16/8/8/16/6/8/12,48/24,48/24,10,4
MSI DH-24AS U88,,https://cdna.pcpartpicker.com/static/forever/images/product/a41ed98c4262b9e687c028df081398e0.med.256p.jpg,16,48,24/8/-/24/8/-/-,48/32,48/32,,3
Pioneer BDR-208DBK,,12,16,40,16/8/8/16/6/8/-,40/24,15/14/2/2,12,4
LG BT30N,,6,8,24,8/8/6/8/6/6/5,24/24,6/6/2/-,6,4
Samsung SH-118BB,,,18,48,,,,,4
Samsung SH-224DB/RSBS,,,16,48,24/8/8/24/6/8/5,48/24,48/24,,4
HP AR629AA,,,16,48,,,,,0
HP DVD1265I,,https://cdna.pcpartpicker.com/static/forever/images/product/988de1867e91e868e3dfa6fa3fbd94c4.256p.jpg,16,48,24/8/12/24/6/12/-,48/32,48/32,,4
Silverstone SOD02B,,,8,24,8/8/6/8/6/6/5,24/4,24/4,,4.5
Lite-On SOHW-832S,,,12,40,8/4/2/8/4/2/-,40/24,40/24,,0
LG GUB0N,29.75,,8,24,8/6/6/8/6/6/5,24/24,24/24,,3
Samsung SH-224GB/BSBE,,,16,48,24/8/8/24/6/8/5,48/24,48/24,,0
Pioneer BDR-211EBK,,https://cdna.pcpartpicker.com/static/forever/images/product/d9ec8d732f0ed77b1e4abe8fbb9ec1c3.256p.jpg,,,-/16/-/-/16/-/-,-/40,16/-/-/-,,0
HP bd340i,,8,16,48,16/8/8/16/6/8/12,48/24,12/8/2/2,8,5
LG GH24LS70,,,16,48,24/8/8/24/6/8/12,48/32,48/32,,4
Pioneer DVR-118LBK,,,22,40,22/8/12/22/6/12/12,40/32,40/32,,0
Sony AD-7261S-0B,,,16,48,24/8/12/24/6/12/12,48/32,48/32,,4
Sony BC-5500H-01,,4,8,24,8/4/4/8/4/4/5,16/10,16/10,4,0
Lite-On iHDP118-04,,https://cdna.pcpartpicker.com/static/forever/images/product/2ed489a17bee0ccb859dfd1a8e5d9348.256p.jpg,18,48,,,,,3
MSI DH-18D4P,,https://cdna.pcpartpicker.com/static/forever/images/product/6464b6f0e85ef421ca6a0be0961d85b8.256p.jpg,18,48,,,,,0
LG WH12LS30,,10,16,48,16/8/8/16/6/8/12,48/24,12/12/2/2,10,5
LG WH12LS38,,10,16,48,16/8/8/16/6/8/12,48/24,12/12/2/2,10,5
I/O Magic IBD1,,10,16,48,16/8/4/16/6/4/-,48/24,10/8/2/-,10,0
Samsung SH-222BB/BEBE,,,16,48,22/8/8/22/6/8/12,48/24,48/24,,4
Lite-On IHBS312-98,,8,16,48,16/8/8/16/6/8/12,48/24,12/8/2/2,8,4
Pioneer BDR-2208,,https://cdna.pcpartpicker.com/static/forever/images/product/fd1f77d80ab0a15c28970543ee38403a.med.256p.jpg,16,40,16/8/8/16/6/8/5,40/24,15/14/2/2,12,3
EVGA 100-OD-S101-BR,,,,,8/8/6/8/6/6/5,24/24,24/24,,3.5
OcUK CD-004-OK,,https://cdna.pcpartpicker.com/static/forever/images/product/6dc79ff662c657a6cd341db7e8b117a7.256p.jpg,,,16/16/8/16/16/8/-,48/24,48/24,8,0
LG GH24NSC0B,31.98,https://cdna.pcpartpicker.com/static/forever/images/product/384a5a884fccc960588f552d2a71d4cd.256p.jpg,16,48,24/8/8/24/6/8/5,48/24,48/24,,4
Samsung SH-118CB/BEBE,,,18,48,,,,,4
Samsung SH-216DB,,,,,16/8/8/16/6/8/5,48/24,48/24,,0
LG GGC-H20L,,6,16,40,,,,6,5
LG GH22LS50,,,12,48,22/8/16/22/6/12/12,48/32,48/32,,0
HP 447328-B21,,,16,50,16/8/-/16/8/-/-,40/32,40/32,,3.5
Samsung SH-S223C,,,16,48,22/8/16/22/6/12/12,48/32,48/32,,5
LG GH22LP21,,,16,48,22/8/16/22/6/12/12,48/32,48/32,,0
Lite-On IHBS112-29,,8,16,48,16/8/8/16/6/8/12,48/24,12/8/2/2,8,4.5
Pioneer BDR-206MBK,,6,8,24,8/8/8/8/6/8/-,24/24,6/6/2/2,6,5
Sony BD-5740H-01,,6,8,24,8/8/6/8/6/6/5,24/16,6/6/2/2,6,0
Samsung SH-B123L,,12,16,48,16/8/8/16/6/8/12,48/4,48/4,12,3
Sony DDU1681S-0B,,,18,48,,,,,4
Lite-On iHAS424-98,,https://cdna.pcpartpicker.com/static/forever/images/product/5234fca48acf63fb07e1b79d079b60a7.med.256p.jpg,16,48,24/8/12/24/6/12/12,48/32,48/32,,4.5
Sony AD-7260S-01,,,16,48,24/8/12/24/6/12/12,48/32,48/32,,5
Lite-On iHDS118-04,,,18,48,,,,,4
Buslink DBW-1647,,,16,48,16/4/4/16/4/-/-,48/32,48/32,,0
Asus DRW-22B3S/BLK/G/AS,,,16,48,22/8/12/22/6/12/12,48/24,48/24,,0
MSI DH-18D5S,,https://cdna.pcpartpicker.com/static/forever/images/product/c578cae4c696aee0e2a6037a40ed6f88.256p.jpg,18,48,,,,,0
Lite-On iHES112-29,,12,16,48,16/8/8/16/6/8/12,48/24,48/24,12,0
Teac DV516E/B/S,,,16,48,,,,,0
Sony BC5640H-03,,6,8,24,8/8/6/8/6/6/5,24/16,24/16,6,0
LG GH22NS90B,,,16,48,22/8/8/22/6/8/12,48/32,48/32,,3.5
Samsung SH-222AL/BSBS,,,22,48,22/8/16/22/6/12/12,48/24,48/24,,4.5
HP 447326-B21,,,16,40,,,,,3
Samsung TS-H353C,,,16,40,,,,,4
Lite-On iHES212-08,,12,16,48,16/8/8/16/6/8/12,48/24,48/24,12,5
LG WH12LS39,,10,16,48,16/8/8/16/6/8/12,48/24,12/12/2/2,10,4.5
Sony 5280S-CB-PLUS,,,16,48,24/8/12/24/6/12/-,48/32,48/32,,4
Sony AD-7280S-02,,,16,48,24/8/12/24/6/12/12,48/32,48/32,,3
Pioneer BDR-207DBKS,,10,16,40,16/8/8/16/6/8/-,40/24,12/12/2/2,10,4
Pioneer BDR-207MBK,,10,16,40,16/8/8/16/6/8/5,40/24,12/12/2/2,10,5
Pioneer BDR-2206,,8,12,40,16/8/8/16/6/8/-,40/24,12/12/2/2,8,0
LG GH24NS72,,,16,48,24/6/8/24/8/24/-,48/32,48/32,,4
MSI DH-24AS,,,16,48,24/8/12/24/6/12/12,48/32,48/32,,5
Samsung SH-224BB,,,16,48,24/8/8/24/6/8/12,48/24,48/24,,4
Supermicro DVM-TEAC-824B,,,8,24,,,,,0
Archgon CB-5021-GD,,https://cdna.pcpartpicker.com/static/forever/images/product/3d57b5552e0e55830942fe4460ac28d6.med.256p.jpg,8,24,8/8/6/8/6/6/5,24/24,24/24,,0
Pioneer BDR-S08XLT,,,,,,,,,0
Lite-On DL-8A4SH-01,,,8,24,8/8/6/8/6/6/5,24/24,24/24,,5
Silverstone SST-SOB02,,,,24,8/8/8/8/8/8/4,24/24,6/6/6/6,,3
Sony AD-7200S-0B,,,,,20/8/8/20/6/12/12,48/32,48/32,,3.5
Samsung SH-S203B,,,20,48,20/8/12/20/6/12/12,32/48,32/48,,0
HP 481041-B21,,,8,24,,,,,0
LG GH22NP21,,,16,48,22/8/16/22/6/12/12,48/32,48/32,,0
Lite-On iHAP122-04,,,16,48,22/8/8/22/6/8/12,48/32,48/32,,0
Lite-On iHAP222-06,,,16,48,22/8/8/22/6/8/12,48/32,48/32,,0
Lite-On iHBS212-08,,8,16,48,16/8/8/16/6/8/12,48/24,12/8/2/2,8,5
Plextor PX-B940SA-11,,8,16,40,16/8/8/16/6/8/5,40/24,12/12/2/2,8,0
Samsung SH-222AL,,,16,48,22/8/16/22/6/12/12,48/24,48/24,,0
Sony AD-7260S-0B,,,16,48,24/8/12/24/6/12/12,48/32,48/32,,3
Sony AD-7690H-01,,,8,24,8/8/6/8/6/6/5,24/24,24/24,,0
Sony AD-7710H-01,,,8,24,8/8/6/8/6/6/5,24/24,24/24,,0
Sony BD-5300S-0B,,8,16,48,8/8/6/8/6/6/5,24/16,12/8/2/2,8,0
LG UH12LS28 OEM,,12,16,48,16/8/8/16/6/8/12,48/24,48/24,12,3.5
Plextor PX-L871A,,,16,48,22/8/12/22/6/12/12,48/24,48/24,,0
Plextor PX-L890SA,,,16,48,24/8/12/24/6/12/12,48/24,48/24,,5
Sony BC-5640H-01,,6,8,24,8/8/6/8/6/6/5,24/16,24/16,6,0
Plextor PX-B320SA SW,,8,16,48,16/8/8/16/6/8/12,48/32,48/32,8,0
Lite-On iHOS104-08,,4,8,32,,,,4,0
Asus DRW-24B3LT/BLK/G/AS,,,16,48,24/8/-/24/8/-/-,48/24,48/24,,3
Lite-On Ihap322-98,,,16,48,22/8/-/22/6/-/12,48/32,48/32,,4
Lite-On iHAP422-98,,,16,48,22/8/8/22/6/8/12,48/32,48/32,,0
Lite-On iHAS-324-98B,,https://cdna.pcpartpicker.com/static/forever/images/product/b85a8d9198c0549c60fdbb7617ac8778.256p.jpg,16,48,24/8/8/24/6/8/12,48/32,48/32,,4
Plextor PX-L890SA R,,,16,48,24/8/12/24/6/12/12,48/24,48/24,,0
Samsung SH-S222A,,,16,48,22/8/16/22/6/12/12,48/32,48/32,,0
Lite-On iHDP118-08,,,18,48,,,,,0
Asus DRW-22B2Sb/BLK/B/AS,,,16,48,22/8/12/22/6/12/12,48/32,48/32,,5
Lite-On iHAS524-T98A,,,16,48,24/8/12/24/6/12/12,48/32,48/32,,3
Lite-On DS-8A5S,,,8,24,8/8/6/8/6/6/5,24/24,24/24,,0
MSI DH-24AAS-17 R,,,16,48,24/8/12/24/6/12/12,48/32,48/32,,5
Lite-On DC-8A2SH,,,8,24,8/8/6/8/6/6/5,24/24,24/24,,0
Lite-On ihes112-04,,12,16,48,16/8/8/16/6/8/12,48/24,48/24,12,4
Sony BWU-500S,,8,16,48,8/8/6/8/6/6/5,24/16,12/8/2/2,8,0
Lite-On iHES208-08,,8,16,48,16/8/8/16/6/8/12,48/48,48/48,8,0
Sony BD-5750H,,6,8,24,8/8/6/8/6/6/5,24/16,6/6/2/2,6,4
Teac DV516E/S,,,16,48,,,,,0
Memorex 98240-KIT,,,16,48,24/8/8/24/6/8/-,48/32,48/32,,0
Lite-On DS-8A8SH,,,8,24,8/8/6/8/6/6/5,24/24,24/24,,4.5
Memorex MRX-550L,,https://cdna.pcpartpicker.com/static/forever/images/product/5c28eb427548ac792fc3e5b179d034bb.med.256p.jpg,16,48,24/8/-/24/6/-/-,48/32,48/32,,0
Sony AD-7740H-01,,,8,,8/-/-/8/-/-/-,8/-/-/8/-/-/-,,,0
MSI DH-22AP,,,16,48,22/8/-/22/6/-/12,48/32,48/32,,0
Samsung SH-222AL/RSBS,,,16,48,22/8/16/22/6/12/12,48/24,48/24,,4
Gear Head 24XDVDINTLS,,,,,24/8/12/24/-/12/12,24/8/12/24/-/12/12,,,0
Samsung SH-222AL/BSBE,,,16,48,22/8/16/22/6/12/12,48/24,48/24,,0
Samsung TS-HB43L/HPBHF,,,16,40,16/8/8/16/8/8/12,40/-,40/-,,5
Lite-On ihes108-29,,8,16,48,16/8/16/16/6/16/12,48/32,8/4/8/4,8,0
Lite-On iHAS324-99,,,16,48,24/8/12/24/6/12/12,48/32,48/32,,0
Lite-On iHAS524-06,,,16,48,24/8/12/24/6/12/12,48/32,48/32,,0
LG CH12LS28,,10,16,48,16/8/8/16/6/8/12,48/24,48/24,10,4
Pioneer BDR-207,,10,16,40,16/8/8/16/6/8/-,40/24,12/12/2/2,10,0
Pioneer BDR-2207,,10,16,40,16/8/8/16/6/8/5,40/24,12/12/2/2,10,0
Samsung SN-208DB/BEBE,119.99,,8,24,8/8/6/8/6/6/5,24/24,24/24,,4.5
Lite-On ihas524-T06,,,16,48,24/8/12/24/6/12/12,48/32,48/32,,4.5
LG UH12LS29,,10,16,48,16/8/8/16/6/8/12,48/24,48/24,10,0
Lite-On IHAS324-98,69.9,,16,48,24/8/-/24/6/-/-,48/32,48/32,,4.5
Lite-On IHES312-98,,12,16,48,16/8/8/16/6/8/12,48/24,48/24,12,4
Samsung SH-222BB/RSBS,,,16,48,22/8/8/22/6/8/12,48/24,48/24,,0
Samsung SH-224BB/RSBS,,,16,48,24/8/8/24/6/8/12,48/24,48/24,,4
LG CH10LS20 OEM,,10,16,48,16/8/-/16/6/-/-,48/24,48/24,10,4
Lite-On DS-8A9SH-01,,,8,24,8/8/6/8/6/6/5,24/24,24/24,,3
Plextor PX-891SA-26,,,16,48,24/8/12/24/6/12/12,48/32,48/32,,5
Plextor PX-891SA-28,,,16,48,24/8/12/24/6/12/12,48/32,48/32,,0
Lite-On IHAS324-07,,,16,48,24/8/12/24/6/-/-,48/32,48/32,,4
Asus DVD-E818AAT/BLK/B/GEN,,https://cdna.pcpartpicker.com/static/forever/images/product/1fcfd375cec05a9f7cb78ef8a9178017.256p.jpg,18,48,,,,,4
LG GT80N,,,8,24,8/8/6/8/6/6/5,24/24,24/24,,5
Samsung SN-208DB/BEBET,,,8,24,8/8/6/8/6/6/5,24/24,24/24,,4
HP 624192-B21,,,,,16/8/8/16/6/8/5,40/24,40/24,,4
Asus DRW-2014L1T,,,16,48,20/8/8/20/6/8/14,48/32,48/32,,0
Samsung SH-S223Q,,,16,48,22/8/16/22/6/12/12,48/32,48/32,,5
Archgon CB-5021-GB,,https://cdna.pcpartpicker.com/static/forever/images/product/777b70ab5a0855ceb00cbfaf94d77c46.256p.jpg,8,24,8/8/6/8/6/6/5,24/4,6/2/2/2,6,0
Samsung SN-208FB/BEBE,,https://cdna.pcpartpicker.com/static/forever/images/product/ae8982968dc8cceb2aaeeda6532a2b27.256p.jpg,8,24,8/8/6/8/6/6/5,24/-,24/-,,3.5
OcUK iHAS124-14,,https://cdna.pcpartpicker.com/static/forever/images/product/b41a4178121418752b21f5b1fc98d0fc.256p.jpg,16,48,24/8/8/24/6/8/5,48/24,48/24,,0
OcUK CD-005-OK,,10,16,40,16/8/8/12/8/8/12,48/40,6/-/8/-,10,0
OcUK OcUKSATADVDRW,,,16,40,16/12/12/16/12/12/-,48/40,48/40,,0
LG GH24NSB0B,,,16,48,24/8/8/24/6/8/5,48/24,48/24,,4
Asus DVD-E818AAT/BLK/B/GE,,,18,48,,,,,4.5
I/O Magic IDVD24S,30.68,,,,24/8/16/24/1/16/12,48/32,48/32,,0
LG CU20N,,6,8,24,8/8/6/8/6/6/5,24/16,24/16,6,0
Lenovo 41N5618,,,16,40,,,,,0
Lenovo 0A65618,,,,,16/12/12/16/12/12/12,48/40,48/40,,0
Lite-On DH-4O1S-11,,4,12,32,,,,4,0
Asus DRW-24D3ST,,,16,48,16/13/12/16/8/12/5,48/40,48/40,,4
Samsung SH-224FB/RSMS,,,,,24/8/8/24/8/8/5,48/24,48/24,,4
Asus BC-06B1ST,,6,16,48,16/8/8/16/8/8/-,48/32,6/4/6/4,6,0
Teac BD-W512GSA,,,,,16/8/8/16/6/8/-,48/24,12/8/2/2,,0
LG GH10N,,,,,,,,,5
Samsung SH-224FB,,https://cdna.pcpartpicker.com/static/forever/images/product/f7379a11d26af8e97c965c680f5a3e2e.256p.jpg,16,48,24/8/8/24/6/8/5,48/24,48/24,,0
Samsung SH-224FB/RSBS,,,16,48,24/8/8/24/6/8/5,48/24,48/24,,0
Asus DRW-24F1MT,,,,,24/8/8/24/6/8/5,48/24,48/24,,0