name,price,image,configuration,total_wattage,frequency_response,color,rating
Creative Labs Pebble 2.0,21.99,https://cdna.pcpartpicker.com/static/forever/images/product/53654596dd1e528db8fb38931ab8a5bc.256p.jpg,2.0,4.4 W,100 Hz - 17 kHz,Black,4.5
ELAC DCB61,,,1.0,320 W,48 Hz - 22 kHz,Black,0
Razer Leviathan V2 X,84.98,https://cdna.pcpartpicker.com/static/forever/images/product/340d4285b47c9ae44dce4a90a9f079d7.256p.jpg,2.0,65 W,85 Hz - 20 kHz,Black,4.5
Kanto TUK,749,,2.0,260 W,50 Hz - 20 kHz,White / Black,0
Logitech Z906,,,5.1,500 W,35 Hz - 20 kHz,,4.5
Edifier MR4,89.99,https://cdna.pcpartpicker.com/static/forever/images/product/ea21a9b6cd58a889002797910fc2441e.256p.jpg,2.0,42 W,60 Hz - 20 kHz,White,5
Edifier S3000MKII,,https://cdna.pcpartpicker.com/static/forever/images/product/e6de931d0f2296b13a44df5b1efdcaa9.256p.jpg,2.0,256 W,38 Hz - 20 kHz,Brown / Black,0
Logitech S150,,https://cdna.pcpartpicker.com/static/forever/images/product/cc13de09d072bed3efcf450a1d98e046.256p.jpg,2.0,2.4 W,90 Hz - 20 kHz,Black,4
SteelSeries Arena 9 US,,https://cdna.pcpartpicker.com/static/forever/images/product/f623ec1b82ade437b39d86ba82dd7e8d.256p.jpg,5.1,,35 Hz - 20 kHz,Black,0
Logitech Z207 (Black),,https://cdna.pcpartpicker.com/static/forever/images/product/ec84c190e5f11ca8e9b78bd6dfb781fd.256p.jpg,2.0,0.01 W,,Black,4.5
Klipsch R-51PM,,,2.0,120 W,68 Hz - 21 kHz,Black,5
Logitech G560,,https://cdna.pcpartpicker.com/static/forever/images/product/ad2ea31f9621f1aa5f4693fa012bc4de.256p.jpg,2.1,120 W,40 Hz - 18 kHz,Black,4.5
Logitech Z623,149.99,https://cdna.pcpartpicker.com/static/forever/images/product/1a81d1d8e7b218880798be08c84c5a3e.256p.jpg,2.1,200 W,35 Hz - 20 kHz,,4.5
Creative Labs Pebble Plus,34.99,,2.1,8 W,50 Hz - 20 kHz,Black,4.5
Creative Labs Pebble V3,,https://cdna.pcpartpicker.com/static/forever/images/product/2632f14a05f4fc771452849333b86af0.256p.jpg,2.0,8 W,100 Hz - 17 kHz,Black / Copper,4.5
Sony HT-S100F Soundbar,,https://cdna.pcpartpicker.com/static/forever/images/product/5ef14aaf9a260dcbf607eb5e0fb5b9e2.256p.jpg,2.0,44 W,20 Hz - 20 kHz,Black,5
Logitech Z313,,https://cdna.pcpartpicker.com/static/forever/images/product/17b4ef2d9b7828e91782fcf93bdc7cce.256p.jpg,2.1,25 W,48 Hz - 20 kHz,,4
Creative Labs Pebble Pro,59.99,,2.0,30 W,80 Hz - 20 kHz,Black / Copper,4.5
Creative Labs Pebble V2,26.97,https://cdna.pcpartpicker.com/static/forever/images/product/35b161e009a58f1b9b4c4a50ab9dcda0.256p.jpg,2.0,8 W,100 Hz - 17 kHz,Black / Copper,4.5
Creative Labs Sound Blaster GS3,44.98,https://cdna.pcpartpicker.com/static/forever/images/product/df7b80628934ad78a59e51e274a1510f.256p.jpg,2.0,24 W,65 Hz - 20 kHz,Black,5
Razer Leviathan V2 Pro,,https://cdna.pcpartpicker.com/static/forever/images/product/6262bc1dd543981e5cf9a470e374209b.256p.jpg,5.1,,40 Hz - 20 kHz,Black,0
Klipsch ProMedia 2.1,,,2.1,120 W,31 Hz - 20 kHz,,4.5
AmazonBasics U213,,,2.0,2.2 W,103 Hz - 20 kHz,Black,2.5
Logitech Z407,,https://cdna.pcpartpicker.com/static/forever/images/product/bdcf15f115b1f3e12e896a3efcb143f3.256p.jpg,2.1,40 W,40 Hz - 20 kHz,Black,4
Logitech Z150,,https://cdna.pcpartpicker.com/static/forever/images/product/df3930d28f5352d74bf85844dd6bcfe9.256p.jpg,2.0,,,,4
Kanto REN,,https://cdna.pcpartpicker.com/static/forever/images/product/5189eb920f452e8bc8ff8f2eb6acb765.256p.jpg,2.0,200 W,50 Hz - 22 kHz,Black,0
Razer Leviathan V2,,https://cdna.pcpartpicker.com/static/forever/images/product/a404c6eeceb711738df49595a0ac7d4c.256p.jpg,2.1,65 W,45 Hz - 20 kHz,Black,4
Redragon GS814,,https://cdna.pcpartpicker.com/static/forever/images/product/5a462a44c1ef7f5f9383588d8c293293.256p.jpg,2.0,20 W,20 Hz - 20 kHz,Black,0
Trust GXT 606 JAVV,24.47,https://cdna.pcpartpicker.com/static/forever/images/product/8dff6e7a89953fd9854d99ab273780a0.256p.jpg,2.0,6 W,160 Hz - 20 kHz,Black,5
Creative Labs Sound Blaster GS5 RGB Soundbar,70.47,,2.0,60 W,65 Hz - 20 kHz,Black,0
Audioengine A5+ Black,355,,2.0,150 W,50 Hz - 22 kHz,Black,5
Edifier R1700BT,114.95,https://cdna.pcpartpicker.com/static/forever/images/product/1ddfff5b75be0e5cf2689552cf19225e.256p.jpg,2.0,66 W,60 Hz - 20 kHz,Black / Brown,4.5
Logitech Z625,211.64,https://cdna.pcpartpicker.com/static/forever/images/product/3d4cf341a5a85ea3c5f3367eb79f7d47.256p.jpg,2.1,200 W,,,4.5
Edifier S350DB,229.99,https://cdna.pcpartpicker.com/static/forever/images/product/5983dc3f2e1386155ed839fffcb808a6.256p.jpg,2.1,150 W,40 Hz - 20 kHz,Black / Brown,0
Edifier G2000,67.49,https://cdna.pcpartpicker.com/static/forever/images/product/8aa356c3f9738056c20cc84f3b32f7c6.256p.jpg,2.0,32 W,98 Hz - 20 kHz,White,0
Creative Labs T60,64.99,https://cdna.pcpartpicker.com/static/forever/images/product/fd3fe44545a8001617dc0cc9d340a76b.256p.jpg,2.0,60 W,50 Hz - 20 kHz,Black / Gold,5
Kanto ORA4,,,2.0,140 W,60 Hz - 22 kHz,White,5
SteelSeries Arena 7 US,,https://cdna.pcpartpicker.com/static/forever/images/product/64559af8a7e8f6b7860b2343adf45bcc.256p.jpg,2.1,,35 Hz - 20 kHz,Black,0
SteelSeries Arena 9 EU,,https://cdna.pcpartpicker.com/static/forever/images/product/cd9f29efeb8f9009391feee45e5bc9a2.256p.jpg,5.1,,35 Hz - 20 kHz,Black,0
Razer Nommo V2 Pro,379,https://cdna.pcpartpicker.com/static/forever/images/product/c0035e093e4e3c4bf3c41dc2c308ff1c.256p.jpg,2.1,,40 Hz - 20 kHz,Black,0
Yamaha HS8,248,https://cdna.pcpartpicker.com/static/forever/images/product/9a6241e2a10a2ad5a02986cee6df17a7.256p.jpg,2.0,120 W,38 Hz - 30 kHz,,5
Yamaha NS-SP1800,,https://cdna.pcpartpicker.com/static/forever/images/product/c49d3e4bdca7a4d9a04eebc7667cde89.256p.jpg,5.1,550 W,28 Hz - 50 kHz,,0
Edifier R1280DB-Brown,109.99,https://cdna.pcpartpicker.com/static/forever/images/product/3ef66b395e4756a53b894bb0cf1c3842.256p.jpg,2.0,42 W,55 Hz - 20 kHz,Brown / Black,4
Logitech S-150,,https://cdna.pcpartpicker.com/static/forever/images/product/9cf7ec696463bc053fc549705338c0cb.256p.jpg,2.0,1.2 W,90 Hz - 20 kHz,,3
Creative Labs Pebble X Plus,116.9,,2.1,15 W,45 Hz - 20 kHz,Black / Copper,0
Logitech Z533,,https://cdna.pcpartpicker.com/static/forever/images/product/962564ca11472d2ab2eec6a59a1c3257.256p.jpg,2.1,60 W,55 Hz - 20 kHz,,4.5
Creative Labs Stage Air V2,44.97,https://cdna.pcpartpicker.com/static/forever/images/product/7501b0c11b3286207e79e6bbdd22cc56.256p.jpg,2.0,10 W,80 Hz - 20 kHz,Black,5
Cyber Acoustics CA-3090,,https://cdna.pcpartpicker.com/static/forever/images/product/e2b77d5b4cfd102fa680830c3d32dd49.256p.jpg,2.1,10 W,160 Hz - 20 kHz,,4.5
Edifier S351DB,228.95,https://cdna.pcpartpicker.com/static/forever/images/product/291b405c855c90fe3ce433d91eeffbbe.256p.jpg,2.1,150 W,40 Hz - 20 kHz,Black,0
Audioengine A2+B,,https://cdna.pcpartpicker.com/static/forever/images/product/be35b220c294bdb21808f30bd6cdd55a.256p.jpg,2.0,60 W,65 Hz - 22 kHz,,5
Razer Nommo V2 X,109.99,https://cdna.pcpartpicker.com/static/forever/images/product/b8f35adc5a2ea8af454273be360d3471.256p.jpg,2.0,,75 Hz - 20 kHz,Black,0
Logitech Z323,,https://cdna.pcpartpicker.com/static/forever/images/product/9e63aa7d5a08f1144a161dbda92482dd.256p.jpg,2.1,30 W,55 Hz - 20 kHz,,4.5
Yamaha HS5,,,1.0,70 W,54 Hz - 30 kHz,,0
Bose Companion 2 Series III,,https://cdna.pcpartpicker.com/static/forever/images/product/70df7ebc95e71812189987cff42ab4e6.256p.jpg,2.0,,,,4.5
Edifier MR3,,https://cdna.pcpartpicker.com/static/forever/images/product/ace416e0803920c94fd0d519d0163759.256p.jpg,2.0,36 W,52 Hz - 40 kHz,White,0
Onkyo GX-30ARC,,https://cdna.pcpartpicker.com/static/forever/images/product/030d679d7f33a8def6b967be08130f40.256p.jpg,2.0,50 W,20 Hz - 20 kHz,Black,0
Logitech Z207 (White),,,2.0,0.01 W,,White,5
Edifier R980T,49.99,https://cdna.pcpartpicker.com/static/forever/images/product/e78aa7b2daf00a2257f164fcf916d598.256p.jpg,2.0,24 W,70 Hz - 20 kHz,Black,4.5
Audioengine A5+ White,,https://cdna.pcpartpicker.com/static/forever/images/product/cd6dffc1ab782add61c19545addfe06d.256p.jpg,2.0,150 W,50 Hz - 22 kHz,White,0
Creative Labs Pebble Nova,199.99,https://cdna.pcpartpicker.com/static/forever/images/product/a0a8646d1932a22c2785065fe72c20ea.256p.jpg,2.0,50 W,55 Hz - 20 kHz,White,0
AmazonBasics V216US,,,2.0,4.6 W,68 Hz - 20 kHz,Black,0
Logitech Z506,279.98,https://cdna.pcpartpicker.com/static/forever/images/product/ab83440cd62546724e32334252eb263c.256p.jpg,5.1,155 W,45 Hz - 20 kHz,,4.5
Razer NOMMO CHROMA,,,2.0,,20 Hz - 20 kHz,Black,4.5
Audioengine A5+ Bamboo,418,,2.0,150 W,50 Hz - 22 kHz,Brown / Black,5
IK Multimedia IP-ILOUD-MM-IN,,https://cdna.pcpartpicker.com/static/forever/images/product/94765d82545142f55b26557fd1aba759.256p.jpg,2.0,70 W,45 Hz - 22 kHz,Black,0
Edifier R1280DB-Black,,https://cdna.pcpartpicker.com/static/forever/images/product/a8078d4ee57562c7f1e36dcb133a3fc4.256p.jpg,2.0,42 W,55 Hz - 20 kHz,Black,5
Yamaha HS8 W,489.87,,1.0,120 W,38 Hz - 30 kHz,,5
SteelSeries Arena 3 US,,https://cdna.pcpartpicker.com/static/forever/images/product/7d272bd9d622c43c6b8f886e4597d373.256p.jpg,2.0,,50 Hz - 20 kHz,Black,5
Klipsch ProMedia Lumina,,https://cdna.pcpartpicker.com/static/forever/images/product/144656ba879cb13d2ef7ea9315db0731.256p.jpg,2.1,,40 Hz - 20 kHz,Black,0
Creative Labs Sound Blaster Katana V2X,250.64,,2.1,90 W,50 Hz - 20 kHz,Black,0
Edifier R33BT,53.99,https://cdna.pcpartpicker.com/static/forever/images/product/d84c58d929b1de81b7f02b57b7291a9b.256p.jpg,2.0,10 W,70 Hz - 20 kHz,Black,5
Razer NOMMO PRO,,,2.1,,35 Hz - 20 kHz,Black,4
Logitech Z200,,https://cdna.pcpartpicker.com/static/forever/images/product/044e21f178b0ad10f69fbc76b6ac013e.256p.jpg,2.0,10 W,20 Hz - 20 kHz,,4.5
KEF LSXBL,,,2.0,200 W,49 Hz - 47 kHz,Black,0
ADAM Audio D3V,,,2.0,240 W,45 Hz - 23.2 kHz,Black,5
Insignia NS-PCS219,,,2.0,,100 Hz - 20 kHz,Black,0
Cyber Acoustics CA-2014rb,,https://cdna.pcpartpicker.com/static/forever/images/product/7419f0c9e66eeb4a00d915f52f65663f.256p.jpg,2.0,4 W,85 Hz - 18 kHz,,2.5
Kanto YU2MB,219,https://cdna.pcpartpicker.com/static/forever/images/product/dd046a1003ee58c8550c367e2242e035.256p.jpg,2.0,50 W,80 Hz - 20 kHz,Black,5
JBL C2PS,314.37,https://cdna.pcpartpicker.com/static/forever/images/product/21532f3ca1370178395adec58bc62907.256p.jpg,2.0,70 W,80 Hz - 20 kHz,Black,0
NZXT Relay,,,2.0,80 W,70 Hz - 20 kHz,Black,5
Logitech Z-2300,,,2.1,200 W,,,5
Razer Nommo V2,238.94,https://cdna.pcpartpicker.com/static/forever/images/product/259c5871258d66f076590529c4e9f5c7.256p.jpg,2.1,,40 Hz - 20 kHz,Black,0
Creative Labs Pebble X,,,2.0,15 W,60 Hz - 20 kHz,Black / Copper,0
Kanto YU2MW,234.87,https://cdna.pcpartpicker.com/static/forever/images/product/b58ebd8158546f70ee1ac2076088c44a.256p.jpg,2.0,50 W,80 Hz - 20 kHz,White / Black,5
Edifier S880DB MKII,335.59,,2.0,88 W,50 Hz - 40 kHz,White,0
Logitech Z130,,,2.0,5 W,140 Hz - 18 kHz,,4
Razer Leviathan,,https://cdna.pcpartpicker.com/static/forever/images/product/1d97e880ddb8ce5e99226c9be6905c80.256p.jpg,5.1,60 W,180 Hz - 20 kHz,,4.5
PreSonus Eris 3.5 2nd Gen,,https://cdna.pcpartpicker.com/static/forever/images/product/273aecd7d61bad6de352ddf132283e18.256p.jpg,2.0,50 W,80 Hz - 20 kHz,Black / Blue,5
Harman Kardon SoundSticks III,,,2.1,40 W,44 Hz - 20 kHz,,4.5
Logitech Z333,,https://cdna.pcpartpicker.com/static/forever/images/product/6373496d8f1c9b35ad91666c061f7ecc.256p.jpg,2.1,40 W,55 Hz - 20 kHz,,4.5
Creative Labs GigaWorks T40 Series II,221.05,https://cdna.pcpartpicker.com/static/forever/images/product/a6536f7d524e9bdffdc31fe6226d7f6e.256p.jpg,2.0,32 W,50 Hz - 20 kHz,,4
Kanto ORA,278,,2.0,100 W,70 Hz - 22 kHz,White / Black,5
Kali Audio LP-UNF,423.62,,2.0,80 W,39 Hz - 25 kHz,Black,0
Audioengine HD3-BLK,320,https://cdna.pcpartpicker.com/static/forever/images/product/432a21cba7d6857a369cbf6384019784.256p.jpg,2.0,60 W,65 Hz - 22 kHz,Black,5
Creative Labs T100,,https://cdna.pcpartpicker.com/static/forever/images/product/6f8072ee19bd66d257dae399b086e7c7.256p.jpg,2.0,40 W,50 Hz - 20 kHz,Black,4
Trust Gemi,24.47,,2.0,12 W,20 Hz - 20 kHz,Black,0
Yamaha HS5 W,189,https://cdna.pcpartpicker.com/static/forever/images/product/bb30b09a829490cc46ee55a5df662c45.256p.jpg,1.0,70 W,54 Hz - 30 kHz,,0
Creative Labs Sound Blaster Katana SE,,,2.0,90 W,55 Hz - 20 kHz,Black,0
AmazonBasics V620,19.79,,2.0,2.4 W,80 Hz - 20 kHz,Silver,0
Micca PB42X,171.77,,2.0,30 W,60 Hz - 20 kHz,Black,0
Logitech Z213,,https://cdna.pcpartpicker.com/static/forever/images/product/b927d1d23c185d9064071f909452a075.256p.jpg,2.1,7 W,65 Hz - 20 kHz,,4
KEF LSXWH,,,2.0,200 W,49 Hz - 47 kHz,White / Black,0
Cyber Acoustics CA-3810,,,2.1,40 W,45 Hz - 20 kHz,Black,0
Cyber Acoustics CA-2016WB,,,2.0,3 W,260 Hz - 20 kHz,,3.5
Corsair Gaming Audio Series SP2500,,,2.1,232 W,35 Hz - 20 kHz,,4.5
ADAM Audio T8V,,,1.0,180 W,33 Hz - 25 kHz,Black,0
Trust Asto Soundbar,25.99,https://cdna.pcpartpicker.com/static/forever/images/product/090d56989353d5e28be62b587b98c8cc.256p.jpg,2.0,24 W,20 Hz - 20 kHz,,5
Audioengine A2 (Black),,https://cdna.pcpartpicker.com/static/forever/images/product/86764ffc1fac88a562744da98d5a22f0.med.256p.jpg,2.0,60 W,65 Hz - 22 kHz,,5
JBL LSR305,,,2.0,82 W,43 Hz - 24 kHz,,4.5
Creative Labs Sound BlasterX Katana,,https://cdna.pcpartpicker.com/static/forever/images/product/df873d7044f4807a1eaa411b1111c02d.256p.jpg,2.1,,,,4
Edifier S760D,,https://cdna.pcpartpicker.com/static/forever/images/product/8296b76d92c1460988273320d9e492bd.256p.jpg,5.1,540 W,42 Hz - 20 kHz,Black / Silver,0
Creative Labs Sound Blaster Katana V2,,,2.1,126 W,50 Hz - 20 kHz,,4.5
Audioengine A2+W,,https://cdna.pcpartpicker.com/static/forever/images/product/2a220f3b1c35601516f17edfe4e8c130.256p.jpg,2.0,60 W,65 Hz - 22 kHz,,4
Logitech Z120,,https://cdna.pcpartpicker.com/static/forever/images/product/cb880412d1ebd54793d416e81dfc3c74.256p.jpg,2.0,,,,5
Micca COVO-S,,,2.0,100 W,90 Hz - 20 kHz,,0
Onkyo GX-10DB,,,2.0,34 W,20 Hz - 20 kHz,White,0
Logitech X-540,,,5.1,70 W,40 Hz - 20 kHz,,5
Kanto YU2GB,205.2,https://cdna.pcpartpicker.com/static/forever/images/product/f9c258687ee713bb14a3bb7b1bd9c50a.256p.jpg,2.0,50 W,80 Hz - 20 kHz,Black,0
Audioengine HD3-WAL,,https://cdna.pcpartpicker.com/static/forever/images/product/027d58fc8cc59c8accfdf77b201e5c48.256p.jpg,2.0,60 W,65 Hz - 22 kHz,Brown / Black,0
Yamaha HS7,,,2.0,95 W,43 Hz - 30 kHz,,0
Trust GXT 612 CETIC,44.99,https://cdna.pcpartpicker.com/static/forever/images/product/bba2fd3f3caa8c61e8df81a94689e1e2.256p.jpg,2.0,10 W,20 Hz - 20 kHz,Black,0
Harman Kardon SoundSticks Wireless,,https://cdna.pcpartpicker.com/static/forever/images/product/074d3708e3fcb68714d98e306e6eedb9.256p.jpg,2.1,40 W,44 Hz - 20 kHz,,4.5
Audioengine A2+R,,https://cdna.pcpartpicker.com/static/forever/images/product/4857bdf3964ba44eacab9897717bd5ed.256p.jpg,2.0,60 W,65 Hz - 22 kHz,,4.5
Genius SP-U115,,,2.0,,200 Hz - 18 kHz,,0
Bose Companion 5,,https://cdna.pcpartpicker.com/static/forever/images/product/59f52b5521668648128bc0b85848e671.256p.jpg,2.1,,,Black / Gray,4
Kanto YU2GT,,https://cdna.pcpartpicker.com/static/forever/images/product/f810262e25e3f95ba11df15c89a81845.256p.jpg,2.0,50 W,80 Hz - 20 kHz,Blue / Black,0
SteelSeries Arena 7 AU,,https://cdna.pcpartpicker.com/static/forever/images/product/4839a54d8db920552b186924b8b464c7.256p.jpg,2.1,,35 Hz - 20 kHz,Black,0
Creative Labs SXFI Carrier,,https://cdna.pcpartpicker.com/static/forever/images/product/ba906c07749ff008118bc6e59ea71d8e.256p.jpg,2.1,450 W,25 Hz - 20 kHz,Black,0
Creative Labs GigaWorks T20 Series II,,,2.0,28 W,50 Hz - 20 kHz,,4.5
Creative Labs Inspire T10,,,2.0,10 W,80 Hz - 20 kHz,,4.5
Mackie CR3,,,2.0,50 W,80 Hz - 20 kHz,,4
Logitech THX Z-5300e,,,5.1,280 W,35 Hz - 20 kHz,,5
Audioengine HD3-WHT,320,https://cdna.pcpartpicker.com/static/forever/images/product/4026abe24aa94627d447c16a1ca37952.256p.jpg,2.0,60 W,65 Hz - 22 kHz,White / Black,0
Fluance Ai60 Lucky Bamboo,,https://cdna.pcpartpicker.com/static/forever/images/product/bd9de07201f5f15eba9a34f37e8b99ff.256p.jpg,2.0,100 W,35 Hz - 30 kHz,White / White,0
SteelSeries Arena 7 EU,,https://cdna.pcpartpicker.com/static/forever/images/product/73c65a27411b4644b3476c5fd906f9bb.256p.jpg,2.1,,35 Hz - 20 kHz,Black,0
SteelSeries Arena 7 UK,299,,2.1,,35 Hz - 20 kHz,Black,0
Micca MB42,68.39,,2.0,150 W,60 Hz - 20 kHz,,0
Creative Labs Stage 360,,https://cdna.pcpartpicker.com/static/forever/images/product/40f9da4494b0e9d46dc8f1bf302599cb.256p.jpg,2.1,180 W,50 Hz - 20 kHz,Black,0
Yamaha HS7 W,,https://cdna.pcpartpicker.com/static/forever/images/product/7074ae83850ec5f5d5d268665c5f7def.256p.jpg,1.0,95 W,43 Hz - 30 kHz,,0
Logitech X-140,,,2.0,4 W,80 Hz - 18 kHz,,3.5
Syba CL-SPK20069,,,2.0,3.4 W,280 Hz - 16 kHz,,0
Logitech S120,,https://cdna.pcpartpicker.com/static/forever/images/product/fdb008aa69b39e302bb88cdf319bdf42.256p.jpg,2.0,2.3 W,50 Hz - 20 kHz,,4
KRK RP8 G2,,,2.0,140 W,44 Hz - 20 kHz,,5
KRK VXT 8,,https://cdna.pcpartpicker.com/static/forever/images/product/8d95af617ccd332bb8584c8cd90c24fc.med.256p.jpg,2.0,360 W,37 Hz - 22 kHz,,5
Sony BSP10,,,1.0,20 W,,,0
M-Audio BX5 D3 Crimson,,,1.0,100 W,52 Hz - 35 kHz,Black / Red,0
Razer Nommo,,https://cdna.pcpartpicker.com/static/forever/images/product/29a65cf9128af9606596ecd9e6177deb.256p.jpg,2.0,,50 Hz - 20 kHz,Black,4
SteelSeries Arena 3 AU,,,2.0,,50 Hz - 20 kHz,Black,0
Pioneer DM-50D-BT,239,,2.0,50 W,60 Hz - 20 kHz,White,0
Kanto YU2MG,,https://cdna.pcpartpicker.com/static/forever/images/product/6eaf31beaa7841cd6a68c6211f6e01c1.256p.jpg,2.0,50 W,80 Hz - 20 kHz,Silver / Black,5
Edifier S880DB,,https://cdna.pcpartpicker.com/static/forever/images/product/39b25ba68fd9d38893b64682c3aef5ea.256p.jpg,2.0,20 W,55 Hz - 20 kHz,White / Brown,5
Micca MB42X,,,2.0,150 W,60 Hz - 20 kHz,,4.5
PreSonus Eris E4.5,,,2.0,50 W,70 Hz - 20 kHz,,4
Mackie MR524,,https://cdna.pcpartpicker.com/static/forever/images/product/e083e5345819255edf3c9dd5d8ac643b.256p.jpg,1.0,50 W,45 Hz - 20 kHz,Black,5
Vanatoo Transparent Zero Plus,,,2.0,96 W,52 Hz - 20 kHz,Black,0
Creative Labs A220,,,2.1,9 W,40 Hz - 20 kHz,,4
Lenovo M0520,53.36,,2.0,2 W,90 Hz - 20 kHz,,0
Cyber Acoustics CA-3602,,,2.1,30 W,50 Hz - 20 kHz,,4
Logitech Z523,,,2.1,40 W,48 Hz - 20 kHz,,4
M-Audio Studiophile AV40,,,2.0,40 W,85 Hz - 20 kHz,,4.5
Logitech Z-5500,,,5.1,505 W,33 Hz - 20 kHz,,4.5
M-Audio AV42,,,2.0,40 W,75 Hz - 20 kHz,,4
Behringer MS16,,https://cdna.pcpartpicker.com/static/forever/images/product/85f397e8ad8dda90f50752016f992f90.256p.jpg,2.0,16 W,80 Hz - 20 kHz,,0
JBL LSR4328P/PAK,,,2.0,140 W,50 Hz - 20 kHz,,0
Bose Companion 20,,,2.0,,,,4.5
Edifier R19U,,https://cdna.pcpartpicker.com/static/forever/images/product/c657c9ff32270b4c41cc24a79ffb4832.256p.jpg,2.0,4 W,150 Hz - 20 kHz,,5
HiVi M10,,,2.1,,100 Hz - 20 kHz,,0
Logitech X-530,,,5.1,70.1 W,40 Hz - 20 kHz,,4.5
Altec Lansing BX1520,,,2.0,6 W,,,0
Mackie MR824,,https://cdna.pcpartpicker.com/static/forever/images/product/9969034735e952a5a8e0fcb1617f12de.256p.jpg,1.0,85 W,35 Hz - 20 kHz,Black,0
M-Audio BX6 CARBON,,,1.0,100 W,45 Hz - 22 kHz,Black / Silver,0
Creative Labs Inspire T6300,,https://cdna.pcpartpicker.com/static/forever/images/product/aab75ed8472f1789c810a92a558f7a25.256p.jpg,5.1,57 W,50 Hz - 20 kHz,Black,0
Klipsch Reference R-14PM,,https://cdna.pcpartpicker.com/static/forever/images/product/50b0dffcb3f79b78ecf4c919dc06182c.256p.jpg,2.0,70 W,80 Hz - 20 kHz,Black / Brown,0
Edifier Luna Eclipse E25,,https://cdna.pcpartpicker.com/static/forever/images/product/485f0c5f67a92a83b0addcabe93b79a1.256p.jpg,2.0,74 W,30 Hz - 20 kHz,Black,5
Edifier S1000DB,,https://cdna.pcpartpicker.com/static/forever/images/product/54a89d0242d525e16e1b0e10d6119dee.256p.jpg,2.0,120 W,48 Hz - 20 kHz,Brown / Black,0
Fluance Ai60 Natural Walnut,,https://cdna.pcpartpicker.com/static/forever/images/product/646de91007a754acff362d17a4e9011e.256p.jpg,2.0,100 W,35 Hz - 30 kHz,Black / Brown,0
HiFiMAN X100,,,2.1,11 W,20 Hz - 20 kHz,Black,0
PreSonus Eris E3.5 BT,,https://cdna.pcpartpicker.com/static/forever/images/product/a9b5bc7e59f26bd33a4bd46c6653a48f.256p.jpg,2.0,50 W,80 Hz - 20 kHz,Black,4.5
Creative Labs Creative Stage,,,2.1,80 W,55 Hz - 20 kHz,Black,0
ADAM Audio A7X,,,1.0,300 W,42 Hz - 50 kHz,Black,5
Mackie CR3-X,,,2.0,50 W,80 Hz - 20 kHz,White,0
SteelSeries Arena 3 EU,,https://cdna.pcpartpicker.com/static/forever/images/product/ab2228c407e470f526c46c5710931f53.256p.jpg,2.0,,50 Hz - 20 kHz,Black,0
Creative Labs Inspire T3130,,,2.1,25 W,40 Hz - 20 kHz,,4.5
Creative Labs A60,,https://cdna.pcpartpicker.com/static/forever/images/product/47ca99cc13531a29704454b6dce3dea3.256p.jpg,2.0,4 W,90 Hz - 20 kHz,,4
Creative Labs Inspire T6160,,,5.1,50 W,40 Hz - 20 kHz,,4.5
Cyber Acoustics CA3550RB,,,2.1,68 W,22 Hz - 20 kHz,,4.5
Gigabyte GP-S2000,,https://cdna.pcpartpicker.com/static/forever/images/product/af2d9f34c6b7c787a7b7da3c0c3a630a.med.256p.jpg,2.0,4 W,100 Hz - 20 kHz,,0
Gigabyte GP-S4600,,,2.0,1 W,230 Hz - 20 kHz,,3
Genius SW-G2.1 1250,,https://cdna.pcpartpicker.com/static/forever/images/product/1c137f71c4e85a9470907499fa044cd6.256p.jpg,2.1,38 W,58 Hz - 20 kHz,,4
Cyber Acoustics CA-2002,,,2.0,6 W,270 Hz - 18 kHz,,0
Cyber Acoustics CA-2014WB,,https://cdna.pcpartpicker.com/static/forever/images/product/5492a84835d24bd74d6c76d9b08628fa.256p.jpg,2.0,1.5 W,85 Hz - 18 kHz,,0
Cyber Acoustics CA-5402,,,5.1,40 W,70 Hz - 20 kHz,,0
Logitech LS11,,,2.0,3 W,70 Hz - 20 kHz,,3.5
M-Audio BX5 D2,,https://cdna.pcpartpicker.com/static/forever/images/product/5e7e1954d579e874528e197dfaf06202.med.256p.jpg,2.0,140 W,56 Hz - 22 kHz,,5
Genius SP-HF1800A,,https://cdna.pcpartpicker.com/static/forever/images/product/7b2e33886c935cbfb5b906143e7b0b78.256p.jpg,2.0,50 W,20 Hz - 20 kHz,,4
Genius SW-G2.1,,,2.1,70 W,35 Hz - 20 kHz,,4.5
Audioengine A2 (White),,,2.0,30 W,65 Hz - 22 kHz,,0
KRK RP5 G2,,,2.0,90 W,52 Hz - 20 kHz,,5
Edifier S550,,,5.1,280 W,20 Hz - 20 kHz,,0
Logitech X-230,,,2.1,32 W,40 Hz - 20 kHz,,4
Microlab FC 330,,https://cdna.pcpartpicker.com/static/forever/images/product/2bb56a6c883064070c861f671c7006a2.256p.jpg,2.1,64 W,35 Hz - 20 kHz,,0
Creative Labs Sound BlasterX Kratos S5,,,2.1,,,,3
Cyber Acoustics CA-2014RB-ML,,https://cdna.pcpartpicker.com/static/forever/images/product/2eed7d6c25e67cfa73fc58fad75de391.256p.jpg,2.0,4 W,,,0
Cyber Acoustics Curve Storm,,,2.1,22 W,,,0
Logitech Z337 w/BlueTooth,,https://cdna.pcpartpicker.com/static/forever/images/product/ebf818e8ce22011d6299172337454c28.256p.jpg,2.1,40 W,,,4.5
Mackie MRS10,,,1.0,120 W,40 Hz - 180 Hz,Black,5
Kanto YU2GW,,https://cdna.pcpartpicker.com/static/forever/images/product/b58ebd8158546f70ee1ac2076088c44a.256p.jpg,2.0,50 W,80 Hz - 20 kHz,White / Black,4
Kanto YU2GR,,,2.0,50 W,80 Hz - 20 kHz,Red / Black,0
Genius G2.1 2000,,,2.1,45 W,25 Hz - 20 kHz,Black / Blue,0
JBL Pebbles,,,2.0,,70 Hz - 20 kHz,Black / Red,0
Fluance Ai60 Black Ash,,https://cdna.pcpartpicker.com/static/forever/images/product/2c19933790ef3cbf8e86aa99c85b32c9.256p.jpg,2.0,100 W,35 Hz - 30 kHz,Black / Beige,0
KEF LSXBLUE,,,2.0,200 W,49 Hz - 47 kHz,Blue / Black,0
Creative Labs Creative Stage V2,,,2.1,80 W,55 Hz - 20 kHz,Black,0
Yamaha Yamaha NX-50 2.0 Speaker System - 14 W RMS - Black,,https://cdna.pcpartpicker.com/static/forever/images/product/d4599a543058bf7ca2049ec18293c78b.256p.jpg,2.0,14 W,55 Hz - 20 kHz,Black,0
Vanatoo Transparent Zero,,,2.0,96 W,52 Hz - 20 kHz,Black,0
Mackie CR4-XBT,,https://cdna.pcpartpicker.com/static/forever/images/product/85d7cf6ca79c5b9785924b20ed661068.256p.jpg,2.0,50 W,60 Hz - 20 kHz,Black / Green,5
PreSonus 3.5BT 2nd Gen,,,2.0,50 W,80 Hz - 20 kHz,Black,0
Mackie MR624,,,1.0,65 W,38 Hz - 20 kHz,Black,0
Creative Labs T12,,https://cdna.pcpartpicker.com/static/forever/images/product/55533f0d0fbe903520f4789cd7cf4767.256p.jpg,2.0,18 W,20 Hz - 20 kHz,,5
Genius SP-HF800A,,,2.0,20 W,80 Hz - 20 kHz,,0
Logitech Z553,,,2.1,40 W,55 Hz - 17 kHz,,3.5
Cyber Acoustics CA3001WB,,https://cdna.pcpartpicker.com/static/forever/images/product/c0923c07b7645505bd4d34afeed97f9e.256p.jpg,2.1,14 W,38 Hz - 18 kHz,,4
Genius 31730027102,,,2.0,30 W,50 Hz - 20 kHz,,0
Microlab SP-FC20BK,,https://cdna.pcpartpicker.com/static/forever/images/product/16f64ac8c709893b213dc4bb6890f3f2.256p.jpg,2.1,40 W,50 Hz - 18 kHz,,0
Microlab SP-FC20WH,,https://cdna.pcpartpicker.com/static/forever/images/product/ebd13010a0cb63e9922d1d755fb80bac.256p.jpg,2.1,40 W,50 Hz - 18 kHz,,0
Syba CL-SPK20097,,,2.0,6 W,150 Hz - 20 kHz,,0
Genius SP-S110,,,2.0,1 W,200 Hz - 20 kHz,,0
Cyber Acoustics CA3001RB,,,2.1,14 W,38 Hz - 18 kHz,,3.5
Creative Labs GigaWorks T3,,,2.1,80 W,30 Hz - 20 kHz,,0
Gear Head SP2000USLV,,,2.0,3 W,200 Hz - 20 kHz,,5
Gear Head SP2000URED,,,2.0,3 W,200 Hz - 20 kHz,,5
Gear Head SP2000UBLU,,,2.0,3 W,200 Hz - 20 kHz,,0
Syba CL-SPK20115,,,2.0,6 W,150 Hz - 20 kHz,,0
Creative Labs Inspire S2,,,2.1,33 W,40 Hz - 20 kHz,,0
Cyber Acoustics CA-2011WB,,,2.0,4 W,220 Hz - 20 kHz,,0
Cyber Acoustics CA-2012RB,,,2.0,1.5 W,85 Hz - 18 kHz,,0
Cyber Acoustics CA-2100WB,,,2.0,5.8 W,35 Hz - 18 kHz,,0
Logitech LS21,,,2.1,7 W,40 Hz - 20 kHz,,4
Logitech Z320,,,2.0,10 W,70 Hz - 20 kHz,,4.5
M-Audio Studiophile AV20,,,2.0,10 W,120 Hz - 20 kHz,,0
M-Audio BX8 D2,,,2.0,260 W,30 Hz - 22 kHz,,4.5
M-Audio Studiophile AV30,,,2.0,20 W,90 Hz - 20 kHz,,5
Harman Kardon GLA-55,,,2.0,112 W,35 Hz - 20 kHz,,0
Audioengine A5,,,2.0,100 W,50 Hz - 22 kHz,,4
KRK RP6 G2,,https://cdna.pcpartpicker.com/static/forever/images/product/4e5831f9ee63b2fc3c2490ebbe272ed3.med.256p.jpg,2.0,100 W,48 Hz - 20 kHz,,0
KRK VXT 6,,,2.0,180 W,49 Hz - 22 kHz,,0
KRK VXT4,,,2.0,90 W,66 Hz - 22 kHz,,0
Lenovo M1730,,,2.1,12 W,20 Hz - 20 kHz,,0
Creative Labs Inspire T3300,,,2.1,27 W,40 Hz - 20 kHz,,0
Creative Labs T30,,https://cdna.pcpartpicker.com/static/forever/images/product/d448b52fe54e5da91c0bf8d3144007a3.256p.jpg,2.0,14 W,50 Hz - 20 kHz,,0
Creative Labs T50,,,2.0,40 W,50 Hz - 20 kHz,,0
Mackie CR4,,https://cdna.pcpartpicker.com/static/forever/images/product/4ed2562520044d0753e293fc88fb8da0.256p.jpg,2.0,28 W,60 Hz - 20 kHz,,4.5
Fluance SX6-BK,,,2.0,100 W,50 Hz - 20 kHz,,0
Audioengine A5+N,,,2.0,150 W,50 Hz - 22 kHz,,0
Mackie MR5mk3,,,2.0,100 W,57 Hz - 20 kHz,,0
Mackie MR6mk3,,,2.0,130 W,46 Hz - 20 kHz,,0
Mackie MR8mk3,,,2.0,170 W,38 Hz - 20 kHz,,0
M-Audio AV32,,,2.0,20 W,80 Hz - 20 kHz,,0
Insignia NS-PCS20,,,2.0,,,,5
Creative Labs Inspire T3100,,,2.1,29 W,40 Hz - 20 kHz,,5
Avermedia GS315,,https://cdna.pcpartpicker.com/static/forever/images/product/303284a20551f1442fda0785bfd90ccb.256p.jpg,2.1,77 W,35 Hz - 20 kHz,,3
Creative Labs A550,,,5.1,,,,0
Rosewill SP-7260,,,2.0,,60 Hz - 20 kHz,,0
Creative Labs A250,,https://cdna.pcpartpicker.com/static/forever/images/product/e4ebd63f487e04a861564f6649b93a92.256p.jpg,2.1,9 W,40 Hz - 20 kHz,,3
Creative Labs Sound BlasterX Kratos S3,,,2.1,,,,0
Razer Ferox,,,2.0,6 W,150 Hz - 20 kHz,,0
V7 SP2000-USB-1NC,,,2.0,1 W,,,0
Logitech S-220,,,2.1,17 W,85 Hz - 15 kHz,Black,3
Avermedia GS315-DM,,https://cdna.pcpartpicker.com/static/forever/images/product/ab77d350fc3ac8dc6e50cecf43d151b5.256p.jpg,2.1,77 W,35 Hz - 20 kHz,,0
Cyber Acoustics Curve Sonic,,https://cdna.pcpartpicker.com/static/forever/images/product/20bc3df4dd0201d4abf4cb20a99d2411.256p.jpg,2.0,3 W,,,0
Creative Labs T3250,,,2.1,,,,0
Cyber Acoustics CA-2027,,,2.0,5 W,,,0
Altec Lansing BX1521,,,2.1,,,,0
Altec Lansing VS3030,,,2.0,,,,0
Pioneer SP-BS21-LR,,https://cdna.pcpartpicker.com/static/forever/images/product/79876491f154e93c4843e877b83eff60.256p.jpg,2.0,80 W,65 Hz - 20 kHz,,0
Swan Speakers M200MkIII,,,2.0,120 W,53 Hz - 20 kHz,Brown / Black,0
Swan Speakers M50W,,,2.1,114 W,38 Hz - 20 kHz,Brown / Black,0
M-Audio BX5 D3,92,https://cdna.pcpartpicker.com/static/forever/images/product/7386c02d6787145f55aa020bf43d7d18.256p.jpg,1.0,100 W,52 Hz - 35 kHz,Black,5
M-Audio BX8 D3,,,1.0,150 W,37 Hz - 22 kHz,Black,0
M-Audio BX8 CARBON,,,1.0,130 W,38 Hz - 22 kHz,Black / Silver,0
M-Audio M3-8 (black),,,1.0,220 W,38 Hz - 22 kHz,Black,0
Kanto YU2Bamboo,,https://cdna.pcpartpicker.com/static/forever/images/product/bcbd1c56332509b785b1a1fe9345bd92.256p.jpg,2.0,50 W,80 Hz - 20 kHz,Brown / Black,0
Altec Lansing VS4621,,,2.1,28 W,45 Hz - 18 kHz,Black,0
Audioengine HD3-CHR,,,2.0,60 W,65 Hz - 22 kHz,Red / Black,0
Edifier S2000 PRO,,https://cdna.pcpartpicker.com/static/forever/images/product/1f1b142faf98d27155df047441351b38.256p.jpg,2.0,124 W,48 Hz - 20 kHz,Brown / Black,5
Fluance Ai60 White Walnut,,https://cdna.pcpartpicker.com/static/forever/images/product/c4d0467d31e848a40a193454fcab65c0.256p.jpg,2.0,100 W,35 Hz - 30 kHz,White / Brown,5
KEF LSXGRN,,,2.0,200 W,49 Hz - 47 kHz,Green / Black,0
KEF LSXRED,,,2.0,200 W,49 Hz - 47 kHz,Red / Black,0
Mackie CR5-XBT,,https://cdna.pcpartpicker.com/static/forever/images/product/83d8576404507c89c35e23f7b26c681e.256p.jpg,2.0,80 W,50 Hz - 20 kHz,Green / Black,5
Vanatoo Transparent One Encore,,,2.0,240 W,48 Hz - 20 kHz,Black / Brown,0
SteelSeries Arena 3 UK,,https://cdna.pcpartpicker.com/static/forever/images/product/acce4e016ebf8c15bcdb71fa3f411951.256p.jpg,2.0,,50 Hz - 20 kHz,Black,0
SteelSeries Arena 3 SK,,,2.0,,50 Hz - 20 kHz,Black,0
SteelSeries Arena 7 JP,,,2.1,,35 Hz - 20 kHz,Black,0
SteelSeries Arena 9 JP,,,5.1,,35 Hz - 20 kHz,Black,0
Creative Labs SBS E2900,,https://cdna.pcpartpicker.com/static/forever/images/product/617dc7753266327088fc3d95962a19aa.256p.jpg,2.1,60 W,50 Hz - 20 kHz,Black,0
Creative Labs Sound Blaster GS3 Rev C,,,2.0,12 W,65 Hz - 20 kHz,Black,0
Insignia NS-PCS21,,,2.1,8 W,90 Hz - 18 kHz,Black,0
Edifier R2750DB,255,https://cdna.pcpartpicker.com/static/forever/images/product/4e365ddaf3d71161272021ae1e55ceda.256p.jpg,2.0,136 W,45 Hz - 20 kHz,Black,0