name,price,image,capacity,interface,type,form_factor,cache,price_gb,rating
Kingston NV3,128.94,https://cdna.pcpartpicker.com/static/forever/images/product/0a0b12a29d901a2fef4cd49748f3cc54.256p.jpg,1 TB,M.2 PCIe 4.0 X4,SSD,M.2-2280,,£0.129,4.5
Samsung 990 Pro,326.99,https://cdna.pcpartpicker.com/static/forever/images/product/55fb148a837f9e33dfdb095188af8a74.256p.jpg,2 TB,M.2 PCIe 4.0 X4,SSD,M.2-2280,2048 MB,£0.163,4.5
Silicon Power UD90,122.97,https://cdna.pcpartpicker.com/static/forever/images/product/b897eb9b6b500cbebe80985cb7c8ba7e.256p.jpg,1 TB,M.2 PCIe 4.0 X4,SSD,M.2-2280,,£0.123,4.5
Crucial P310,154.94,https://cdna.pcpartpicker.com/static/forever/images/product/df4e2992d37f23922fb5d8d9ce743981.256p.jpg,1 TB,M.2 PCIe 4.0 X4,SSD,M.2-2280,,£0.155,4.5
Western Digital WD_Black SN850X,303,https://cdna.pcpartpicker.com/static/forever/images/product/8e6dbae8a0f3c6572216c8758ce5a0b5.256p.jpg,2 TB,M.2 PCIe 4.0 X4,SSD,M.2-2280,2048 MB,£0.151,4.5
Samsung 9100 PRO,1553.94,https://cdna.pcpartpicker.com/static/forever/images/product/fc8889b70fba1d57031e100cf6562622.256p.jpg,8 TB,M.2 PCIe 5.0 X4,SSD,M.2-2280,8192 MB,£0.194,5
Patriot P300,73.98,https://cdna.pcpartpicker.com/static/forever/images/product/bbe3d900dc2abf2a0828e4860619a58e.256p.jpg,512 GB,M.2 PCIe 3.0 X4,SSD,M.2-2280,,£0.144,4.5
Silicon Power P34A60,304.32,https://cdna.pcpartpicker.com/static/forever/images/product/0502d0e9177bf57189386f69ba859b0e.256p.jpg,2 TB,M.2 PCIe 3.0 X4,SSD,M.2-2280,,£0.152,5
Samsung 980,194.99,https://cdna.pcpartpicker.com/static/forever/images/product/ca0b46376f072d2483c385bad50c6310.256p.jpg,500 GB,M.2 PCIe 3.0 X4,SSD,M.2-2280,,£0.390,4.5
Western Digital WD_BLACK SN7100,259.96,https://cdna.pcpartpicker.com/static/forever/images/product/6f0fd73f94e49659eace8db76370bc34.256p.jpg,2 TB,M.2 PCIe 4.0 X4,SSD,M.2-2280,,£0.130,4.5
Samsung 970 Evo Plus,179.99,https://cdna.pcpartpicker.com/static/forever/images/product/326881d073c1b667bd348893696c690e.256p.jpg,1 TB,M.2 PCIe 3.0 X4,SSD,M.2-2280,1024 MB,£0.180,4.5
Samsung 990 EVO Plus,249.99,https://cdna.pcpartpicker.com/static/forever/images/product/e04f7c7b9bb44e66f4518b2d99d5798d.256p.jpg,2 TB,M.2 PCIe 5.0 X2,SSD,M.2-2280,,£0.125,4.5
Crucial P510,157.94,https://cdna.pcpartpicker.com/static/forever/images/product/d54a12ece6338a1a71ecaa145f58f616.256p.jpg,1 TB,M.2 PCIe 5.0 X4,SSD,M.2-2280,,£0.158,4.5
Patriot P400 Lite,259.3,https://cdna.pcpartpicker.com/static/forever/images/product/0aaf750acd7697a2e0fac812b6ba7770.256p.jpg,2 TB,M.2 PCIe 4.0 X4,SSD,M.2-2280,,£0.130,5
Samsung 870 Evo,409.31,https://cdna.pcpartpicker.com/static/forever/images/product/2c576ecaedba7428ac231ac4f1e12a4d.256p.jpg,2 TB,SATA 6.0 Gb/s,SSD,"2.5""",2048 MB,£0.205,4.5
TEAMGROUP T-Force Vulcan Z,131.93,https://cdna.pcpartpicker.com/static/forever/images/product/cdef80d378b1ec2bf07dff0b42837897.256p.jpg,1 TB,SATA 6.0 Gb/s,SSD,"2.5""",,£0.132,4.5
Lexar NM790,275.52,https://cdna.pcpartpicker.com/static/forever/images/product/496a72c7b0963d48aff4970b5407c89f.256p.jpg,2 TB,M.2 PCIe 4.0 X4,SSD,M.2-2280,,£0.138,5
Samsung 980 Pro,324.99,https://cdna.pcpartpicker.com/static/forever/images/product/3b2a91588d1a28bfa1b0184fb7f1c0a1.256p.jpg,2 TB,M.2 PCIe 4.0 X4,SSD,M.2-2280,2048 MB,£0.162,4.5
ADATA Legend 710,119,https://cdna.pcpartpicker.com/static/forever/images/product/fcfc16d3df880de0f065760333e239cb.256p.jpg,1 TB,M.2 PCIe 3.0 X4,SSD,M.2-2280,,£0.119,0
Kingston FURY Renegade G5,1599.99,https://cdna.pcpartpicker.com/static/forever/images/product/c8443eac545855ab2ef3b11814140054.256p.jpg,8 TB,M.2 PCIe 5.0 X4,SSD,M.2-2280,,£0.200,0
Mushkin Source HC,17479.72,,16 TB,SATA 6.0 Gb/s,SSD,"2.5""",,£1.092,0
Lenovo S4520,1917.19,,480 GB,SATA 6.0 Gb/s,SSD,"3.5""",,£5.072,0
Western Digital WD_BLACK SN8100,805.99,https://cdna.pcpartpicker.com/static/forever/images/product/1a712c4fc7eec20d6af59f2992e40962.256p.jpg,4 TB,M.2 PCIe 5.0 X4,SSD,M.2-2280,4096 MB,£0.201,5
Crucial P3 Plus,259.82,https://cdna.pcpartpicker.com/static/forever/images/product/2830bf3ba317c794ccde742efe4304be.256p.jpg,1 TB,M.2 PCIe 4.0 X4,SSD,M.2-2280,,£0.260,4.5
Samsung 9100 PRO w/Heatsink,1649.99,https://cdna.pcpartpicker.com/static/forever/images/product/7d2bcbd37be362c0cc30ab8f8cffe824.256p.jpg,8 TB,M.2 PCIe 5.0 X4,SSD,M.2-2280,8192 MB,£0.206,0
Sabrent Rocket 4 Plus,,https://cdna.pcpartpicker.com/static/forever/images/product/a1f3e983bdceebc282929dee27df1db3.256p.jpg,8 TB,M.2 PCIe 4.0 X4,SSD,M.2-2280,,,4
Kingston NV2,34.45,https://cdna.pcpartpicker.com/static/forever/images/product/1ab970d9da01e708936041815f8f0505.256p.jpg,250 GB,M.2 PCIe 4.0 X4,SSD,M.2-2280,,,4
Western Digital Black SN770,388.82,https://cdna.pcpartpicker.com/static/forever/images/product/5ab53f4ea70381a66686c52d0b6e05a6.256p.jpg,2 TB,M.2 PCIe 4.0 X4,SSD,M.2-2280,,£0.194,4.5
OWC Mercury Enterprise Pro 6G,,https://cdna.pcpartpicker.com/static/forever/images/product/78e0b4ee0ab65ea56f17972283df0c0f.256p.jpg,16 TB,SATA 6.0 Gb/s,SSD,"2.5""",,,0
TEAMGROUP T-FORCE G50,92.69,https://cdna.pcpartpicker.com/static/forever/images/product/9ec0dd43fbfd154476d61fd6c555a02e.256p.jpg,512 GB,M.2 PCIe 4.0 X4,SSD,M.2-2280,,£0.181,0
Western Digital Blue SN580,261.01,https://cdna.pcpartpicker.com/static/forever/images/product/f3d3390c0b08de6bbdfecbac012c639b.256p.jpg,1 TB,M.2 PCIe 4.0 X4,SSD,M.2-2280,,£0.261,4.5
Silicon Power A55,94.97,https://cdna.pcpartpicker.com/static/forever/images/product/e4bdef695eda38603bff1a903c8bcaf4.256p.jpg,1 TB,SATA 6.0 Gb/s,SSD,"2.5""",,£0.095,4.5
Crucial T500,269.99,https://cdna.pcpartpicker.com/static/forever/images/product/3fd5aee2fd8854d15ef3c81dcd9599f5.256p.jpg,2 TB,M.2 PCIe 4.0 X4,SSD,M.2-2280,,£0.135,4.5
Kingston KC3000,182.93,https://cdna.pcpartpicker.com/static/forever/images/product/e66fc9e6326af9ce97e3bd50268f61a2.256p.jpg,1.024 TB,M.2 PCIe 4.0 X4,SSD,M.2-2280,,£0.179,4.5
TEAMGROUP MP44L,165.53,https://cdna.pcpartpicker.com/static/forever/images/product/b7e87809a48525a1340938718110fecc.256p.jpg,1 TB,M.2 PCIe 4.0 X4,SSD,M.2-2280,,£0.166,4.5
Intel D3-S4520,2152.84,https://cdna.pcpartpicker.com/static/forever/images/product/f048f162c116c66e36ddefd9792cc6df.256p.jpg,7.68 TB,SATA 6.0 Gb/s,SSD,"2.5""",,£0.280,0
Crucial BX500,177.35,https://cdna.pcpartpicker.com/static/forever/images/product/fff84afccbfab3054a5a88963c4bb271.256p.jpg,1 TB,SATA 6.0 Gb/s,SSD,"2.5""",,£0.177,4.5
Crucial E100,129,https://cdna.pcpartpicker.com/static/forever/images/product/72bbad5e69fa95e74103a3613c6dc1e9.256p.jpg,1 TB,M.2 PCIe 4.0 X4,SSD,M.2-2280,,£0.129,2.5
Crucial T710,449,https://cdna.pcpartpicker.com/static/forever/images/product/abd724ed757ac7efff283d51c2b66cde.256p.jpg,4 TB,M.2 PCIe 5.0 X4,SSD,M.2-2280,,£0.112,4.5
Samsung 980 Pro w/Heatsink,,https://cdna.pcpartpicker.com/static/forever/images/product/117a93ff22c8f38b2bfb8ff00b0b4d78.256p.jpg,1 TB,M.2 PCIe 4.0 X4,SSD,M.2-2280,1024 MB,,4.5
Lexar NM760,,,1 TB,M.2 PCIe 4.0 X4,SSD,M.2-2280,,,0
Patriot Burst Elite,23.49,https://cdna.pcpartpicker.com/static/forever/images/product/a54889ce4a2388399cf0cf168f61efaf.256p.jpg,120 GB,SATA 6.0 Gb/s,SSD,"2.5""",,£0.196,3
Western Digital WD Green SN3000,139.99,https://cdna.pcpartpicker.com/static/forever/images/product/f7ef0967f1ceb8bb467e4a8b1344a401.256p.jpg,1 TB,M.2 PCIe 4.0 X4,SSD,M.2-2280,,£0.140,5
KIOXIA EXCERIA PLUS G4,229.99,https://cdna.pcpartpicker.com/static/forever/images/product/9ab94b2c3ffb08f6c7db460684b15332.256p.jpg,2 TB,M.2 PCIe 5.0 X4,SSD,M.2-2280,,£0.115,5
Patriot P320,76.98,https://cdna.pcpartpicker.com/static/forever/images/product/728bb9e7acc313cc8ba4348f85c20314.256p.jpg,512 GB,M.2 PCIe 3.0 X4,SSD,M.2-2280,,£0.150,0
MSI SPATIUM M482,,https://cdna.pcpartpicker.com/static/forever/images/product/a1e6e587283595392f120360f3d870d1.256p.jpg,2 TB,M.2 PCIe 4.0 X4,SSD,M.2-2280,,,5
Acer Predator GM7000,,https://cdna.pcpartpicker.com/static/forever/images/product/12f86981f480322cc08d5561239cba2d.256p.jpg,2 TB,M.2 PCIe 4.0 X4,SSD,M.2-2280,2048 MB,,4.5
Kingston A400,68.94,https://cdna.pcpartpicker.com/static/forever/images/product/97e2bd828644767c8a80b71f8cb14743.256p.jpg,240 GB,SATA 6.0 Gb/s,SSD,"2.5""",,£0.287,4.5
Klevv CRAS C910,165.48,,1 TB,M.2 PCIe 4.0 X4,SSD,M.2-2280,,£0.165,4.5
Biwin Black Opal NV7400,135.99,,1 TB,M.2 PCIe 4.0 X4,SSD,M.2-2280,,£0.136,0
ADATA LEGEND 860,245.95,https://cdna.pcpartpicker.com/static/forever/images/product/caa0126e94269529feefd20dacb980b9.256p.jpg,2 TB,M.2 PCIe 4.0 X4,SSD,M.2-2280,,£0.123,5
Western Digital WD Blue SN5000,369.99,https://cdna.pcpartpicker.com/static/forever/images/product/936d2253ae2c922ad5ce39f27ab4f0a7.256p.jpg,4 TB,M.2 PCIe 4.0 X4,SSD,M.2-2280,,£0.092,0
TEAMGROUP MP33,251.65,https://cdna.pcpartpicker.com/static/forever/images/product/b76335209ac689ef3ed00fdde8358acb.256p.jpg,2 TB,M.2 PCIe 3.0 X4,SSD,M.2-2280,,£0.126,4.5
Intel D3-S4510,,,7.68 TB,SATA 6.0 Gb/s,SSD,"2.5""",,,0
Silicon Power P34A6X,108.97,https://cdna.pcpartpicker.com/static/forever/images/product/315d9aac73067daa82063c2d34b356fa.256p.jpg,1 TB,M.2 PCIe 3.0 X4,SSD,M.2-2280,,£0.109,0
Intel DC P3608,5705.09,,4 TB,PCIe x8,SSD,PCIe,,£1.426,0
Gigabyte AORUS Gen4 7300,356.63,https://cdna.pcpartpicker.com/static/forever/images/product/e32295dc41b57635cb76db07234a1288.256p.jpg,2 TB,M.2 PCIe 4.0 X4,SSD,M.2-2280,2048 MB,£0.178,5
Samsung 970 Evo,,https://cdna.pcpartpicker.com/static/forever/images/product/09a31f32abb3daaf5ed9b849bd60e675.256p.jpg,1 TB,M.2 PCIe 3.0 X4,SSD,M.2-2280,1024 MB,,4.5
Samsung 860 Evo,,https://cdna.pcpartpicker.com/static/forever/images/product/50adb27c43f4a13c15135378f031d5c0.256p.jpg,1 TB,SATA 6.0 Gb/s,SSD,"2.5""",1024 MB,,4.5
Patriot P210,61.99,https://cdna.pcpartpicker.com/static/forever/images/product/0b4fa928bb9fe00b99169ee9b616d059.256p.jpg,512 GB,SATA 6.0 Gb/s,SSD,"2.5""",,£0.121,4
Patriot P310,92.21,https://cdna.pcpartpicker.com/static/forever/images/product/7fa472338dbb333d6922ff1894043235.256p.jpg,480 GB,M.2 PCIe 3.0 X4,SSD,M.2-2280,,£0.192,4
Samsung 990 Pro w/Heatsink,653.39,https://cdna.pcpartpicker.com/static/forever/images/product/1f3a70baa047ae18e1af31b89a344d2b.256p.jpg,4 TB,M.2 PCIe 4.0 X4,SSD,M.2-2280,4096 MB,£0.163,4.5
Intel 660p,143.62,https://cdna.pcpartpicker.com/static/forever/images/product/72ac6b04347d22c2592029d4a49bc5ed.256p.jpg,1.02 TB,M.2 PCIe 3.0 X4,SSD,M.2-2280,,£0.141,4.5
Samsung 990 EVO,209.99,https://cdna.pcpartpicker.com/static/forever/images/product/a00cf1a6938d19a3965c362d1c715c56.256p.jpg,1 TB,M.2 PCIe 5.0 X2,SSD,M.2-2280,,£0.210,5
Lexar NQ790,259.99,,2 TB,M.2 PCIe 4.0 X4,SSD,M.2-2280,,£0.130,4.5
TEAMGROUP NV5000,144.88,https://cdna.pcpartpicker.com/static/forever/images/product/00338c7f8687fba8e5d6f8407b442e1e.256p.jpg,1 TB,M.2 PCIe 4.0 X4,SSD,M.2-2280,,£0.145,4
PNY CS900,109.98,https://cdna.pcpartpicker.com/static/forever/images/product/1a0e1f64fd9de50cc37c9373d7bb48d6.256p.jpg,1 TB,SATA 6.0 Gb/s,SSD,"2.5""",,£0.110,4.5
SanDisk WD Blue SN5100,224.99,https://cdna.pcpartpicker.com/static/forever/images/product/11194096b68fcfb177e25cc7d2c1e882.256p.jpg,2 TB,M.2 PCIe 4.0 X4,SSD,M.2-2280,,£0.112,5
Western Digital WD_Black SN850X w/Heatsink,1042,https://cdna.pcpartpicker.com/static/forever/images/product/22a8e9bbc0f792f83fc2c9f8d155de54.256p.jpg,8 TB,M.2 PCIe 4.0 X4,SSD,M.2-2280,2048 MB,£0.130,0
Acer Predator GM7,215.99,https://cdna.pcpartpicker.com/static/forever/images/product/632489037ca2526dc4f9d84f00c99423.256p.jpg,2 TB,M.2 PCIe 4.0 X4,SSD,M.2-2280,,£0.108,5
Samsung 850 Evo,,https://cdna.pcpartpicker.com/static/forever/images/product/930e4d402f4ccd5f168e702e4b73b762.256p.jpg,250 GB,SATA 6.0 Gb/s,SSD,"2.5""",,,4.5
Patriot P410,175.07,https://cdna.pcpartpicker.com/static/forever/images/product/d17b7bda5821d0f34be4235f17fa568c.256p.jpg,1 TB,M.2 PCIe 4.0 X4,SSD,M.2-2280,,£0.175,5
KingSpec XG7000,188.59,https://cdna.pcpartpicker.com/static/forever/images/product/bef5810e238402865881b06506a584db.256p.jpg,1 TB,M.2 PCIe 4.0 X4,SSD,M.2-2280,,£0.189,5
PNY CS1030,123.19,https://cdna.pcpartpicker.com/static/forever/images/product/4dc9f5fe909a995df743f3eee4584542.256p.jpg,1 TB,M.2 PCIe 3.0 X4,SSD,M.2-2280,,£0.123,5
Crucial T705,206.99,https://cdna.pcpartpicker.com/static/forever/images/product/26411ed56b8f23776f841818083ed115.256p.jpg,2 TB,M.2 PCIe 5.0 X4,SSD,M.2-2280,,£0.103,4.5
MSI SPATIUM M480 PRO,669.18,https://cdna.pcpartpicker.com/static/forever/images/product/07a3c2ab9c4d6fc23c1694c68f445cb4.256p.jpg,4 TB,M.2 PCIe 4.0 X4,SSD,M.2-2280,2048 MB,£0.167,5
Lexar NM620,139.99,https://cdna.pcpartpicker.com/static/forever/images/product/8618752d44f122e9b16d057538903ec4.256p.jpg,1 TB,M.2 PCIe 3.0 X4,SSD,M.2-2280,,£0.140,4
MSI SPATIUM M450,84.56,https://cdna.pcpartpicker.com/static/forever/images/product/e8f5a6db129f6810742530380a15bc25.256p.jpg,500 GB,M.2 PCIe 4.0 X4,SSD,M.2-2280,,,5
SK Hynix Platinum P41,,,2 TB,M.2 PCIe 4.0 X4,SSD,M.2-2280,,,4.5
KingSpec NX-2280,,https://cdna.pcpartpicker.com/static/forever/images/product/b25fc667fa4db232a93524ded15fa484.256p.jpg,1 TB,M.2 PCIe 3.0 X4,SSD,M.2-2280,,,4.5
KIOXIA EXCERIA,129.95,https://cdna.pcpartpicker.com/static/forever/images/product/3884da54cd24f146ee48d25a95ed5517.256p.jpg,960 GB,SATA 6.0 Gb/s,SSD,"2.5""",,£0.135,0
Western Digital Blue SN550,,https://cdna.pcpartpicker.com/static/forever/images/product/73be90b182cdb68fe899775fb8fa56ed.256p.jpg,1 TB,M.2 PCIe 3.0 X4,SSD,M.2-2280,,,4.5
KingSpec P3,,,1 TB,SATA 6.0 Gb/s,SSD,"2.5""",,,3.5
Crucial P510 W/Heatsink,157.99,https://cdna.pcpartpicker.com/static/forever/images/product/c3a53ff66566c769f05252c0508c1663.256p.jpg,1 TB,M.2 PCIe 5.0 X4,SSD,M.2-2280,,£0.158,0
MSI SPATIUM M461,211.92,https://cdna.pcpartpicker.com/static/forever/images/product/ea4bedfb41d590aa801cbbcd535ab039.256p.jpg,2 TB,M.2 PCIe 4.0 X4,SSD,M.2-2280,,£0.106,5
Samsung 870 QVO,1435.58,https://cdna.pcpartpicker.com/static/forever/images/product/29b838814626cac9b060a2d2c0a293cd.256p.jpg,8 TB,SATA 6.0 Gb/s,SSD,"2.5""",,£0.179,4
FanXiang S500 Pro,69.98,,512 GB,M.2 PCIe 3.0 X4,SSD,M.2-2280,,£0.137,0
Netac NV3000,,https://cdna.pcpartpicker.com/static/forever/images/product/7e2035d375c63ee926fecb362a7ef5ce.256p.jpg,1 TB,M.2 PCIe 3.0 X4,SSD,M.2-2280,,,3.5
SanDisk Optimus GX PRO 8100 (w/Heatsink),1969.99,,8 TB,M.2 PCIe 5.0 X4,SSD,M.2-2280,,£0.246,0
Crucial P3,142.08,https://cdna.pcpartpicker.com/static/forever/images/product/5b0cd518feacc76794f17f75745b2907.256p.jpg,500 GB,M.2 PCIe 3.0 X4,SSD,M.2-2280,,£0.284,4.5
Corsair MP600 PRO XT,193.62,https://cdna.pcpartpicker.com/static/forever/images/product/30feb0d406c2b123141dfd76bd25992e.256p.jpg,1 TB,M.2 PCIe 4.0 X4,SSD,M.2-2280,,£0.194,5
Lexar EQ790,139.99,,1 TB,M.2 PCIe 4.0 X4,SSD,M.2-2280,,£0.140,5
Intel 670p,230,https://cdna.pcpartpicker.com/static/forever/images/product/dcf368b5092373d4759de1ee874b9e79.256p.jpg,1 TB,M.2 PCIe 3.0 X4,SSD,M.2-2280,,£0.230,4.5
Inland TN320,,,1 TB,M.2 PCIe 3.0 X4,SSD,M.2-2280,,,0
Crucial P310 w/ Acronis Data Recovery,209,,2 TB,M.2 PCIe 4.0 X4,SSD,M.2-2280,,£0.104,0
Crucial MX500,324.95,https://cdna.pcpartpicker.com/static/forever/images/product/24739d2c05e810fd8c8d6883e6ed10fe.256p.jpg,2 TB,SATA 6.0 Gb/s,SSD,"2.5""",2048 MB,£0.162,4.5
Inland QN450,,,1 TB,M.2 PCIe 4.0 X4,SSD,M.2-2280,,,0
Intel D3-S4620,,https://cdna.pcpartpicker.com/static/forever/images/product/b8ba4f921271c635b5881d7dda337021.256p.jpg,3.84 TB,SATA 6.0 Gb/s,SSD,"2.5""",,,0
Western Digital Green SN350,214.16,https://cdna.pcpartpicker.com/static/forever/images/product/8958ec7c7803a678c5f2870d7b0245c5.256p.jpg,2 TB,M.2 PCIe 3.0 X4,SSD,M.2-2280,,£0.107,3
XPG SX6000 Lite,,https://cdna.pcpartpicker.com/static/forever/images/product/5d7ac5150a3baa861fd8961b71c54c8b.256p.jpg,256 GB,M.2 PCIe 3.0 X4,SSD,M.2-2280,,,3
Gigabyte AORUS Gen4,,https://cdna.pcpartpicker.com/static/forever/images/product/d59265eb1c1a742d7b7510e8259924db.256p.jpg,1 TB,M.2 PCIe 4.0 X4,SSD,M.2-2280,2048 MB,,4.5
Timetec 35TTFP6PCIE,81.36,,512 GB,M.2 PCIe 3.0 X4,SSD,M.2-2280,,£0.159,3.5
FanXiang S880,219.7,,2 TB,M.2 PCIe 4.0 X4,SSD,M.2-2280,,£0.110,5
Samsung PM893,3329.77,https://cdna.pcpartpicker.com/static/forever/images/product/921c4e493c902e4086752efe2a88ce0b.256p.jpg,7.68 TB,SATA 6.0 Gb/s,SSD,"2.5""",,£0.434,0
Sabrent Rocket 5,325.63,https://cdna.pcpartpicker.com/static/forever/images/product/a221560d44f38ca9cf29eb842a2f5f19.256p.jpg,2 TB,M.2 PCIe 5.0 X4,SSD,M.2-2280,,£0.163,0
Western Digital Blue,381.34,https://cdna.pcpartpicker.com/static/forever/images/product/a3b09866e3716566572bf9a13792cc85.256p.jpg,1 TB,SATA 6.0 Gb/s,SSD,"2.5""",,£0.381,4.5
Crucial T700 W/Heatsink,621.79,https://cdna.pcpartpicker.com/static/forever/images/product/aeb312f0e26355b4840393bd66b512cb.256p.jpg,4 TB,M.2 PCIe 5.0 X4,SSD,M.2-2280,,£0.155,4
KIOXIA EXCERIA PLUS G3,160.99,https://cdna.pcpartpicker.com/static/forever/images/product/10ba06eb52379d5e7dbfa7ab326acc74.256p.jpg,1 TB,M.2 PCIe 4.0 X4,SSD,M.2-2280,,£0.161,5
Western Digital Blue SN570,132.35,https://cdna.pcpartpicker.com/static/forever/images/product/820f4e4ac27af85645afeaabc7b82f04.256p.jpg,500 GB,M.2 PCIe 3.0 X4,SSD,M.2-2280,,,4.5
Verbatim Vi3000,154.95,https://cdna.pcpartpicker.com/static/forever/images/product/7577918a4354b4d63661af4607fe1aea.256p.jpg,1 TB,M.2 PCIe 3.0 X4,SSD,M.2-2280,,£0.155,0
Gigabyte AORUS Gen4 7000E,179.99,https://cdna.pcpartpicker.com/static/forever/images/product/0e4da98cb163fb6b955a9a89dc847fd7.256p.jpg,1 TB,M.2 PCIe 4.0 X4,SSD,M.2-2280,,£0.180,5
ADATA XPG GAMMIX S70 Blade,177.94,https://cdna.pcpartpicker.com/static/forever/images/product/5a1578f5dbff7c6c5b2a6a29663d3293.256p.jpg,1 TB,M.2 PCIe 4.0 X4,SSD,M.2-2280,,£0.178,4.5
Crucial P310 w/Heatsink,173.23,https://cdna.pcpartpicker.com/static/forever/images/product/f262730ba9facc0575af3658f509cdda.256p.jpg,1 TB,M.2 PCIe 4.0 X4,SSD,M.2-2280,,£0.173,4
Kingston Fury Renegade,395.46,https://cdna.pcpartpicker.com/static/forever/images/product/f53b8d7adbe5755ba2e272aa945f3517.256p.jpg,2 TB,M.2 PCIe 4.0 X4,SSD,M.2-2280,,£0.198,4.5
Biwin NV7200,,,2 TB,M.2 PCIe 4.0 X4,SSD,M.2-2280,,,0
SanDisk Optimus GX PRO 8100,1924.99,,8 TB,M.2 PCIe 5.0 X4,SSD,M.2-2280,,£0.241,0
FanXiang S660,125.5,,1 TB,M.2 PCIe 4.0 X4,SSD,M.2-2280,,£0.126,5
Gigabyte 4000E,,https://cdna.pcpartpicker.com/static/forever/images/product/b0cb726d3c39735794a7ad4b3b6b0d5e.256p.jpg,1 TB,M.2 PCIe 4.0 X4,SSD,M.2-2280,,,0
Western Digital Black SN750,383.95,https://cdna.pcpartpicker.com/static/forever/images/product/0e711f3edb98f9680cc528271201d8d2.256p.jpg,1 TB,M.2 PCIe 3.0 X4,SSD,M.2-2280,,£0.384,4.5
PNY CS2230,,https://cdna.pcpartpicker.com/static/forever/images/product/b5cc5d898bdc8cffe2bbfbe5652417ee.256p.jpg,1 TB,M.2 PCIe 3.0 X4,SSD,M.2-2280,,,0
Patriot Viper VP4300 Lite,268.22,https://cdna.pcpartpicker.com/static/forever/images/product/69067116a0293379d79c860bd2c77651.256p.jpg,2 TB,M.2 PCIe 4.0 X4,SSD,M.2-2280,,£0.134,4.5
Lexar Professional NM1090 PRO,279.99,,2 TB,M.2 PCIe 5.0 X4,SSD,M.2-2280,,£0.140,5
Crucial T700,550.99,https://cdna.pcpartpicker.com/static/forever/images/product/708ad07de98d1fb30d2435a7ef47b3ab.256p.jpg,4 TB,M.2 PCIe 5.0 X4,SSD,M.2-2280,,£0.138,4.5
Lexar NQ700,,,2 TB,M.2 PCIe 4.0 X4,SSD,M.2-2280,,,5
KIOXIA EXCERIA G3,145.99,https://cdna.pcpartpicker.com/static/forever/images/product/b83d499b71bcd8f167b2bbe05c3aa084.256p.jpg,1 TB,M.2 PCIe 5.0 X4,SSD,M.2-2280,,£0.146,0
PNY CS2150,179.19,,1 TB,M.2 PCIe 5.0 X4,SSD,M.2-2280,,£0.179,5
Corsair MP700 Elite,424.57,https://cdna.pcpartpicker.com/static/forever/images/product/779f6f904f4fdc9029ed43fb37f144e2.256p.jpg,2 TB,M.2 PCIe 5.0 X4,SSD,M.2-2280,,£0.212,5
Crucial P5 Plus,,https://cdna.pcpartpicker.com/static/forever/images/product/43c2b68eaed9cd66fa6d7d71ee8e2756.256p.jpg,2 TB,M.2 PCIe 4.0 X4,SSD,M.2-2280,2048 MB,,4.5
TEAMGROUP T-Force Cardea A440 Pro,,https://cdna.pcpartpicker.com/static/forever/images/product/4ccb73baed8f94574445976fdb82509d.256p.jpg,2 TB,M.2 PCIe 4.0 X4,SSD,M.2-2280,,,4.5
Samsung 970 Pro,,https://cdna.pcpartpicker.com/static/forever/images/product/f5fbcbb3afcdfe42608154abf2f9de71.256p.jpg,512 GB,M.2 PCIe 3.0 X4,SSD,M.2-2280,512 MB,,4.5
Lexar NQ780,217.63,,1 TB,M.2 PCIe 4.0 X4,SSD,M.2-2280,,£0.218,5
Western Digital WD_BLACK SN8100 w/Heatsink,1763.99,https://cdna.pcpartpicker.com/static/forever/images/product/5a9ebbe0c04a953c5c5fac1e9f2987fe.256p.jpg,8 TB,M.2 PCIe 5.0 X4,SSD,M.2-2280,,£0.220,0
TEAMGROUP QX,199.99,https://cdna.pcpartpicker.com/static/forever/images/product/6b09323ae812fa126c4d87c6899be7ed.256p.jpg,2 TB,SATA 6.0 Gb/s,SSD,"2.5""",,£0.100,3
Corsair MP700 PRO SE,641.85,https://cdna.pcpartpicker.com/static/forever/images/product/07bb3490105ed54cd3caa3223a30ea49.256p.jpg,4 TB,M.2 PCIe 5.0 X4,SSD,M.2-2280,,£0.160,5
TEAMGROUP T-FORCE G70 PRO Graphene,259.99,https://cdna.pcpartpicker.com/static/forever/images/product/57df6073a8835a489e71d3fb0fe32a68.256p.jpg,2 TB,M.2 PCIe 4.0 X4,SSD,M.2-2280,,£0.130,5
Klevv CRAS C925G,262.99,,2 TB,M.2 PCIe 4.0 X4,SSD,M.2-2280,,£0.131,0
Patriot P400 V4,174.9,https://cdna.pcpartpicker.com/static/forever/images/product/85f9170d40e3d7fe6359a551e77a420f.256p.jpg,1 TB,M.2 PCIe 4.0 X4,SSD,M.2-2280,,£0.175,0
SanDisk Optimus 5100,89.99,https://cdna.pcpartpicker.com/static/forever/images/product/663df24205489a717d9186dab8f7f2a5.256p.jpg,500 GB,M.2 PCIe 4.0 X4,SSD,M.2-2280,,£0.180,0
KingSpec XF,,https://cdna.pcpartpicker.com/static/forever/images/product/66c0e319cdbbff51c63291fcc9fe93da.256p.jpg,2 TB,M.2 PCIe 4.0 X4,SSD,M.2-2280,,,0
Silicon Power Ace A5X,53.97,https://cdna.pcpartpicker.com/static/forever/images/product/dc9841073fde927495d1974b3545173c.256p.jpg,512 GB,SATA 6.0 Gb/s,SSD,"2.5""",,£0.105,0
Western Digital Blue SA510,241.99,https://cdna.pcpartpicker.com/static/forever/images/product/c76996330f03b488800d57bbd617f637.256p.jpg,2 TB,SATA 6.0 Gb/s,SSD,"2.5""",,£0.121,4
FanXiang S101,23.79,,128 GB,SATA 6.0 Gb/s,SSD,"2.5""",,£0.186,0
Corsair MP700 PRO,317.99,https://cdna.pcpartpicker.com/static/forever/images/product/fabeab48cca83136b20ca493cea3fd4a.256p.jpg,2 TB,M.2 PCIe 5.0 X4,SSD,M.2-2280,,£0.159,5
Addlink S70,,,1 TB,M.2 PCIe 3.0 X4,SSD,M.2-2280,,,5
ADATA MARS 980 BLADE,176.94,https://cdna.pcpartpicker.com/static/forever/images/product/b8e40128a4580b1643bf1226bdcc4498.256p.jpg,1 TB,M.2 PCIe 5.0 X4,SSD,M.2-2280,,£0.177,0
Netac NV7000-t,,,1 TB,M.2 PCIe 4.0 X4,SSD,M.2-2280,,,0
Crucial P2,,https://cdna.pcpartpicker.com/static/forever/images/product/1533ee97447785234f3c72a4ef452986.256p.jpg,1 TB,M.2 PCIe 3.0 X4,SSD,M.2-2280,,,4.5
TEAMGROUP T-Force Cardea Z540,,,4 TB,M.2 PCIe 5.0 X4,SSD,M.2-2280,,,0
Crucial T705 W/Heatsink,511.49,https://cdna.pcpartpicker.com/static/forever/images/product/fd667dea54784b7840a47ef082c915dd.256p.jpg,4 TB,M.2 PCIe 5.0 X4,SSD,M.2-2280,,£0.128,5
Corsair MP600 CORE XT R2,347.41,https://cdna.pcpartpicker.com/static/forever/images/product/0d1e4988888cbccacb7e7d99d2a08740.256p.jpg,2 TB,M.2 PCIe 4.0 X4,SSD,M.2-2280,,£0.174,5
SanDisk SSD PLUS,124.99,https://cdna.pcpartpicker.com/static/forever/images/product/feeb23680e9f196d78740e81442b5cb4.256p.jpg,1 TB,M.2 PCIe 3.0 X4,SSD,M.2-2280,,£0.125,0
AGI AI298,109.95,https://cdna.pcpartpicker.com/static/forever/images/product/9a9613f06806ceab959e6a72bab6e5c2.256p.jpg,1 TB,M.2 PCIe 3.0 X4,SSD,M.2-2280,,£0.110,0
Crucial P1,,https://cdna.pcpartpicker.com/static/forever/images/product/c375bc816cb1189605ece2421baadb94.256p.jpg,1 TB,M.2 PCIe 3.0 X4,SSD,M.2-2280,,,4.5
Biwin Black Opal X570 Pro,,https://cdna.pcpartpicker.com/static/forever/images/product/0f8b535350f78b2976116e02ecb4201b.256p.jpg,1 TB,M.2 PCIe 5.0 X4,SSD,M.2-2280,1024 MB,,0
Corsair MP700 PRO XT,1414.99,,2 TB,M.2 PCIe 5.0 X4,SSD,M.2-2280,,£0.707,0
Silicon Power US75,129.99,,1 TB,M.2 PCIe 4.0 X4,SSD,M.2-2280,,£0.130,5
Gigabyte AORUS Gen5 14000,229.99,https://cdna.pcpartpicker.com/static/forever/images/product/60acf357b2e2fc35d9568816ca9c72d7.256p.jpg,1 TB,M.2 PCIe 5.0 X4,SSD,M.2-2280,2048 MB,£0.230,0
Kingston Fury Renegade with Heat Sink,240.41,https://cdna.pcpartpicker.com/static/forever/images/product/fffe1ba051b880e726abe0550d5fe502.256p.jpg,2 TB,M.2 PCIe 4.0 X4,SSD,M.2-2280,,£0.120,0
Sabrent Rocket 4,,,2 TB,M.2 PCIe 4.0 X4,SSD,M.2-2280,,,0
Patriot P220,25.99,https://cdna.pcpartpicker.com/static/forever/images/product/6ee0969eac126e58a3dc57a4a6a926a0.256p.jpg,128 GB,SATA 6.0 Gb/s,SSD,"2.5""",,£0.203,0
Western Digital Green,49.69,https://cdna.pcpartpicker.com/static/forever/images/product/859404a3a795b374960d252a5883bc22.256p.jpg,240 GB,SATA 6.0 Gb/s,SSD,"2.5""",,£0.207,3.5
ADATA XPG SX8200 Pro,132.47,https://cdna.pcpartpicker.com/static/forever/images/product/b57859de3be232130e21cae9181f2138.256p.jpg,512 GB,M.2 PCIe 3.0 X4,SSD,M.2-2280,,£0.267,4.5
SanDisk Optimus GX 7100,106.99,https://cdna.pcpartpicker.com/static/forever/images/product/c8d7b4d71c00f1e0c7d27e7d2d6b55ef.256p.jpg,500 GB,M.2 PCIe 4.0 X4,SSD,M.2-2280,,£0.214,0
Inland Professional,,,120 GB,SATA 6.0 Gb/s,SSD,"2.5""",,,4.5
SanDisk Extreme,141.19,,1 TB,M.2 PCIe 4.0 X4,SSD,M.2-2280,,£0.141,5
ADATA Ultimate SU650,85.24,https://cdna.pcpartpicker.com/static/forever/images/product/91498d84290724d3d4e364dba8b31d77.256p.jpg,512 GB,SATA 6.0 Gb/s,SSD,"2.5""",,£0.166,0
Lexar NM710,193.88,https://cdna.pcpartpicker.com/static/forever/images/product/8c8fa679a8a4d517926eb7d1f7495982.256p.jpg,1 TB,M.2 PCIe 4.0 X4,SSD,M.2-2280,,£0.194,4.5
Samsung 960 Evo,,https://cdna.pcpartpicker.com/static/forever/images/product/05c84a7f2b020b4efe1b7b736b9eefd0.256p.jpg,250 GB,M.2 PCIe 3.0 X4,SSD,M.2-2280,512 MB,,4.5
TEAMGROUP MP44Q,167.5,https://cdna.pcpartpicker.com/static/forever/images/product/dacd35ede5635f3afe45a6014ceba789.256p.jpg,1 TB,M.2 PCIe 4.0 X4,SSD,M.2-2280,,£0.168,5
Asus ROG Strix SQ7,,https://cdna.pcpartpicker.com/static/forever/images/product/5799413da768adb5d686323be059d43d.256p.jpg,1 TB,M.2 PCIe 4.0 X4,SSD,M.2-2280,1024 MB,,0
PNY CS2140,,https://cdna.pcpartpicker.com/static/forever/images/product/d46e6931e1bc0a97166ac4efa9eb0f94.256p.jpg,1 TB,M.2 PCIe 4.0 X4,SSD,M.2-2280,,,5
Lexar NM990,266.99,https://cdna.pcpartpicker.com/static/forever/images/product/a65abaf010cd19b6d45a9a5012e185ec.256p.jpg,2 TB,M.2 PCIe 5.0 X4,SSD,M.2-2280,,£0.133,0
Kingston A2000,184.91,https://cdna.pcpartpicker.com/static/forever/images/product/04f2780924ad6adc22bc16609804195f.256p.jpg,1 TB,M.2 PCIe 3.0 X4,SSD,M.2-2280,,£0.185,4.5
SK Hynix Gold P31,,,1 TB,M.2 PCIe 3.0 X4,SSD,M.2-2280,,,4.5
Centon MP Essential,166.1,https://cdna.pcpartpicker.com/static/forever/images/product/0ea30deb65dee4d38ba5282ef286130b.256p.jpg,960 GB,SATA 6.0 Gb/s,SSD,"2.5""",,£0.208,0
ADATA SU630,37.93,https://cdna.pcpartpicker.com/static/forever/images/product/eb2766bf443b4123cb7cf75e65002a7b.256p.jpg,240 GB,SATA 6.0 Gb/s,SSD,"2.5""",,£0.158,4
Western Digital Black SN850,199.99,https://cdna.pcpartpicker.com/static/forever/images/product/67ae19fe7847cb5bf67f4448e717e831.256p.jpg,1 TB,M.2 PCIe 4.0 X4,SSD,M.2-2280,,£0.200,4.5
PNY CS2241,344.96,https://cdna.pcpartpicker.com/static/forever/images/product/3fc0cebea011952b5ccdfcf28c99b221.256p.jpg,2 TB,M.2 PCIe 4.0 X4,SSD,M.2-2280,,£0.172,0
MSI SPATIUM M470 PRO,149.99,https://cdna.pcpartpicker.com/static/forever/images/product/73900c14eb1973ec24f0744d3d439253.256p.jpg,1 TB,M.2 PCIe 4.0 X4,SSD,M.2-2280,,£0.150,4.5
Klevv CRAS C925,,,1 TB,M.2 PCIe 4.0 X4,SSD,M.2-2280,,,0
SK Hynix Platinum P51,,,2 TB,M.2 PCIe 5.0 X4,SSD,M.2-2280,,,5
Corsair MP400,,https://cdna.pcpartpicker.com/static/forever/images/product/ff845613cc0803168356a8450932e542.256p.jpg,8 TB,M.2 PCIe 3.0 X4,SSD,M.2-2280,,,5
Lexar NS100,170.25,https://cdna.pcpartpicker.com/static/forever/images/product/596c7bec5396b0c1a0ffb5c344d0797d.256p.jpg,1 TB,SATA 6.0 Gb/s,SSD,"2.5""",,£0.170,0
Samsung 860 QVO,,https://cdna.pcpartpicker.com/static/forever/images/product/7477813c6b50ff2093ca5677eac53a61.256p.jpg,1 TB,SATA 6.0 Gb/s,SSD,"2.5""",,,4.5
PNY CS1031,92.42,,500 GB,M.2 PCIe 3.0 X4,SSD,M.2-2280,,£0.185,0
ADATA Legend 800,,https://cdna.pcpartpicker.com/static/forever/images/product/ac08cb11cbb317cac3805442bffdd8d0.256p.jpg,2 TB,M.2 PCIe 4.0 X4,SSD,M.2-2280,,,5
Orico Y-20,25.99,,128 GB,SATA 6.0 Gb/s,SSD,"2.5""",,£0.203,0
Kingston NV1,,https://cdna.pcpartpicker.com/static/forever/images/product/4b38e34b765a81eddcd84d5450a7f353.256p.jpg,500 GB,M.2 PCIe 3.0 X4,SSD,M.2-2280,,,4.5
Gigabyte GP-GSTFS31240GNTD,73.81,https://cdna.pcpartpicker.com/static/forever/images/product/857e48d946c6f3b3ede44ab153fa1079.256p.jpg,240 GB,SATA 6.0 Gb/s,SSD,"2.5""",,£0.308,4.5
Corsair MP600 ELITE,369.59,https://cdna.pcpartpicker.com/static/forever/images/product/e7a504afe6b68b11181974ea50eedff7.256p.jpg,2 TB,M.2 PCIe 4.0 X4,SSD,M.2-2280,,£0.185,5
TEAMGROUP MP44,470.87,https://cdna.pcpartpicker.com/static/forever/images/product/e6f690b84c15d5854933edd262dc77c0.256p.jpg,4 TB,M.2 PCIe 4.0 X4,SSD,M.2-2280,,£0.118,5
MSI SPATIUM M560,368.28,,2 TB,M.2 PCIe 5.0 X4,SSD,M.2-2280,,£0.184,0
MSI SPATIUM M571 DLP,339.99,,2 TB,M.2 PCIe 5.0 X4,SSD,M.2-2280,2048 MB,£0.170,0
Biwin M350,,,2 TB,M.2 PCIe 4.0 X4,SSD,M.2-2280,,,5
Crucial T500 W/Heatsink,209.99,https://cdna.pcpartpicker.com/static/forever/images/product/d560931c58b12d087e0630e9283bfca0.256p.jpg,1 TB,M.2 PCIe 4.0 X4,SSD,M.2-2280,,£0.210,5
TEAMGROUP AX2,128.19,,1 TB,SATA 6.0 Gb/s,SSD,"2.5""",,£0.128,4.5
TEAMGROUP MS30,117.94,https://cdna.pcpartpicker.com/static/forever/images/product/6c56efb792800668ebdf88501040055a.256p.jpg,1 TB,M.2 SATA,SSD,M.2-2280,,£0.118,4
Lexar NM610PRO,184.99,https://cdna.pcpartpicker.com/static/forever/images/product/4882d36c303799525f14bd2b62efc068.256p.jpg,1 TB,M.2 PCIe 3.0 X4,SSD,M.2-2280,,£0.185,0
Samsung 850 Pro,,https://cdna.pcpartpicker.com/static/forever/images/product/2275d7335b3784eed93977ab579b6e5d.256p.jpg,256 GB,SATA 6.0 Gb/s,SSD,"2.5""",,,4.5
Kingston KC600,59.99,https://cdna.pcpartpicker.com/static/forever/images/product/2d941d002eeba10430595867b07350ad.256p.jpg,256 GB,SATA 6.0 Gb/s,SSD,"2.5""",,£0.234,5
Intenso Top Performance,34,https://cdna.pcpartpicker.com/static/forever/images/product/7f9f64e90b66787f94e853573f355b1b.256p.jpg,128 GB,M.2 SATA,SSD,M.2-2280,,£0.266,0
Solidigm P44 Pro,,https://cdna.pcpartpicker.com/static/forever/images/product/79f41cae02110c429bd9bb514130d169.256p.jpg,2 TB,M.2 PCIe 4.0 X4,SSD,M.2-2280,,,4.5
MSI SPATIUM M371,,https://cdna.pcpartpicker.com/static/forever/images/product/d107382d93f8644cb089dc6bc87107e5.256p.jpg,1 TB,M.2 PCIe 3.0 X4,SSD,M.2-2280,,,4.5
Corsair MP600 Force Series Gen4,,https://cdna.pcpartpicker.com/static/forever/images/product/f84a7ecafc7e7fb85c25a1c6414f5097.256p.jpg,1 TB,M.2 PCIe 3.0 X4,SSD,M.2-2280,,,4.5
Western Digital SN530,,,512 GB,M.2 PCIe 3.0 X4,SSD,M.2-2280,,,5
Patriot Burst,85.76,https://cdna.pcpartpicker.com/static/forever/images/product/b443d34c02302bac4302ca02c65bc699.256p.jpg,960 GB,SATA 6.0 Gb/s,SSD,"2.5""",,£0.089,3
ADATA LEGEND 900,165.99,https://cdna.pcpartpicker.com/static/forever/images/product/a99873cdf1e29ce1e99baa03d9523ca0.256p.jpg,1 TB,M.2 PCIe 4.0 X4,SSD,M.2-2280,,£0.166,5
MSI SPATIUM M480 PRO PLAY,234,,2 TB,M.2 PCIe 4.0 X4,SSD,M.2-2280,2048 MB,£0.117,0
Addlink A93 PS5,,,1 TB,M.2 PCIe 4.0 X4,SSD,M.2-2280,,,0
Acer FA100,89.99,https://cdna.pcpartpicker.com/static/forever/images/product/f5421fd9797f3f451727604bfc5b555c.256p.jpg,512 GB,M.2 PCIe 3.0 X4,SSD,M.2-2280,,£0.176,0
TEAMGROUP NV10000,218.27,https://cdna.pcpartpicker.com/static/forever/images/product/a4b1ceb3efe6c5762c81d96c342f4444.256p.jpg,1 TB,M.2 PCIe 5.0 X4,SSD,M.2-2280,,£0.218,0
Solidigm P41 Plus,,https://cdna.pcpartpicker.com/static/forever/images/product/aafcbf420443bb76cfe6a8c174f447db.256p.jpg,1 TB,M.2 PCIe 4.0 X4,SSD,M.2-2280,,,4.5
KingSpec NXM,159.99,,1 TB,M.2 PCIe 3.0 X4,SSD,M.2-2242,,£0.160,4
Sabrent Rocket,,https://cdna.pcpartpicker.com/static/forever/images/product/124ba240bbd11a5cdc73b266dc770d5f.256p.jpg,1 TB,M.2 PCIe 3.0 X4,SSD,M.2-2242,,,5
Sabrent Rocket 4.0,,,1 TB,M.2 PCIe 4.0 X4,SSD,M.2-2280,,,4.5
Seagate BarraCuda Q5,,https://cdna.pcpartpicker.com/static/forever/images/product/d902dfde825cee3cafb379e96397582a.256p.jpg,1 TB,M.2 PCIe 3.0 X4,SSD,M.2-2280,,,5
Kingston SSDNow V300,70.88,https://cdna.pcpartpicker.com/static/forever/images/product/adc747a946f989edc13e0c8df1daedf6.256p.jpg,120 GB,SATA 6.0 Gb/s,SSD,"2.5""",,£0.638,4.5
Intel D3-S4610,,,7.68 TB,SATA 6.0 Gb/s,SSD,"2.5""",,,0
Corsair MP600 PRO LPX,234.13,https://cdna.pcpartpicker.com/static/forever/images/product/667a9649b7d52b5acdef269e5a6ebb91.256p.jpg,1 TB,M.2 PCIe 4.0 X4,SSD,M.2-2280,,£0.234,4.5
Micron 3400,,,1 TB,M.2 PCIe 4.0 X4,SSD,M.2-2280,,,5
TEAMGROUP T-Force GE PRO AirFlow,,https://cdna.pcpartpicker.com/static/forever/images/product/156e5cc8e2782bb1a8d8ff73c763d349.256p.jpg,4 TB,M.2 PCIe 5.0 X4,SSD,M.2-2280,,,0
Samsung 950 PRO,,https://cdna.pcpartpicker.com/static/forever/images/product/55b753d2ca9be9204bcee17ef9879194.256p.jpg,256 GB,M.2 PCIe 3.0 X4,SSD,M.2-2280,512 MB,,4.5
AGI AI818,,,1 TB,M.2 PCIe 4.0 X4,SSD,M.2-2280,,,0
Inland Performance Plus,,,2 TB,M.2 PCIe 4.0 X4,SSD,M.2-2280,,,5
Intel SSDPEDMD020T401,2363.96,https://cdna.pcpartpicker.com/static/forever/images/product/4ab3a8901725966b71c6806fc7f6a08b.256p.jpg,2 TB,PCIe x4,SSD,PCIe,,£1.182,0
Corsair MP600 CORE XT,557.6,https://cdna.pcpartpicker.com/static/forever/images/product/72ef56a7a1e4daa2e550a57f9abcc9f1.256p.jpg,4 TB,M.2 PCIe 4.0 X4,SSD,M.2-2280,,£0.139,4.5
SanDisk Optimus GX PRO 850X,1790.99,https://cdna.pcpartpicker.com/static/forever/images/product/32d4823c8c77d81305dc55eb19180a8a.256p.jpg,8 TB,M.2 PCIe 4.0 X4,SSD,M.2-2280,,£0.224,0
Corsair MP600 PRO NH,459.99,,1 TB,M.2 PCIe 4.0 X4,SSD,M.2-2280,,£0.460,0
Gigabyte Gen3 2500E,,https://cdna.pcpartpicker.com/static/forever/images/product/149b1f5a97a72308596886f1c6e174b1.256p.jpg,500 GB,M.2 PCIe 3.0 X4,SSD,M.2-2280,,,0
TEAMGROUP MP33 PRO,129.95,https://cdna.pcpartpicker.com/static/forever/images/product/6b1c4b8f45703c35569656622ff924ed.256p.jpg,1 TB,M.2 PCIe 3.0 X4,SSD,M.2-2280,,£0.130,4.5
Silicon Power A58,,,4 TB,SATA 6.0 Gb/s,SSD,"2.5""",,,0
Samsung PM951,,,512 GB,M.2 PCIe 3.0 X4,SSD,M.2-2280,,,4.5
SanDisk Ultra 3D,,https://cdna.pcpartpicker.com/static/forever/images/product/29dcf33e90688c4ccac590096b12cdf1.256p.jpg,500 GB,SATA 6.0 Gb/s,SSD,"2.5""",,,4.5
Seagate FireCuda 530,314.37,https://cdna.pcpartpicker.com/static/forever/images/product/a82a914921d63165f8a7b096089ff91f.256p.jpg,2 TB,M.2 PCIe 4.0 X4,SSD,M.2-2280,,£0.157,5
PNY CS3150 RGB,,https://cdna.pcpartpicker.com/static/forever/images/product/d79810724be9bca37576b0fe5c4da7bd.256p.jpg,1 TB,M.2 PCIe 5.0 X4,SSD,M.2-2280,,,0
TEAMGROUP T-Force Z44A7Q,323,https://cdna.pcpartpicker.com/static/forever/images/product/b7ba590f090b57bd9658a5cf93c02190.256p.jpg,2 TB,M.2 PCIe 4.0 X4,SSD,M.2-2280,,£0.161,5
Silicon Power A80,,https://cdna.pcpartpicker.com/static/forever/images/product/c7de1212bd34018b77cd9b402f4fd2e1.256p.jpg,2 TB,M.2 PCIe 3.0 X4,SSD,M.2-2280,,,5
GOODRAM PX700,393.79,https://cdna.pcpartpicker.com/static/forever/images/product/93f246c04ec4e228a24141001c593298.256p.jpg,1.024 TB,M.2 PCIe 4.0 X4,SSD,M.2-2280,,£0.385,0
Samsung 840 Evo,,,250 GB,SATA 6.0 Gb/s,SSD,"2.5""",,,4.5
Western Digital WD_BLACK SN850P for PS5,321.53,https://cdna.pcpartpicker.com/static/forever/images/product/40b92d454cb0328b42a7033a771def65.256p.jpg,2 TB,M.2 PCIe 4.0 X4,SSD,M.2-2280,,£0.161,5
Crucial T705 W/Heatsink Limited Edition,,https://cdna.pcpartpicker.com/static/forever/images/product/8215929150a483462d126de1dc690138.256p.jpg,2 TB,M.2 PCIe 5.0 X4,SSD,M.2-2280,,,5
Sabrent Rocket Q,,,1 TB,M.2 PCIe 3.0 X4,SSD,M.2-2280,,,4.5
TEAMGROUP CX2,139.4,https://cdna.pcpartpicker.com/static/forever/images/product/fb8d005cb6acb1f906102c2083a2f1cc.256p.jpg,1 TB,SATA 6.0 Gb/s,SSD,"2.5""",,£0.139,4.5
Addlink S91,,,1 TB,M.2 PCIe 4.0 X4,SSD,M.2-2230,,,0
Samsung MZVPV256HDGL-00000,,https://cdna.pcpartpicker.com/static/forever/images/product/7bad77200322df5d547058c9650491cd.256p.jpg,256 GB,M.2 PCIe 3.0 X4,SSD,M.2-2280,,,3
Silicon Power XS70,,https://cdna.pcpartpicker.com/static/forever/images/product/b5c093326e7f16f0d34445e39316f0ea.256p.jpg,2 TB,M.2 PCIe 4.0 X4,SSD,M.2-2280,,,5
Western Digital PC SN730,,https://cdna.pcpartpicker.com/static/forever/images/product/1824caea7b9aed1eb97c1f8dec46fc65.256p.jpg,256 GB,M.2 PCIe 3.0 X4,SSD,M.2-2280,,,5
ADATA LEGEND 900 PRO,185.98,https://cdna.pcpartpicker.com/static/forever/images/product/3900bcfaa7fae774aed915fea5e19252.256p.jpg,1 TB,M.2 PCIe 4.0 X4,SSD,M.2-2280,,£0.186,0
Gigabyte AORUS Gen4 7300 (w/Heatsink),292.99,https://cdna.pcpartpicker.com/static/forever/images/product/81bcf13c3f5982a962a522236572e6dc.256p.jpg,2 TB,M.2 PCIe 4.0 X4,SSD,M.2-2280,2048 MB,£0.146,5
Samsung MZVPV512HDGL-00000,,https://cdna.pcpartpicker.com/static/forever/images/product/561b699ac489087ba0d6f94faa8a0377.256p.jpg,512 GB,M.2 PCIe 3.0 X4,SSD,M.2-2280,,,4.5