name,price,image,amount,rating
ARCTIC MX-6,8.99,https://cdna.pcpartpicker.com/static/forever/images/product/3d165b90f17f4124d08ce51bde755da4.256p.jpg,4 g,4.5
Thermal Grizzly Kryonaut,6.95,https://cdna.pcpartpicker.com/static/forever/images/product/e6d57f462cf826fea2ece98cc59b334e.256p.jpg,1 g,4.5
Thermal Grizzly Kryonaut Extreme,14.99,https://cdna.pcpartpicker.com/static/forever/images/product/7531e7bdc184bb0d6ecc992b453419cc.256p.jpg,2 g,4.5
ARCTIC MX-7,5.99,https://cdna.pcpartpicker.com/static/forever/images/product/756d48e0ad964e9a35e19c07758d1b06.256p.jpg,8 g,5
ARCTIC MX-4 (2019),4.99,https://cdna.pcpartpicker.com/static/forever/images/product/4e73c6b1d3705d74d0e07371664984ce.256p.jpg,4 g,4.5
Arctic Silver 5 High-Density Polysynthetic Silver,12.95,https://cdna.pcpartpicker.com/static/forever/images/product/0717918950a454120e59f23fee37077b.256p.jpg,3.5 g,4.5
Noctua NT-H2,11.95,https://cdna.pcpartpicker.com/static/forever/images/product/a365e986bc44fb0d6da4c21f861d6656.256p.jpg,3.5 g,4.5
Corsair TM30,4.99,https://cdna.pcpartpicker.com/static/forever/images/product/14a3a5b1e8a59df6eea1e78e186c460b.256p.jpg,3 g,4.5
Thermal Grizzly Duronaut,8.99,https://cdna.pcpartpicker.com/static/forever/images/product/ed45f7cb870c9dd8de74f7c9398a68e6.256p.jpg,2 g,4.5
ARCTIC MX-7 with MX Cleaner,11.81,,4 g,5
Thermal Grizzly Polartherm X-8,1.99,2,2 g,0
Noctua NT-H1,13.43,https://cdna.pcpartpicker.com/static/forever/images/product/043742a8a65ba42c83b9a3ba5a3c2d47.256p.jpg,3.5 g,4.5
Thermal Grizzly Duronaut Pro,29.99,https://cdna.pcpartpicker.com/static/forever/images/product/d7fd96ded1782c1fb333b62ff5ec1699.256p.jpg,6 g,0
Noctua NT-H2 3.5g AM5 Edition,16.6,https://cdna.pcpartpicker.com/static/forever/images/product/153c306184e7f1c3c6d35cd8a6acfa0a.256p.jpg,3.5 g,0
Corsair XTM70,14.99,https://cdna.pcpartpicker.com/static/forever/images/product/a44b079d6e5b02f134f8e61dd10882f6.256p.jpg,3 g,4.5
Thermal Grizzly Conductonaut Extreme,12.95,https://cdna.pcpartpicker.com/static/forever/images/product/f14de6b7e7956b8ee95301511af4786f.256p.jpg,1 g,5
Arctic Silver Ceramique 2 Tri-Linear,3.85,https://cdna.pcpartpicker.com/static/forever/images/product/54e4a7ef9d18d958e4c00ab368e1c6b5.256p.jpg,2.7 g,4.5
ARCTIC MX-4,8.14,https://cdna.pcpartpicker.com/static/forever/images/product/2998c52bf44e08b31ce96124cf4ff0b3.256p.jpg,4 g,4.5
ARCTIC MX-4 w/ Spatula,5.95,https://cdna.pcpartpicker.com/static/forever/images/product/d756c1b1cae3360570e2a611485e51b2.256p.jpg,4 g,5
Thermal Hero ULTRA with paste gun,88.99,50,50 g,0
Corsair XTM50,24.99,https://cdna.pcpartpicker.com/static/forever/images/product/b9f4d59a1ef7680c36fa309dd509d23d.256p.jpg,5 g,4.5
Asus ROG RG-07 KIT,35.34,https://cdna.pcpartpicker.com/static/forever/images/product/70bd3cf9f5bd22965d9511f13aeedc38.256p.jpg,3 g,0
Thermal Grizzly Polartherm X-10,2.5,2,2 g,0
Thermal Hero QUANTUM,107.99,50,50 g,0
Prolimatech PK-3 Nano Aluminum High-Grade,3.49,https://cdna.pcpartpicker.com/static/forever/images/product/5c7f2d3299a63d51cbbbc39465c83f3d.256p.jpg,1.5 g,5
Asus ROG RG-07,26.25,3,3 g,5
Thermal Hero METALLIQ,46.31,1,5 g,0
Thermal Grizzly Aeronaut,9.95,https://cdna.pcpartpicker.com/static/forever/images/product/c2677dd5177f559b8be347f2ca37181b.256p.jpg,3.9 g,4.5
Thermal Grizzly Conductonaut,15.46,https://cdna.pcpartpicker.com/static/forever/images/product/cebb7f029dc60b7c888ae5a3ee5f87ac.256p.jpg,1 g,4.5
KINGPINcooling KPx,8.98,1,1 g,5
Prolimatech PK-Zero,135.24,https://cdna.pcpartpicker.com/static/forever/images/product/84779660db3a09225f66c3067b0e62e5.256p.jpg,600 g,0
Thermal Grizzly Hydronaut,7.99,https://cdna.pcpartpicker.com/static/forever/images/product/b2dd57132536560659b45258959fbbd9.256p.jpg,3.9 g,4.5
Thermalright TF9,4.88,1.5,1.5 g,0
Gelid Solutions GC-Extreme,21.49,3.5,10 g,4.5
Thermalright TF7,4.38,2,2 g,4
ID-COOLING Frost X45,,4,4 g,5
ARCTIC MX-5,,4,4 g,5
be quiet! DC2,10.96,https://cdna.pcpartpicker.com/static/forever/images/product/b95eacfc6fc1edbd0ba7426c57646a0d.256p.jpg,3 g,0
StarTech Metal Oxide,9.4,https://cdna.pcpartpicker.com/static/forever/images/product/7592fd947177a18d364a459a5c2460b1.256p.jpg,1.5 g,4
Thermal Hero ULTRA,75.98,50,10 g,0
Cooler Master CryoFuze,9.16,https://cdna.pcpartpicker.com/static/forever/images/product/a4137e68d3f55caa54903e170d4a2f96.256p.jpg,2 g,4
be quiet! C2 Pro,26.15,https://cdna.pcpartpicker.com/static/forever/images/product/2318df69d6c692db6543b34b8e73cb05.256p.jpg,1 g,0
Thermaltake CL-O004-GROSGM-A,23.48,https://cdna.pcpartpicker.com/static/forever/images/product/b752cc19070815ec9475e9ab9528ba94.256p.jpg,4 g,4.5
Thermalright TFX,18.98,https://cdna.pcpartpicker.com/static/forever/images/product/5e419f1f097a6a43988da13e65090eea.256p.jpg,2 g,5
Cooler Master HTK-002,10.35,https://cdna.pcpartpicker.com/static/forever/images/product/2d4478615e2ccdda0a2ee242f07f05b1.256p.jpg,0.01 g,4.5
Innovation Cooling Diamond 7 Carat,,1.5,1.5 g,4.5
Thermaltake CL-O002-GROSGM-A,12.99,40,40 g,5
Cooler Master CryoFuze Violet,9.55,https://cdna.pcpartpicker.com/static/forever/images/product/4277f1a99896549c19c7bbe5e4a0bbd4.256p.jpg,2 g,0
Scythe Thermal Elixer 2,9.99,5,5 g,0
Sunbeam Iceberg TS-IB,,https://cdna.pcpartpicker.com/static/forever/images/product/4e4794560c67fb4e92666870dc4fbc46.med.256p.jpg,1 g,0
Deepcool Z5,,https://cdna.pcpartpicker.com/static/forever/images/product/2133b32205dfc4120a39d6148096d9c3.256p.jpg,3 g,4.5
EVGA Frostbite 2,12.99,https://cdna.pcpartpicker.com/static/forever/images/product/19647f4715746c038ab56d86850e048c.256p.jpg,2.5 g,0
Thermalright TF4,10.99,https://cdna.pcpartpicker.com/static/forever/images/product/5733a2c34af6320e743e514909be14aa.256p.jpg,1.5 g,5
Thermal Hero NEO with paste gun,43.13,50,50 g,0
Coollaboratory Liquid Ultra,,https://cdna.pcpartpicker.com/static/forever/images/product/ce5648e4dffc71e41a854739feccd344.med.256p.jpg,0.15 g,5
Xilence ZUB-XPTP.X5,12.83,3,3 g,0
Xilence ZUB-XPTP,12.72,1.5,1.5 g,0
ARCTIC MX-2,4.42,https://cdna.pcpartpicker.com/static/forever/images/product/858696f603cfebaa192c79fcf4ef6230.256p.jpg,4 g,4.5
be quiet! DC1,42,https://cdna.pcpartpicker.com/static/forever/images/product/3858d0f1d598116cf07f4023c63e6c40.256p.jpg,3 g,0
Thermaltake TG-30,8.99,https://cdna.pcpartpicker.com/static/forever/images/product/c73b85b8c7f56a57536b2f28c8cf2b27.256p.jpg,4 g,0
Thermal Hero NEO,62.81,50,10 g,0
StarTech HeatGrease,10.62,https://cdna.pcpartpicker.com/static/forever/images/product/1ab0be4f48df9c064983f55399c15062.256p.jpg,20 g,0
Masscool Stars-700,55.57,https://cdna.pcpartpicker.com/static/forever/images/product/6e52d30ccac413ae4410535933c51184.256p.jpg,0.5 g,0
Thermalright Chill Factor 3,8.75,4,4 g,5
Cooler Master MasterGel Maker,24.23,https://cdna.pcpartpicker.com/static/forever/images/product/cacd9ab9d6cf02358bc0e3349a67cfcb.256p.jpg,1.5 g,5
Thermalright TF8,,2,2 g,4
Prolimatech PK-2 Nano Aluminum High-Grade,24.98,https://cdna.pcpartpicker.com/static/forever/images/product/cc0f8e7471d364437696eb9623b756b5.256p.jpg,30 g,0
Prolimatech PK-1,8.99,https://cdna.pcpartpicker.com/static/forever/images/product/0dc6c8b0c1aa93747c81e97cf71cc95e.256p.jpg,5 g,5
Arctic Silver Arctic Alumina Premium Ceramic Polysynthetic,,14,1.75 g,4.5
TUNIQ TX-4 Extreme Performance,12.99,1,1 g,5
Cooler Master IceFusion,,40,40 g,5
ARCTIC MX-2 2019 Edition,,https://cdna.pcpartpicker.com/static/forever/images/product/d8c79ef845bae9dd44a40cdfc56a33a9.256p.jpg,4 g,5
ARCTIC MX-5 Incl. Spatula,,2,20 g,0
NZXT High-performance,,https://cdna.pcpartpicker.com/static/forever/images/product/64fec5cede25a54a4c221f1d0a19c91e.256p.jpg,3 g,0
Gelid Solutions GC-4,15.25,https://cdna.pcpartpicker.com/static/forever/images/product/f192e377685c2e8602e79f0c8166b3cb.256p.jpg,10 g,0
Zalman STC8,2.95,1.5,1.5 g,0
Zalman STC9,4.95,https://cdna.pcpartpicker.com/static/forever/images/product/827c5c5fbf91513d50c4f79fd3c10cf2.256p.jpg,4 g,0
Thermaltake CL-O001-GROSGM-A,11.98,https://cdna.pcpartpicker.com/static/forever/images/product/aaa542ea55dc69bfa9268e055acbb429.256p.jpg,1.5 g,0
Antec Formula 7 Nano Diamond,,4,4 g,4.5
Xigmatek PTI-G3606,,3,3 g,0
Biostar TC-DIAMOND,,1.5,1.5 g,0
Coollaboratory Liquid Pro,,https://cdna.pcpartpicker.com/static/forever/images/product/efc8db79bdcca1827c0baa21ac7b611f.256p.jpg,0.15 g,4
Thermene Graphene,,9,9 g,0
Antec 77064,,https://cdna.pcpartpicker.com/static/forever/images/product/4a3579cd620ce2a9ec8f44abb78fac2e.256p.jpg,1 g,1.5
Deepcool Z3,,https://cdna.pcpartpicker.com/static/forever/images/product/0080a512b9ffea2b9e69482283632ff3.256p.jpg,1.5 g,4
Cooler Master MasterGel Pro,17.08,https://cdna.pcpartpicker.com/static/forever/images/product/bec334e8556c8bc85ea12892f75fbddd.256p.jpg,1.5 g,5
Akasa AK-TCW-03,11.25,https://cdna.pcpartpicker.com/static/forever/images/product/c65961376ec167a05f96056bbe7aa05a.256p.jpg,5 g,0
Iceberg Thermal FUZEIce Plus,,https://cdna.pcpartpicker.com/static/forever/images/product/32fec3dd2662c57bdf49ecaa6e542b68.256p.jpg,7 g,0
Deepcool DP-TIM-Z10-1,14.99,https://cdna.pcpartpicker.com/static/forever/images/product/23100ae556c87430928f532d4f90542d.256p.jpg,5 g,5
Thermaltake TG-50,,https://cdna.pcpartpicker.com/static/forever/images/product/f3fbaa3f9ab0021a3c58844e59759691.256p.jpg,4 g,0
Deepcool DM9,,https://cdna.pcpartpicker.com/static/forever/images/product/f606599cef4396904bcad18a6a80a7e2.256p.jpg,1.5 g,0
Antec Formula 6 Nano Diamond,,4,4 g,0
Zalman ZM - STG1,,3.5,3.5 g,0
Evercool TC-25,,25,25 g,0
Cooler Master ThermalFusion 400,,https://cdna.pcpartpicker.com/static/forever/images/product/8b51b477f12ee77699a86c9f02917b17.256p.jpg,4 g,4
Gelid Solutions GC-Supreme,,7,7 g,3.5
TUNIQ TX-2,,3.5,3.5 g,4
Zalman ZM-STG2,,3.5,3.5 g,5
Xigmatek PTI-G4512,,4,4 g,5
TUNIQ TX-2 Extreme,,1,1 g,0
Rosewill RCX-TC001,8,5,5 g,0
Masscool G751 Shin-Etsu,,0.5,0.5 g,4.5
Masscool Fanner-420,,2,2 g,4
Arctic Silver Arctic Alumina,,5,5 g,4
Rosewill RCX-TC090PRO,,20,20 g,0
Thermaltake CL-O0028,,4,4 g,4.5
Xigmatek Freezing Point G4718,,4,4 g,0
Evercool STC-01,,4,4 g,0
Syba CL-PTSL-COOL,9.32,1.5,1.5 g,0
Sunbeam GI-1,,https://cdna.pcpartpicker.com/static/forever/images/product/5954d7373112ad281f358a69f1e61ee6.med.256p.jpg,3.5 g,0
Deepcool Z9,,3,3 g,4
Evercool STC-02,,https://cdna.pcpartpicker.com/static/forever/images/product/4cbf0fbff510b64e0aae658ecd037b0f.256p.jpg,3 g,0
Logisys Z5,,3,3 g,0
Thermaltake CLZ0022,,4,4 g,4.5
Cooler Master Extreme Fusion X1,,1.5,1.5 g,3
CRYORIG CP15,,https://cdna.pcpartpicker.com/static/forever/images/product/140e86e015b617fa1e1ffd056e44e73c.256p.jpg,4 g,3
CRYORIG CP5,,https://cdna.pcpartpicker.com/static/forever/images/product/82cd59b3ac575eddddbb87dc733cf01f.256p.jpg,4 g,0
CRYORIG CP7,,https://cdna.pcpartpicker.com/static/forever/images/product/6b13f87d70e438ee164f88373ed6337f.256p.jpg,4 g,4.5
Innovation Cooling ICD24,,https://cdna.pcpartpicker.com/static/forever/images/product/49403892750e2bf18d948a7a56f77382.256p.jpg,4.8 g,5
Phanteks PH-NDC_02,,2,2 g,0
Graphitene GTP-5,,3.5,3.5 g,0
Gelid Solutions GC-2,,https://cdna.pcpartpicker.com/static/forever/images/product/d6f4893c871e8b276bccdad0180c4523.256p.jpg,7 g,0
Cooler Master MasterGel Regular,,https://cdna.pcpartpicker.com/static/forever/images/product/b0aa0617a02d8118969202ea3574b52d.256p.jpg,1.5 g,0
Thermalright Silver King,,1,1 g,0
Cooler Master IC ESSENTIAL E1,11.86,https://cdna.pcpartpicker.com/static/forever/images/product/ca4cb3293f20ff6ff30636dbfa4993ed.256p.jpg,3.75 g,0
NOX Thermal 880,26.54,https://cdna.pcpartpicker.com/static/forever/images/product/edee95fd99799de6127756e21e75642c.256p.jpg,23 g,0
EK EK-TIM Ectotherm,,https://cdna.pcpartpicker.com/static/forever/images/product/f138c6b56d0a76d76d2ae379ea9864aa.256p.jpg,5 g,5
Cooler Master IC ESSENTIAL E2,,https://cdna.pcpartpicker.com/static/forever/images/product/d8852b3c7f0294acbd4a1d19c6d04233.256p.jpg,3.5 g,0
Iceberg Thermal FUZEIce,,https://cdna.pcpartpicker.com/static/forever/images/product/e0a1637aa7d094eb6ed4e68dabe66d78.256p.jpg,3.5 g,0
Deepcool EX750,,5,3 g,0
Enermax ETC521,,https://cdna.pcpartpicker.com/static/forever/images/product/37ceedb39269289bc5fd1983b081ad35.256p.jpg,3 g,0
YEYIAN YCT-PHTC-01,,2,2 g,0
Thermalright TF8 EX,,1.5,1.5 g,0
Scythe Thermal Elixer G,27.01,3.5,3.5 g,0
Zalman STC7,,4,4 g,0
Thermal Hero QUANTUM with paste gun,,50,50 g,0