name,price,image,capacity_(w),capacity_(va),rating
CyberPower CP1500PFCLCD,,https://cdna.pcpartpicker.com/static/forever/images/product/078953894c00f76b8090ff4ca3179bab.256p.jpg,1000 W,1500 VA,4.5
APC SURT20KRMXLT,,https://cdna.pcpartpicker.com/static/forever/images/product/6bea31cad2001dc918713df512e8a9cb.256p.jpg,16000 W,20000 VA,0
APC Back-UPS 1500,438.59,https://cdna.pcpartpicker.com/static/forever/images/product/33a78d53b1611aabb73b3048fb3dc5c4.256p.jpg,900 W,1500 VA,4
APC SRT10KRMXLI,8374.92,https://cdna.pcpartpicker.com/static/forever/images/product/3e1c60eaeecf8d9b333f2b5dfb7b952e.256p.jpg,10000 W,10000 VA,0
CyberPower CP1500AVRLCD,,,900 W,1500 VA,5
APC Back-UPS Pro 1500S,,https://cdna.pcpartpicker.com/static/forever/images/product/12bac3884cccb9f302b43d72d5f571b4.256p.jpg,900 W,1500 VA,5
APC Back-UPS Pro Gaming,406.29,https://cdna.pcpartpicker.com/static/forever/images/product/b18673826399471d67b458fa29e33db6.256p.jpg,1320 W,2200 VA,0
CyberPower PR3000LCDSL,,https://cdna.pcpartpicker.com/static/forever/images/product/7142d0bd28c42ee4839e594ebc6cd937.256p.jpg,2700 W,3000 VA,0
APC SRT10KXLT,,https://cdna.pcpartpicker.com/static/forever/images/product/c3b215c34cb999dcc7d7323e8152258a.256p.jpg,10000 W,10000 VA,0
CyberPower CP1000PFCLCD,,https://cdna.pcpartpicker.com/static/forever/images/product/e43140a56296f6d89ee1e522f941baef.256p.jpg,600 W,1000 VA,4.5
CyberPower PR2200LCDSL,,https://cdna.pcpartpicker.com/static/forever/images/product/eb7df207e834f46f0e0d25387617fb72.256p.jpg,1980 W,2070 VA,0
APC Back-UPS Pro 1500VA,,https://cdna.pcpartpicker.com/static/forever/images/product/4249ecd58d1bee96be1c7c2f46ad1120.256p.jpg,900 W,1500 VA,0
CyberPower PR1500LCD,,https://cdna.pcpartpicker.com/static/forever/images/product/69f9dec685bf760d08714f52d876c98b.256p.jpg,1500 W,1500 VA,4
CyberPower ST425,,https://cdna.pcpartpicker.com/static/forever/images/product/aeae11bde355b776ae9b00e1abc0098e.256p.jpg,260 W,425 VA,0
CyberPower EC850LCD,,https://cdna.pcpartpicker.com/static/forever/images/product/8923665312e7dee0382745985741d46b.256p.jpg,510 W,850 VA,3.5
CyberPower CP1500AVRLCD3,,https://cdna.pcpartpicker.com/static/forever/images/product/1880ffc797c61028860953ad0d409a65.256p.jpg,900 W,1500 VA,0
CyberPower GX150C2,,,1000 W,1500 VA,0
APC SRT10KXLI,7902.92,https://cdna.pcpartpicker.com/static/forever/images/product/33b950d5017e8445ba83c0cbb496cf60.256p.jpg,10000 W,10000 VA,0
CyberPower CP1600EPFCLCD,498.57,https://cdna.pcpartpicker.com/static/forever/images/product/e644925ca65e0490e7a3d20103bc3444.256p.jpg,1000 W,1600 VA,0
CyberPower PFC Sinewave CP1500PFCRM2U,,https://cdna.pcpartpicker.com/static/forever/images/product/053840798fac976018a8d7e8605cbf6e.256p.jpg,1000 W,1500 VA,0
CyberPower CP550SLG,,https://cdna.pcpartpicker.com/static/forever/images/product/ed29aa3b751380a0fdee7491fcaa4569.256p.jpg,330 W,550 VA,4
CyberPower OR2200LCDRTXL2U,,https://cdna.pcpartpicker.com/static/forever/images/product/3fe10ba0b5fa551995b4cca4b2f70acf.256p.jpg,1650 W,2190 VA,0
CyberPower UT850EG,99.93,,425 W,850 VA,0
APC Back-UPS Pro 1500VA for Gaming,,https://cdna.pcpartpicker.com/static/forever/images/product/774bcb534b6c72c2ed4780de5580a46f.256p.jpg,900 W,1500 VA,5
APC Back-UPS Pro 1000S,,https://cdna.pcpartpicker.com/static/forever/images/product/eaa382977827e97a858670df81386016.256p.jpg,600 W,1000 VA,5
CyberPower CP1200AVR,,https://cdna.pcpartpicker.com/static/forever/images/product/67f6b611934020f55ee182c2d6601c11.256p.jpg,720 W,1200 VA,5
APC SRT8KXLI,6611.99,https://cdna.pcpartpicker.com/static/forever/images/product/03bfe86f8f61cdbc0371b9da3f3fa52c.256p.jpg,8000 W,8000 VA,0
APC BE600M1,,https://cdna.pcpartpicker.com/static/forever/images/product/382cab7e6ab007688435b6841ea2a9c7.256p.jpg,330 W,600 VA,0
CyberPower AVRG750U,,https://cdna.pcpartpicker.com/static/forever/images/product/4a86b31e4035444b746ccdd968195bc0.256p.jpg,450 W,750 VA,4.5
PowerWalker Basic VI 2200 STL UK,143.94,,1320 W,2200 VA,0
CyberPower CP1350PFCLCD,,https://cdna.pcpartpicker.com/static/forever/images/product/3113c0dbdcb2e2397383f1ad59845b6e.256p.jpg,810 W,1350 VA,4.5
APC Back-UPS Pro 700VA,184.99,https://cdna.pcpartpicker.com/static/forever/images/product/133882572a2ee61257384a359f502fb0.256p.jpg,420 W,700 VA,5
CyberPower PR3000LCD,,https://cdna.pcpartpicker.com/static/forever/images/product/3a33c960debb6b22918fb5c6eef8d3b3.256p.jpg,2700 W,3000 VA,0
CyberPower OR2200LCDRT2U,,https://cdna.pcpartpicker.com/static/forever/images/product/09ce8edf8c43529b15e612557cf994ca.256p.jpg,1320 W,2000 VA,0
Tripp Lite SMART1500PSGLCD,,https://cdna.pcpartpicker.com/static/forever/images/product/eb2c26503a472d4120ff8ef29dcadd8a.256p.jpg,900 W,1500 VA,5
APC Back-UPS Pro 1500,,https://cdna.pcpartpicker.com/static/forever/images/product/b5ce970ee23c5b6a3b0de4cf7bbf756c.256p.jpg,865 W,1500 VA,5
CyberPower UT1500EG,229.99,,900 W,1500 VA,0
Tripp Lite SU12000RT4U,,,8400 W,12000 VA,0
APC SRT5KXLI,4301.99,https://cdna.pcpartpicker.com/static/forever/images/product/4adb78b26460c0c08843d048fa112cd4.256p.jpg,4500 W,5000 VA,0
APC Back-UPS 1000,,https://cdna.pcpartpicker.com/static/forever/images/product/be6a5d64657fe8d918658059884e1b02.256p.jpg,600 W,1000 VA,0
APC SRT10KRMXLT,,https://cdna.pcpartpicker.com/static/forever/images/product/a79d728ddac8eef11e9fe4449813f407.256p.jpg,10000 W,10000 VA,0
VERTIV Liebert PSl5,,https://cdna.pcpartpicker.com/static/forever/images/product/72ee010d09f29d273f35e8043681816a.256p.jpg,1350 W,1440 VA,0
CyberPower OR2200PFCRT2U,,https://cdna.pcpartpicker.com/static/forever/images/product/3117e2fc4d2e0fab0a32d214f3af2a2e.256p.jpg,1320 W,2000 VA,0
CyberPower CP1500EPFCLCD,,https://cdna.pcpartpicker.com/static/forever/images/product/780091bdc42990e1d158f7bf59b75400.256p.jpg,900 W,1500 VA,0
APC SMT2200,,,1980 W,2200 VA,0
APC SMX3000RMHV2UNC,2942.97,https://cdna.pcpartpicker.com/static/forever/images/product/6c4c2535d87eda2f6be91e075152901b.256p.jpg,2700 W,3000 VA,0
APC Easy UPS BV1000I-MS 230V,,,600 W,1000 VA,0
APC SUM3000RMXL2U,,https://cdna.pcpartpicker.com/static/forever/images/product/90f8020722f425704be7e141a213910b.256p.jpg,2850 W,3000 VA,0
APC Back-UPS 850,,https://cdna.pcpartpicker.com/static/forever/images/product/bea42fea8b08095c11129848988cc12d.256p.jpg,510 W,850 VA,0
APC SRT8KRMXLI,6886.92,https://cdna.pcpartpicker.com/static/forever/images/product/514f8d21ba44066ca898643b6699b1fc.256p.jpg,8000 W,8000 VA,0
CyberPower CP1000AVRLCD,,,600 W,1000 VA,3
APC SRT6KXLT,,https://cdna.pcpartpicker.com/static/forever/images/product/56c12fd18390ef8086f7135ca775b117.256p.jpg,6000 W,6000 VA,0
CyberPower PR2200LCDRT2U,,https://cdna.pcpartpicker.com/static/forever/images/product/76f10ce70d8afdf367112e270c78ca73.256p.jpg,1600 W,2170 VA,0
APC BE550G,,https://cdna.pcpartpicker.com/static/forever/images/product/c97ef91a701687c436d41adb128fe47f.256p.jpg,330 W,550 VA,4
APC BR1500GI,419.53,https://cdna.pcpartpicker.com/static/forever/images/product/acc4926cb18aba188ee11f4f2be62c86.256p.jpg,865 W,1500 VA,0
CyberPower EC650LCD,,https://cdna.pcpartpicker.com/static/forever/images/product/bdf5a3fa74e49f6324ca3b9273b42944.256p.jpg,390 W,650 VA,0
CyberPower OL1500RTXL2U,,https://cdna.pcpartpicker.com/static/forever/images/product/2b733f6a87bfbea2531b3e726582c017.256p.jpg,1350 W,1500 VA,0
CyberPower OL2200RTXL2U,,https://cdna.pcpartpicker.com/static/forever/images/product/a348182081dfd18467b59321bb9a8554.256p.jpg,1800 W,2200 VA,0
APC SMT2200I,1300,https://cdna.pcpartpicker.com/static/forever/images/product/08cff09ed427352820dae9a077476253.256p.jpg,1980 W,2200 VA,0
CyberPower PR5000LCDRTXL5U,,https://cdna.pcpartpicker.com/static/forever/images/product/00091337c8c0e559c20707bf535993bb.256p.jpg,4000 W,5000 VA,0
CyberPower CST135XLU,,https://cdna.pcpartpicker.com/static/forever/images/product/746ede7773383ef5596f35ab84d5daeb.256p.jpg,810 W,1350 VA,0
Tripp Lite BC350,,,180 W,350 VA,0
Tripp Lite SMART1500LCDT,,https://cdna.pcpartpicker.com/static/forever/images/product/2fac3f384d912d1ec25571531550562c.256p.jpg,900 W,1500 VA,5
CyberPower CP850PFCLCD,,https://cdna.pcpartpicker.com/static/forever/images/product/241ad7a47bf9462223e3c59eae05b5ac.256p.jpg,510 W,850 VA,5
APC SMT3000,2000,https://cdna.pcpartpicker.com/static/forever/images/product/1e53d2688d416cc17cf25efab22966d5.256p.jpg,2700 W,3000 VA,0
APC SUA5000RMI5U,4224.92,https://cdna.pcpartpicker.com/static/forever/images/product/8d0130abb602be90287b83f7b281f3de.256p.jpg,4000 W,5000 VA,0
Trust Paxxon,,,900 W,1500 VA,0
CyberPower PR2200LCD,,https://cdna.pcpartpicker.com/static/forever/images/product/ac08f8f11ce2ad99a55926499474760d.256p.jpg,1980 W,2200 VA,0
APC BE850G2,287.92,https://cdna.pcpartpicker.com/static/forever/images/product/bc2e682e43cc8438de2853653977fd18.256p.jpg,450 W,850 VA,0
CyberPower LE1000DG,,https://cdna.pcpartpicker.com/static/forever/images/product/70ce561475a7e97c0ff48fd192fde8d2.256p.jpg,530 W,1000 VA,4
APC SMT3000C,,https://cdna.pcpartpicker.com/static/forever/images/product/83a45e428a7db41fa474fee07ae1b2e2.256p.jpg,2700 W,3000 VA,0
Tripp Lite SMART3000RMXL2U,,https://cdna.pcpartpicker.com/static/forever/images/product/83090d649a8a67d12c64b8a01518d55f.256p.jpg,2880 W,3000 VA,0
CyberPower GX1500U,,,900 W,1500 VA,0
APC SMX2200RMLV2U,,https://cdna.pcpartpicker.com/static/forever/images/product/c53361f229637601b0d19c64b4321a75.256p.jpg,1980 W,2200 VA,0
APC BK325I,97.9,https://cdna.pcpartpicker.com/static/forever/images/product/0e5bab43b88651862aa52fcf964c3528.256p.jpg,210 W,325 VA,0
APC SRT5KXLT,,https://cdna.pcpartpicker.com/static/forever/images/product/5be41b2c39e45ead82c729a27417626a.256p.jpg,4250 W,5000 VA,0
APC SUA5000RMT5U,5861.25,,4000 W,5000 VA,0
APC SMT3000I,,https://cdna.pcpartpicker.com/static/forever/images/product/1873016520e56e655fb4952e6e9fb262.256p.jpg,2700 W,3000 VA,0
Tripp Lite SMART5000XFMRXL,,https://cdna.pcpartpicker.com/static/forever/images/product/3fbe4194bb5469a4f03383c9cc910685.256p.jpg,3750 W,5000 VA,0
CyberPower CP1500PFCLCDTAA,,,900 W,1500 VA,0
CyberPower PR1500LCDRT2U,,,1350 W,1500 VA,0
APC Back-UPS Pro 1350S,,https://cdna.pcpartpicker.com/static/forever/images/product/c13bfd373ec9390f0a9bb103ac89be9e.256p.jpg,810 W,1350 VA,0
APC SMX1000I,859.92,https://cdna.pcpartpicker.com/static/forever/images/product/079e0e3cabbd73b0ea205e4ed74f488a.256p.jpg,800 W,1000 VA,0
APC Back-UPS Pro 1350VA,,https://cdna.pcpartpicker.com/static/forever/images/product/c90166533273eddda99e3fabdcae9e85.256p.jpg,810 W,1350 VA,0
APC SRT6KRMXLI,5326.92,https://cdna.pcpartpicker.com/static/forever/images/product/71bb6793353bc21414b1a1f8595b5552.256p.jpg,6000 W,6000 VA,0
Tripp Lite SMART1500LCD,,https://cdna.pcpartpicker.com/static/forever/images/product/7173169d17376d3743b1bcfd40d121c0.256p.jpg,900 W,1500 VA,4
CyberPower CP900AVR,,https://cdna.pcpartpicker.com/static/forever/images/product/2893a62b843e42be4f2817f0a357a84e.256p.jpg,560 W,900 VA,0
APC SMT1500RMI1U,1191.59,https://cdna.pcpartpicker.com/static/forever/images/product/6e9768dc7d60c75c52b67cc6e0c1dd44.256p.jpg,1000 W,1500 VA,0
APC SMX3000HVNC,2821.92,https://cdna.pcpartpicker.com/static/forever/images/product/839c99d9da7467947b4eee961e549713.256p.jpg,2700 W,3000 VA,0
APC SMX3000RMHV2U,2609.99,https://cdna.pcpartpicker.com/static/forever/images/product/6547d1fe97b66611eba794e22edacfcd.256p.jpg,2700 W,3000 VA,0
APC SRT5KRMXLT,,https://cdna.pcpartpicker.com/static/forever/images/product/d169e749414e409d6e5dc0b0ee79eb17.256p.jpg,4250 W,5000 VA,0
APC SRT8KRMXLT,,https://cdna.pcpartpicker.com/static/forever/images/product/83b42f625ea9a718a56f508fed96ddd1.256p.jpg,8000 W,8000 VA,0
Tripp Lite SU6000RT4UHV,,,5400 W,6000 VA,0
CyberPower PR2200SWRM2U,,,1500 W,2200 VA,0
APC SMX3000RMLV2UNC,,https://cdna.pcpartpicker.com/static/forever/images/product/1147ba37f39206a3a0fb99f9efc93e3c.256p.jpg,2700 W,3000 VA,0
CyberPower OR500LCDRM1U,,https://cdna.pcpartpicker.com/static/forever/images/product/68a1c2399eec523255039c7b5351efd1.256p.jpg,300 W,500 VA,0
APC SMT2200US,,https://cdna.pcpartpicker.com/static/forever/images/product/d127de9609c216648869b739a06aa9f0.256p.jpg,1980 W,2200 VA,0
APC SMX1500RMI2UNC,1801.92,https://cdna.pcpartpicker.com/static/forever/images/product/f2756b3b39e45b83c36910341b5f62ea.256p.jpg,1200 W,1500 VA,0
APC BK650EI,162.99,https://cdna.pcpartpicker.com/static/forever/images/product/5c584426f6daee1c1ae88d12d4ab0c9a.256p.jpg,400 W,650 VA,0
APC SMT1500I,790,,980 W,1500 VA,0
APC SMX3000HV,2152.79,https://cdna.pcpartpicker.com/static/forever/images/product/2325b4e01261896c7195d3d73f3a3907.256p.jpg,2700 W,3000 VA,0
Tripp Lite SM2200RMXL2UTAA,,https://cdna.pcpartpicker.com/static/forever/images/product/254a2c7954663660b82df614b944564d.256p.jpg,1600 W,2200 VA,0
Tripp Lite SU2200XLCD,,https://cdna.pcpartpicker.com/static/forever/images/product/1bba119eb2511cf3a7159ef571acda01.256p.jpg,1800 W,2200 VA,0
APC SMX2000LV,,https://cdna.pcpartpicker.com/static/forever/images/product/ddd16a2a83ff0a62db1ff8cb719a0d79.256p.jpg,1800 W,1920 VA,0
Tripp Lite INTERNET550U,,https://cdna.pcpartpicker.com/static/forever/images/product/4443c9b1cd86a517bf8a738736dc678f.256p.jpg,300 W,550 VA,0
CyberPower EC750G,,https://cdna.pcpartpicker.com/static/forever/images/product/8274d17a3d00d6d0a4c548e7db0ee251.256p.jpg,450 W,750 VA,0
APC SMX1500RMI2U,1365.92,https://cdna.pcpartpicker.com/static/forever/images/product/ce7ffa49ba349731bccc85b99251583c.256p.jpg,1200 W,1500 VA,0
APC SMX2000LVNC,,https://cdna.pcpartpicker.com/static/forever/images/product/0df717a9fe7586bc7e546ccc4d934c81.256p.jpg,1800 W,1920 VA,0
APC SMX3000LVNC,,https://cdna.pcpartpicker.com/static/forever/images/product/d405764f358b6db3516f7505d8a2ad7b.256p.jpg,2700 W,3000 VA,0
APC SURTD5000RMXLT3U,,,3500 W,5000 VA,0
Tripp Lite SM3000RMXL2UTAA,,https://cdna.pcpartpicker.com/static/forever/images/product/b07e4dd449c3a03f1243cdff1eb9b7d4.256p.jpg,2880 W,3000 VA,0
Tripp Lite SU10KRT3UHV,,https://cdna.pcpartpicker.com/static/forever/images/product/4629c26592223a00c84fa6fcc5ae9fac.256p.jpg,7000 W,10000 VA,0
CyberPower LX1500GU-FC,,https://cdna.pcpartpicker.com/static/forever/images/product/bdacef35d41a3434294ce408444195c2.256p.jpg,900 W,1500 VA,5
Tripp Lite SMART2200VS,,https://cdna.pcpartpicker.com/static/forever/images/product/16fe48aee93c1da5f4199b245e454e39.256p.jpg,1600 W,2200 VA,0
CyberPower OL3000RTXL2U,,https://cdna.pcpartpicker.com/static/forever/images/product/e12d1e7dea1f0b67e4983607dbc25cfa.256p.jpg,2700 W,3000 VA,0
APC SMX2000RMLV2UNC,,https://cdna.pcpartpicker.com/static/forever/images/product/2e2efdfa074dd34f3ec542cbff625cca.256p.jpg,1800 W,1920 VA,0
Tripp Lite INTERNET350U,,,180 W,350 VA,0
CyberPower OR1500LCDRTXL2U,,https://cdna.pcpartpicker.com/static/forever/images/product/77c1b7e893cb174135c18526e4871fd1.256p.jpg,1125 W,1500 VA,0
APC SMX2200HV,1572.51,https://cdna.pcpartpicker.com/static/forever/images/product/1403176109f456975d53dd291ddd888c.256p.jpg,1980 W,2200 VA,0
APC SUM3000RMXLI2U,,https://cdna.pcpartpicker.com/static/forever/images/product/edab0615cb5bb88ad1ef0825b8f87a02.256p.jpg,2850 W,3000 VA,0
APC SURTD2200XLIM,2478.35,,1540 W,2200 VA,0
Tripp Lite SMART3000NET,,https://cdna.pcpartpicker.com/static/forever/images/product/fbd51c29a0bcbed917ee103b812ad4cd.256p.jpg,2400 W,3000 VA,0
Tripp Lite SMX1500LCDT,,https://cdna.pcpartpicker.com/static/forever/images/product/7dc7bf95831e473b6674ba92d1311d40.256p.jpg,900 W,1500 VA,0
CyberPower BRG1000AVRLCD,,https://cdna.pcpartpicker.com/static/forever/images/product/04e6a3011fe6c46dd1eb668df18ac883.256p.jpg,600 W,1000 VA,0
CyberPower CPS1500AVR,,https://cdna.pcpartpicker.com/static/forever/images/product/674a0fee7a52ab8cb1cbe27b87ba70f5.256p.jpg,950 W,1500 VA,0
CyberPower EC550G,,https://cdna.pcpartpicker.com/static/forever/images/product/3e6de06593768da89b4b26864c96d280.256p.jpg,330 W,550 VA,0
APC BR550GI,,https://cdna.pcpartpicker.com/static/forever/images/product/4cd99029b46a0200c17377c828033b07.256p.jpg,330 W,550 VA,0
APC SMT1500,,,980 W,1500 VA,0
APC SMT1500US,,,1000 W,1440 VA,5
APC SMT3000RM2U,,https://cdna.pcpartpicker.com/static/forever/images/product/3ed373ccd7c13d3695d0a5f71d899405.256p.jpg,2700 W,3000 VA,0
APC SMX750,,https://cdna.pcpartpicker.com/static/forever/images/product/ea953871e4e32f8ab22c5a6a5bec9a7e.256p.jpg,600 W,750 VA,0
APC SRT5KRMXLI,4419.92,https://cdna.pcpartpicker.com/static/forever/images/product/76c0fb7a57953113c83c9684d4e777fc.256p.jpg,4500 W,5000 VA,0
APC SURT2000RMXLI,,,1400 W,2000 VA,0
APC SURTA3000XL,,https://cdna.pcpartpicker.com/static/forever/images/product/07697b7f6a30b1a833461446bd44ebbe.256p.jpg,2100 W,3000 VA,0
APC SURTD6000RMXLP3U,,https://cdna.pcpartpicker.com/static/forever/images/product/8ad602d1eee258e12ad26c2691d1537a.256p.jpg,4200 W,6000 VA,0
APC SY12KEXBX120,,https://cdna.pcpartpicker.com/static/forever/images/product/a9bd066787c5e7a0ff0b6d34a1d00332.256p.jpg,8400 W,12000 VA,0
Tripp Lite SMART1200LCD,,https://cdna.pcpartpicker.com/static/forever/images/product/35dc6237b6bce98194e1d6060dfad412.256p.jpg,700 W,1200 VA,0
Tripp Lite SMART2200RMXL2U,,https://cdna.pcpartpicker.com/static/forever/images/product/83090d649a8a67d12c64b8a01518d55f.256p.jpg,1920 W,2200 VA,0
Tripp Lite SMART3000RM2UN,,https://cdna.pcpartpicker.com/static/forever/images/product/0a7d849ef3fd1526c395ba18691e2176.256p.jpg,2250 W,3000 VA,0
Tripp Lite SMX3000XLRT2UA,,,2700 W,3000 VA,0
Tripp Lite SU1000XLA,,,800 W,1000 VA,4
CyberPower CP1350AVRLCD,,https://cdna.pcpartpicker.com/static/forever/images/product/64f13ac3f1acc7a13d5401b04f20dcb3.256p.jpg,810 W,1350 VA,5
CyberPower CP850AVRLCD,,https://cdna.pcpartpicker.com/static/forever/images/product/285eea5530e898bab19c1a6b74918cf0.256p.jpg,510 W,850 VA,0
CyberPower OL10000RT3U,,,9000 W,10000 VA,0
CyberPower PR3000LCDRTXL2U,,,3000 W,3000 VA,0
CyberPower PR750LCD,,https://cdna.pcpartpicker.com/static/forever/images/product/b122c3092fe0527d99ff97996c1b20f1.256p.jpg,525 W,750 VA,0
APC BR1500MS,,https://cdna.pcpartpicker.com/static/forever/images/product/e362d60291f0e35bdd77d92fa87e7fab.256p.jpg,900 W,1500 VA,5
CyberPower CST150UC-FC,,,900 W,1500 VA,0
APC SMX3000RMLV2U,,https://cdna.pcpartpicker.com/static/forever/images/product/8154eec6d00e46853a8ed983946a59dd.256p.jpg,2700 W,3000 VA,0
APC SMX3000LV,,https://cdna.pcpartpicker.com/static/forever/images/product/76ed6aef9044fe855c188d7b1d1c7383.256p.jpg,2700 W,3000 VA,0
CyberPower CP900EPFCLCD,304.99,https://cdna.pcpartpicker.com/static/forever/images/product/65657f2cd7795b7eab73766047de91f6.256p.jpg,540 W,900 VA,0
APC BK500EI,134.97,https://cdna.pcpartpicker.com/static/forever/images/product/7857a4480b9b2fbd6a5332485b18a17b.256p.jpg,300 W,500 VA,0
Tripp Lite INTERNET750U,,https://cdna.pcpartpicker.com/static/forever/images/product/4a84c09921dc128eb1b97778c0ab090a.256p.jpg,450 W,750 VA,0
Tripp Lite SMART3000RMXLN,,https://cdna.pcpartpicker.com/static/forever/images/product/0a7d849ef3fd1526c395ba18691e2176.256p.jpg,2880 W,3000 VA,0
CyberPower AVRG900U,,https://cdna.pcpartpicker.com/static/forever/images/product/f241ed23765d9cb4b1dfa8fc9e0500f1.256p.jpg,480 W,900 VA,0
APC Back-UPS 1350,,,810 W,1350 VA,0
APC BK350EI,126.92,https://cdna.pcpartpicker.com/static/forever/images/product/7a611bccb727c31c9485a4969483460a.256p.jpg,210 W,350 VA,0
APC SRT6KRMXLT,,https://cdna.pcpartpicker.com/static/forever/images/product/76a4f60321f97030916dc4ed18fd17b1.256p.jpg,6000 W,6000 VA,0
APC SUA3000XL,,,2700 W,3000 VA,0
Tripp Lite OMNIVS1500XL,,https://cdna.pcpartpicker.com/static/forever/images/product/aee535c611c4c43a562c68bfb7aa8262.256p.jpg,940 W,1500 VA,0
Tripp Lite SMART1500RM2U,,https://cdna.pcpartpicker.com/static/forever/images/product/ded7726af92ca4260188b89e8f90ea0a.256p.jpg,1350 W,1500 VA,0
Tripp Lite SMART2200NET,,https://cdna.pcpartpicker.com/static/forever/images/product/bf16493c5a597374e28b2ea960a2984e.256p.jpg,1700 W,2200 VA,0
CyberPower OL1000RTXL2U,,https://cdna.pcpartpicker.com/static/forever/images/product/3ebdfe33c99cc6d43e8eedd299149dae.256p.jpg,900 W,1000 VA,0
CyberPower OR1500PFCRT2U,,https://cdna.pcpartpicker.com/static/forever/images/product/fd09f6a46eac10e532d265ec8b0f2213.256p.jpg,900 W,1500 VA,0
CyberPower PR1000LCD,,https://cdna.pcpartpicker.com/static/forever/images/product/8336fff657da5af8fe8066a350670ba1.256p.jpg,700 W,1000 VA,0
APC SMT1000RMI2U,607.99,https://cdna.pcpartpicker.com/static/forever/images/product/e246e543e0b09345b462789cd2829c56.256p.jpg,700 W,1000 VA,0
APC SMT1500RM2U,,https://cdna.pcpartpicker.com/static/forever/images/product/b824b135d9ccf84a9b4d69d5e6e6485e.256p.jpg,1000 W,1440 VA,0
APC SMX2000RMLV2U,,https://cdna.pcpartpicker.com/static/forever/images/product/17aee630a0c99340bb8c589b99774f98.256p.jpg,1800 W,1920 VA,0
Tripp Lite ECO850LCD,,,425 W,850 VA,0
Tripp Lite OMNI650LCD,,https://cdna.pcpartpicker.com/static/forever/images/product/9ee5ba9fb39c70a63fd41bfa0cdf6e3e.256p.jpg,350 W,650 VA,0
Tripp Lite SM1500RMXL2UTAA,,,1350 W,1500 VA,0
Tripp Lite SMART2200RM2UN,,https://cdna.pcpartpicker.com/static/forever/images/product/e5b6108f1408f78695f8a02d298abf59.256p.jpg,1920 W,2200 VA,0
Tripp Lite ECO750UPSTAA,,https://cdna.pcpartpicker.com/static/forever/images/product/e3acc9b405dde39d88e4471e41f35d06.256p.jpg,450 W,750 VA,0
Tripp Lite SMART3000RM2U,,https://cdna.pcpartpicker.com/static/forever/images/product/dd4ac62641442a2f943cf3d78af9d086.256p.jpg,2250 W,3000 VA,0
Tripp Lite SU3000RTXLCD2U,,https://cdna.pcpartpicker.com/static/forever/images/product/e08c88c636bf225807a5bf764eaabf6d.256p.jpg,2700 W,3000 VA,0
Tripp Lite SU750RTXLCD2U,,https://cdna.pcpartpicker.com/static/forever/images/product/f4213876f124c0ddcb11a8dbd6cb10a0.256p.jpg,675 W,750 VA,0
CyberPower CP1000PFCLCDTAA,,https://cdna.pcpartpicker.com/static/forever/images/product/969e81d14b8da1925a3f4609b8a1a0cf.256p.jpg,600 W,1000 VA,0
CyberPower CP800AVR,,https://cdna.pcpartpicker.com/static/forever/images/product/6d3bbfaf53db86f863512e09c5190288.256p.jpg,450 W,800 VA,0
CyberPower PR1000LCDRT1U,,https://cdna.pcpartpicker.com/static/forever/images/product/053761d17be11813792a5a8fca10ae55.256p.jpg,800 W,1000 VA,0
CyberPower CST135UC,,,810 W,1350 VA,0
CyberPower BRG1500AVRLCD2,,https://cdna.pcpartpicker.com/static/forever/images/product/0623176d6b81e0639d33f65ec882e639.256p.jpg,900 W,1500 VA,0
Tripp Lite SM3000RM2UTAA,,https://cdna.pcpartpicker.com/static/forever/images/product/c75112150b7f428dbe558140df6a97fd.256p.jpg,2250 W,3000 VA,0
Tripp Lite SMC15002URM,,https://cdna.pcpartpicker.com/static/forever/images/product/36b785e35f84ce8eadc85638111e8a17.256p.jpg,1000 W,1500 VA,0
APC BE750BBX450,,https://cdna.pcpartpicker.com/static/forever/images/product/c9ba4240ddd8e1db24bb1d30a76ab04c.256p.jpg,450 W,750 VA,0
APC BR500CI-AS,,https://cdna.pcpartpicker.com/static/forever/images/product/89c9f7e41fec878055b4ead6095ec80b.256p.jpg,300 W,500 VA,0
APC BR900GI,,https://cdna.pcpartpicker.com/static/forever/images/product/9ed88c6d159141bbf59f2fa35a557fcc.256p.jpg,540 W,900 VA,0
APC BX1300G,,,780 W,1300 VA,5
APC DLT1500I,,https://cdna.pcpartpicker.com/static/forever/images/product/c7e22c7fc46cf00bf90ec9830f450dfe.256p.jpg,1000 W,1500 VA,0
APC SMC1500,,https://cdna.pcpartpicker.com/static/forever/images/product/3c78920bef99940fb2324051cbe71755.256p.jpg,900 W,1500 VA,0
APC SMC1500I,725,https://cdna.pcpartpicker.com/static/forever/images/product/3e5ab3aa4db61d5736875c533b686ad0.256p.jpg,900 W,1500 VA,0
APC SMT1500J,,https://cdna.pcpartpicker.com/static/forever/images/product/f24b0263de32f86c051eace54305b365.256p.jpg,980 W,1500 VA,0
APC SMT2200RMUS,,https://cdna.pcpartpicker.com/static/forever/images/product/0df6df3f75a3eb8e01ff079f60948e23.256p.jpg,1980 W,2200 VA,0
APC SMT3000R2X145,,https://cdna.pcpartpicker.com/static/forever/images/product/951572fc4823576161ea052d60f83a45.256p.jpg,2700 W,3000 VA,0
APC SMT3000RMI2U,,https://cdna.pcpartpicker.com/static/forever/images/product/bdd7691b5c05fbad4b3e47558848b43f.256p.jpg,2700 W,3000 VA,0
APC SMT3000RMUS,,https://cdna.pcpartpicker.com/static/forever/images/product/b59b9fd5ddfbbb7eefb4299a7e6841ce.256p.jpg,2700 W,2880 VA,0
APC SMX2200RMHV2U,2349.92,https://cdna.pcpartpicker.com/static/forever/images/product/75d75144476841fbb7bd1445d04bbe98.256p.jpg,1980 W,2200 VA,0
APC SUM1500RMXLI2U,,https://cdna.pcpartpicker.com/static/forever/images/product/5a65578ef60c7e71dcde2db7be762d9f.256p.jpg,1425 W,1500 VA,0
Tripp Lite OMNI SMT300PNP,,,180 W,300 VA,0
Tripp Lite OMNIVS1000,,https://cdna.pcpartpicker.com/static/forever/images/product/3b09e5bd3dc4a6c38131a7bbefbaa80d.256p.jpg,500 W,1000 VA,0
Tripp Lite SM3000RM2UNTAA,,https://cdna.pcpartpicker.com/static/forever/images/product/2fb444c89dcdae692abc81a518dc46c3.256p.jpg,2250 W,3000 VA,0
Tripp Lite SM3000RMXLNTAA,,https://cdna.pcpartpicker.com/static/forever/images/product/87143393de17a8f966dc5f2eb516bfec.256p.jpg,2880 W,3000 VA,0
Tripp Lite SMART1000RM1U,,https://cdna.pcpartpicker.com/static/forever/images/product/deb67a52f32d32cb7de038f6caa6a5ac.256p.jpg,800 W,1000 VA,0
Tripp Lite SMART1500LCDXL,,https://cdna.pcpartpicker.com/static/forever/images/product/d7f2b50e2d9126e0f666ca446398e735.256p.jpg,900 W,1500 VA,0
Tripp Lite SMART1500RM2UN,,https://cdna.pcpartpicker.com/static/forever/images/product/517e81f03d2cb53ffbbb4950f1513a45.256p.jpg,1350 W,1500 VA,0
Tripp Lite SMART1500RMXLN,,https://cdna.pcpartpicker.com/static/forever/images/product/ed02aec1b158fc87eb6f4a1d2899d0ec.256p.jpg,1350 W,1500 VA,0
Tripp Lite SMART2200RM2U,,https://cdna.pcpartpicker.com/static/forever/images/product/4a84223edfc9cd838c302f33db667bb8.256p.jpg,1920 W,2200 VA,0
Tripp Lite SU3000XLCD,,https://cdna.pcpartpicker.com/static/forever/images/product/8b8b26626c4666164cbef7c8540b75cc.256p.jpg,2700 W,3000 VA,0
Tripp Lite SU3000XLNAFTA,,,2400 W,3000 VA,0
Tripp Lite SU6000RT3U,,,4200 W,6000 VA,0
Tripp Lite SU6000RT4UHVG,,,5400 W,6000 VA,0
Tripp Lite SU1500RTXL2UA,,,1200 W,1500 VA,0
Tripp Lite SU10KRT3U,,,7000 W,10000 VA,0
Tripp Lite SMARTINT2200VS,,,1600 W,2200 VA,0
Tripp Lite SMT1500LCDT,,https://cdna.pcpartpicker.com/static/forever/images/product/5cd23a94fb14c39ef8ed143a695385a8.256p.jpg,900 W,1500 VA,5
Tripp Lite SMART500RT1UTAA,,,300 W,500 VA,0
Tripp Lite OMNIVSINT1500XL,,https://cdna.pcpartpicker.com/static/forever/images/product/898cadb2f3996bb8b4dd771193de11d1.256p.jpg,940 W,1500 VA,0
Tripp Lite SM1500XLNAFTA,,,980 W,1500 VA,0
Tripp Lite SMART5000RT3U,,,4000 W,5000 VA,0
Tripp Lite SMART5000TEL3U,,https://cdna.pcpartpicker.com/static/forever/images/product/1db4a5fd129d5385cd1c9d639b814e1b.256p.jpg,3750 W,5000 VA,0
Tripp Lite INTERNET900U,,https://cdna.pcpartpicker.com/static/forever/images/product/a703d30adf37d41daf885083111da168.256p.jpg,480 W,900 VA,0
APC SUA1500,,,980 W,1440 VA,0
CyberPower CP685AVR,,https://cdna.pcpartpicker.com/static/forever/images/product/f9da3cd8d037c5f58d0aadf9531f81b0.256p.jpg,390 W,685 VA,0
CyberPower CP750LCD,,https://cdna.pcpartpicker.com/static/forever/images/product/9997b8a8c04179f78965e2a97f6fbc6c.256p.jpg,420 W,750 VA,0
CyberPower CS16U48V-8,,https://cdna.pcpartpicker.com/static/forever/images/product/78f89693c4873802549eff383ac9a3f8.256p.jpg,16 W,,0
CyberPower OL2000RTXL2U,,https://cdna.pcpartpicker.com/static/forever/images/product/0220431b3c747e9c8641d6f47500417c.256p.jpg,1800 W,2200 VA,0
CyberPower PR1000LCDRM1U,,https://cdna.pcpartpicker.com/static/forever/images/product/5d2a3a188a26fe886e5cc18d71139367.256p.jpg,750 W,1000 VA,0
CyberPower PR1500LCDTAA,,https://cdna.pcpartpicker.com/static/forever/images/product/ac1fa11997e1b826bfb2d6b91ee1f406.256p.jpg,1050 W,1500 VA,0
CyberPower PR2200LCDRTXL2U,,,2150 W,2150 VA,0
CyberPower PR3000LCDRT2U,,,2700 W,3000 VA,0
CyberPower PR5000LCDRTXL5UTAA,,https://cdna.pcpartpicker.com/static/forever/images/product/6768ea9cb6ace89c3c98522648e9b3d1.256p.jpg,4000 W,5000 VA,0
CyberPower CS50U48V,,https://cdna.pcpartpicker.com/static/forever/images/product/a2199df587d0d55a9ab6498233d8207d.256p.jpg,50 W,,0
IBM 53951AX,,https://cdna.pcpartpicker.com/static/forever/images/product/09c233f3922d827b2bee2ac4cae6b2b3.256p.jpg,1000 W,1500 VA,0
IBM 53959KX,,,10000 W,11000 VA,0
Lenovo 55943AX,,,2700 W,3000 VA,0
APC BX600CI-IN,,,360 W,600 VA,0
APC BN1100M2,,https://cdna.pcpartpicker.com/static/forever/images/product/8869b2789bfb664543272d973222f48f.256p.jpg,600 W,1100 VA,5
CyberPower XC625,,,375 W,625 VA,0
VERTIV Liebert PSA5,,https://cdna.pcpartpicker.com/static/forever/images/product/c67efdb210a21e7f483590db6193e996.256p.jpg,900 W,1500 VA,0
VERTIV Liebert PST5,,https://cdna.pcpartpicker.com/static/forever/images/product/2d729adf6697f16888c1253f3c671274.256p.jpg,500 W,850 VA,0
APC SC450RMI1U,307.99,https://cdna.pcpartpicker.com/static/forever/images/product/6673b93dec57e6231dbec167f859e5eb.256p.jpg,280 W,450 VA,0
Tripp Lite SU1500XLCD,,https://cdna.pcpartpicker.com/static/forever/images/product/b38b989f0dd741422bdbad6e6bc09b95.256p.jpg,1350 W,1500 VA,0
Tripp Lite SMART750RM1U,,https://cdna.pcpartpicker.com/static/forever/images/product/a209dd37ee540bb8c34c992e94101667.256p.jpg,600 W,750 VA,0
APC SMX1500RM2UNC,2305.7,,1200 W,1500 VA,0
Tripp Lite AVR550U,,https://cdna.pcpartpicker.com/static/forever/images/product/37b60845ea119879b4776b535a52c911.256p.jpg,300 W,550 VA,0
Tripp Lite AVR700U,,https://cdna.pcpartpicker.com/static/forever/images/product/18f25274c8169fb4d70bf4cfa96c114a.256p.jpg,350 W,700 VA,0
Tripp Lite INTERNET600U,,https://cdna.pcpartpicker.com/static/forever/images/product/484627f9632fc39999b5e7bbe00fe9a4.256p.jpg,300 W,600 VA,0
Tripp Lite OMNI1500LCDT,,https://cdna.pcpartpicker.com/static/forever/images/product/034434b20378727b962c32ee1fa0c425.256p.jpg,810 W,1500 VA,0
Tripp Lite OMNISMART350HG,,https://cdna.pcpartpicker.com/static/forever/images/product/faedb6ba105e47be811ff8a76ae0126e.256p.jpg,225 W,330 VA,0
CyberPower CP685AVRLCD,,https://cdna.pcpartpicker.com/static/forever/images/product/89f836c972e80e5ab97383dbc6f07a51.256p.jpg,390 W,685 VA,0
APC BK500BLK,,https://cdna.pcpartpicker.com/static/forever/images/product/3fc4cb10ccf75a412817982016152c09.256p.jpg,300 W,500 VA,0
APC SMT1000RM2U,,,700 W,1000 VA,0
APC SMT1500R2X122,,https://cdna.pcpartpicker.com/static/forever/images/product/17ad474337287102f9f806891adcd512.256p.jpg,1000 W,1500 VA,0
APC SMT3000RMT2U,,https://cdna.pcpartpicker.com/static/forever/images/product/bddd1565437100285782cd0bd4786806.256p.jpg,2700 W,3000 VA,0
APC SMT750I,595,https://cdna.pcpartpicker.com/static/forever/images/product/133fe6967139460add101ab00f57aa7c.256p.jpg,500 W,750 VA,0
APC SRT5KRMXLW-HW,6240.55,https://cdna.pcpartpicker.com/static/forever/images/product/7543e4534a65793aeba9077cc258b450.256p.jpg,4500 W,5000 VA,0
APC SUA3000XLI,,,2700 W,3000 VA,0
APC SURT1000XLIM,1662.32,https://cdna.pcpartpicker.com/static/forever/images/product/30e15523bec30c7a629282d03ba0465c.256p.jpg,700 W,1000 VA,0
APC SURTA1500RMXL2U,,https://cdna.pcpartpicker.com/static/forever/images/product/66a76fffaed6902f521b90eba13f41dc.256p.jpg,1050 W,1500 VA,0
APC SURTD5000RMXLI,,,3500 W,5000 VA,0
Tripp Lite AVR900U,,https://cdna.pcpartpicker.com/static/forever/images/product/8788acc8ff219241ae1a469c8afcd83a.256p.jpg,480 W,900 VA,0
Tripp Lite ECO350UPS,,https://cdna.pcpartpicker.com/static/forever/images/product/f79d560babe3015e159e41d7935d40a3.256p.jpg,180 W,350 VA,0
Tripp Lite OMNI900LCD,,https://cdna.pcpartpicker.com/static/forever/images/product/47428b9f3dd123c977b615eebbf35aa8.256p.jpg,475 W,900 VA,0
Tripp Lite OMNISMART300PNP,,,180 W,300 VA,0
Tripp Lite OMNIVS800,,https://cdna.pcpartpicker.com/static/forever/images/product/2e71a3024069dad6d72b9578401619b0.256p.jpg,475 W,800 VA,0
Tripp Lite SM2200RMDVTAA,,https://cdna.pcpartpicker.com/static/forever/images/product/ed7a172f6d0a2b83908e7551782654ba.256p.jpg,1920 W,2200 VA,0
Tripp Lite SMART1000LCD,,https://cdna.pcpartpicker.com/static/forever/images/product/11dc34d7f14d981187ad249bdecd3773.256p.jpg,500 W,1000 VA,0
Tripp Lite SMART1300LCDT,,https://cdna.pcpartpicker.com/static/forever/images/product/b9ee9bc90dac687de0203acdd2f43483.256p.jpg,720 W,1300 VA,4
Tripp Lite SMART1500RMXL2U,,https://cdna.pcpartpicker.com/static/forever/images/product/aa7ac60ce7331fd36286998ee80f7493.256p.jpg,940 W,1500 VA,0
Tripp Lite SU10000RT3U2TF,,,8000 W,10000 VA,0
Tripp Lite SU1000RTXLCD2U,,https://cdna.pcpartpicker.com/static/forever/images/product/e08c88c636bf225807a5bf764eaabf6d.256p.jpg,900 W,1000 VA,0
Tripp Lite SU1000XLCD,,,900 W,1000 VA,0
Tripp Lite SMART700HG,,https://cdna.pcpartpicker.com/static/forever/images/product/d25a712afa84bd0c87b5f2059f759b1f.256p.jpg,450 W,700 VA,0
Tripp Lite SMART700SER,,https://cdna.pcpartpicker.com/static/forever/images/product/fafebeb72f3d19d3c53c1fc19eba913e.256p.jpg,450 W,700 VA,0
APC BK350,,https://cdna.pcpartpicker.com/static/forever/images/product/a913a1ad7b2304d3f30523ef45fab129.256p.jpg,210 W,350 VA,0
CyberPower CP1500AVRT,,,900 W,1500 VA,0
CyberPower CP825AVRLCD,,https://cdna.pcpartpicker.com/static/forever/images/product/762c16f00152f67130f99c0ca889a6b4.256p.jpg,450 W,825 VA,0
CyberPower OR1500LCDRT2U,,https://cdna.pcpartpicker.com/static/forever/images/product/b426aa49812cec8a99527c3e203db0e1.256p.jpg,900 W,1500 VA,0
CyberPower OR700LCDRM1U,,https://cdna.pcpartpicker.com/static/forever/images/product/17ba86be20a22844233a4c18c8355a9d.256p.jpg,400 W,700 VA,0
Tripp Lite SM1000RM1UTAA,,https://cdna.pcpartpicker.com/static/forever/images/product/1441710afed98df81dc086c0473e7d9d.256p.jpg,800 W,1000 VA,0
Tripp Lite SMC10002URM,,https://cdna.pcpartpicker.com/static/forever/images/product/64e723d2511791c540fbea1cc7f5f4d8.256p.jpg,700 W,1000 VA,0
APC SMT1000,,https://cdna.pcpartpicker.com/static/forever/images/product/014413e6fdb2ee4d84f85d5c4bd29d0a.256p.jpg,670 W,1000 VA,0
APC SMT1000J,,,670 W,1000 VA,0
APC BE325-GR,,,185 W,325 VA,0
APC BE350G,,https://cdna.pcpartpicker.com/static/forever/images/product/a11dfb4218967e67ce40ebc34c14f803.256p.jpg,200 W,350 VA,0
APC BE350G-CN,,,200 W,350 VA,0
APC BE400-GR,,,240 W,400 VA,0
APC BE450G,,,257 W,450 VA,0
APC BE450G-CN,,https://cdna.pcpartpicker.com/static/forever/images/product/82c7d78e03993ca0b0f8cc0e1198bffa.256p.jpg,257 W,450 VA,0
APC APC3IA,,,2250 W,3000 VA,0
APC BE325,,https://cdna.pcpartpicker.com/static/forever/images/product/f13d34825950ef22a3844a367554876b.256p.jpg,185 W,325 VA,0
APC BE325-LM,,https://cdna.pcpartpicker.com/static/forever/images/product/ea97448bf74cfa165a19c4f7cf93ac58.256p.jpg,185 W,325 VA,0
APC BE325R,,,185 W,325 VA,0
APC BE350,,https://cdna.pcpartpicker.com/static/forever/images/product/4bd9138f3f6bfacf269a0d253cd0c356.256p.jpg,225 W,350 VA,0
APC BE350C,,https://cdna.pcpartpicker.com/static/forever/images/product/3262aa03d019635b0414db5649402255.256p.jpg,200 W,350 VA,0
APC BE350G-LM,,https://cdna.pcpartpicker.com/static/forever/images/product/5429de0665f5106b4d548d1ca512cb71.256p.jpg,200 W,350 VA,0
APC BE350R,,,200 W,350 VA,0
APC BE350R-CN,,,200 W,350 VA,0
APC BE350U-CN,,,200 W,350 VA,0
APC BE400-CP,,,240 W,400 VA,0
APC BE400-FR,,,240 W,400 VA,0
APC BE450G-LM,,,257 W,450 VA,0
APC BE500R,,https://cdna.pcpartpicker.com/static/forever/images/product/bb05c7c137a38abce6e82fa187ce6632.256p.jpg,300 W,500 VA,0
APC BE500R-CN,,https://cdna.pcpartpicker.com/static/forever/images/product/3e3c1542562acbea50b48b041d2745eb.256p.jpg,300 W,500 VA,0
APC BE500U-CN,,https://cdna.pcpartpicker.com/static/forever/images/product/504e54390beafaf24e69c381fbb4d8be.256p.jpg,300 W,500 VA,0
APC BE525-RS,,https://cdna.pcpartpicker.com/static/forever/images/product/22d5b39c77a5ca1edb4be5c7d24c1b8f.256p.jpg,300 W,525 VA,0
APC BE550-CP,,https://cdna.pcpartpicker.com/static/forever/images/product/b420de6c89b5bb23c6994a6a4fb16960.256p.jpg,330 W,550 VA,0
APC BE550-GR,,,330 W,550 VA,0
APC BE550-UK,,,330 W,700 VA,0
APC BF350U,,https://cdna.pcpartpicker.com/static/forever/images/product/1036f1d10085028524e1894d5dd676e1.256p.jpg,225 W,350 VA,0
APC BE550G-CN,,,330 W,550 VA,0
APC BE550G-GR,,,330 W,550 VA,0
APC BE550G/LM,,,330 W,550 VA,0
APC BE550R,,,330 W,550 VA,0
APC BE550R-CN,,https://cdna.pcpartpicker.com/static/forever/images/product/a24d642f0d1cae6eff28ef527a8a7ddf.256p.jpg,330 W,550 VA,0
APC BE600-LM,,https://cdna.pcpartpicker.com/static/forever/images/product/66225e5cc29ddff058e90eb7128a1e2a.256p.jpg,360 W,600 VA,0
APC BE650BB,,,390 W,650 VA,0
APC BE650G,,,390 W,650 VA,0
APC BE650G1,,https://cdna.pcpartpicker.com/static/forever/images/product/1b27d3483a66207635a172f56dced98a.256p.jpg,390 W,650 VA,0
APC BE650G1-CN,,https://cdna.pcpartpicker.com/static/forever/images/product/f53e02f4e7219a1307af8b3bdec5a373.256p.jpg,390 W,650 VA,0
APC BE650G1-LM,,,390 W,650 VA,0
APC BE650G-CN,,https://cdna.pcpartpicker.com/static/forever/images/product/44e37a0694a1b89dd2e7ca74a599ad52.256p.jpg,390 W,650 VA,0
APC BE650G-LM,,https://cdna.pcpartpicker.com/static/forever/images/product/0f8a165e97fa647c4343e6a404e6f67e.256p.jpg,390 W,650 VA,0
APC BE650MC,,,390 W,650 VA,0
APC BE650R,,,390 W,650 VA,0
APC BE650R-CN,,https://cdna.pcpartpicker.com/static/forever/images/product/aa4db1ae7afbedb29495552da282efbf.256p.jpg,390 W,650 VA,0
APC BE700-AZ,,https://cdna.pcpartpicker.com/static/forever/images/product/52fe8e8d7408a3cc6a4f384f0a862e0a.256p.jpg,405 W,700 VA,0
APC BE700-CP,,https://cdna.pcpartpicker.com/static/forever/images/product/340ac8fad5eb93f4063117d32693aa9e.256p.jpg,405 W,700 VA,0
APC BE700G-GR,,,405 W,700 VA,0
APC BE700-GR,,,405 W,700 VA,0
APC BE700G-UK,,https://cdna.pcpartpicker.com/static/forever/images/product/74ea53938616dc5c0b439e38badc13c0.256p.jpg,405 W,700 VA,3
APC BE700-UK,,,405 W,700 VA,0
APC BE750BB,,,450 W,750 VA,5
APC BE750BB-CN,,https://cdna.pcpartpicker.com/static/forever/images/product/7c658a4cbe55b28a0116d29148e908b5.256p.jpg,450 W,750 VA,0
APC BE750G,,,450 W,750 VA,5
APC BE750G-CN,,,450 W,750 VA,4
APC BE750G-LM,,,450 W,750 VA,0
APC BF350-FR,,https://cdna.pcpartpicker.com/static/forever/images/product/a9b4346fab37408076524f3573959dbc.256p.jpg,225 W,350 VA,0
APC BF350-GR,,https://cdna.pcpartpicker.com/static/forever/images/product/ca5a778f9ce4137e878b47de58d72851.256p.jpg,225 W,350 VA,0
APC BF500,,,325 W,500 VA,0
APC BF500-AZ,,https://cdna.pcpartpicker.com/static/forever/images/product/68fe4cf9f64bf5f56150ef4f45b351eb.256p.jpg,325 W,500 VA,0
APC BF500-GR,,https://cdna.pcpartpicker.com/static/forever/images/product/6e3f5766ce86adf62468dace069465b1.256p.jpg,325 W,500 VA,0
APC BF500U,,https://cdna.pcpartpicker.com/static/forever/images/product/720a87afa3aef8fcc179fa72d4b054fc.256p.jpg,325 W,500 VA,0
APC BF500-UK,,https://cdna.pcpartpicker.com/static/forever/images/product/5c941f1b37dae852c463201fdb634906.256p.jpg,325 W,500 VA,0
APC BG500,,https://cdna.pcpartpicker.com/static/forever/images/product/de22c1cbe77a6c5234ba45aea74889e8.256p.jpg,300 W,500 VA,0
APC BGE90M,,https://cdna.pcpartpicker.com/static/forever/images/product/e50298100ace4b65391f2e8cdb19134a.256p.jpg,75 W,125 VA,0
APC BH500INET,,https://cdna.pcpartpicker.com/static/forever/images/product/148abf836b669db48f60bd9b6fbb7514.256p.jpg,300 W,500 VA,0
APC BH500NET,,,300 W,500 VA,0
APC BK200,,https://cdna.pcpartpicker.com/static/forever/images/product/b3d1781e219dc06a1d5d15c1e1f878e9.256p.jpg,130 W,200 VA,0
APC BK300C,,https://cdna.pcpartpicker.com/static/forever/images/product/861954749a2f1ef7a951446a8ff7fbf4.256p.jpg,180 W,300 VA,0
APC BK300MI,,https://cdna.pcpartpicker.com/static/forever/images/product/90e685ccf5f05f6be242abda200e6ed2.256p.jpg,180 W,300 VA,0
APC BK400,,,250 W,400 VA,0
APC BK450,,,300 W,450 VA,0
APC BK500JP,,https://cdna.pcpartpicker.com/static/forever/images/product/a50fcae01622a3090211cc7ac9ac3d65.256p.jpg,300 W,500 VA,0
APC BK500JS,,https://cdna.pcpartpicker.com/static/forever/images/product/5eba926f67ccf9a16f52dc18f0e646c6.256p.jpg,300 W,500 VA,0
APC BK500MI,,https://cdna.pcpartpicker.com/static/forever/images/product/6f4f495ab8054ad8f2f752ef4b8b538b.256p.jpg,300 W,500 VA,0
APC BK600,,,400 W,600 VA,0
APC BN1080G,,,650 W,1080 VA,5
APC BN4001,,,257 W,450 VA,0
APC BN700MC,,,420 W,700 VA,0
APC BR1000G,,https://cdna.pcpartpicker.com/static/forever/images/product/ce58b776c221f28da676290382cc4e69.256p.jpg,600 W,1000 VA,4.5
APC BR1200GI,,https://cdna.pcpartpicker.com/static/forever/images/product/73ee883c11e1fae72b2ebeb3b32c3f4b.256p.jpg,720 W,1200 VA,0
APC BN600G,,,360 W,600 VA,0
APC BR1300G,,https://cdna.pcpartpicker.com/static/forever/images/product/bb9acb434ce6b5b4ff83132c2e176b6b.256p.jpg,780 W,1300 VA,4
APC BX1000G,,,600 W,1000 VA,0
APC BX1500G,,,865 W,1500 VA,5
APC DLT1500RMI2U,,https://cdna.pcpartpicker.com/static/forever/images/product/c7bea07fe634b20b7042c0f6fc1b6ac8.256p.jpg,1000 W,1500 VA,0
APC J10BLK,,https://cdna.pcpartpicker.com/static/forever/images/product/1796a2a016c446be1282ffad32567f4d.256p.jpg,600 W,1000 VA,0
APC J15BLK,,https://cdna.pcpartpicker.com/static/forever/images/product/24482e908dbbdd7bfaf36f240d83cd86.256p.jpg,865 W,1500 VA,0
APC SC1000,,,600 W,1000 VA,0
APC SC1000I,,https://cdna.pcpartpicker.com/static/forever/images/product/4835622c1dc568c42299f906b4d0a088.256p.jpg,600 W,1000 VA,0
APC SC1500I,,https://cdna.pcpartpicker.com/static/forever/images/product/bbdcc40d6cc49b0364d97ab3e065ae83.256p.jpg,865 W,1500 VA,0
APC SC420,,,260 W,420 VA,0
APC SC420I,,,260 W,420 VA,0
APC SC450R1X542,,https://cdna.pcpartpicker.com/static/forever/images/product/980235a8a9d02357f5d693ea935e1537.256p.jpg,280 W,450 VA,0
APC SC450RM1U,,https://cdna.pcpartpicker.com/static/forever/images/product/8c15f8e22c00eda784778c4c366ca0e3.256p.jpg,280 W,450 VA,0
APC SC620,,,390 W,620 VA,0
APC SC620I,,https://cdna.pcpartpicker.com/static/forever/images/product/c81e93c7a9b15d3e27288fe21b9002fe.256p.jpg,390 W,620 VA,0
APC SC620X565,,,410 W,620 VA,0
APC SMC1000,,https://cdna.pcpartpicker.com/static/forever/images/product/da27cb2edc169d044cb3089affd7dc54.256p.jpg,600 W,1000 VA,0
APC SMC1000-2U,,https://cdna.pcpartpicker.com/static/forever/images/product/4cd9e129503cd3aceba1f13c26f0fe79.256p.jpg,600 W,1000 VA,0
APC SMC1000I,,,600 W,1000 VA,0
APC SMC1000I-2U,,https://cdna.pcpartpicker.com/static/forever/images/product/fab13b9052e3af71946978cbadc47923.256p.jpg,600 W,1000 VA,0
APC SMC1500-2U,,https://cdna.pcpartpicker.com/static/forever/images/product/7a335ba8bd1d9c4a9cecab099790ea5c.256p.jpg,900 W,1500 VA,0
APC SMC1500I-2U,,https://cdna.pcpartpicker.com/static/forever/images/product/0a0800f545273a2d362180b2697e0fac.256p.jpg,900 W,1500 VA,0
APC SMT1000I,700,https://cdna.pcpartpicker.com/static/forever/images/product/e3b9dc223a1943f98bcee97ea8b91375.256p.jpg,670 W,1000 VA,0
APC SMT1000US,,https://cdna.pcpartpicker.com/static/forever/images/product/bc198f6b56b95f9e9b343606bf54510a.256p.jpg,700 W,1000 VA,0
APC SMT1500R2X180,,,1000 W,1500 VA,0
APC SMT1500RM1U,,https://cdna.pcpartpicker.com/static/forever/images/product/1821f825c6f62de2e8808fb21cde8daa.256p.jpg,1000 W,1440 VA,0
APC SMT1500RMI2U,,https://cdna.pcpartpicker.com/static/forever/images/product/a3d411dcb57aa07f78c62b46ab83dc82.256p.jpg,1000 W,1500 VA,0
APC SMT1500RMUS,,https://cdna.pcpartpicker.com/static/forever/images/product/03150f1c657a254f65dfd397481cb4d9.256p.jpg,1000 W,1500 VA,0
APC SMT1500X413,,,980 W,1500 VA,0
APC SMT1500X448,,https://cdna.pcpartpicker.com/static/forever/images/product/847dd743850045d1151f8fef56469bae.256p.jpg,1000 W,1500 VA,0
APC SMT2200R2X106,,https://cdna.pcpartpicker.com/static/forever/images/product/12a86f5ac345177b8bc7b123ca263136.256p.jpg,1980 W,2200 VA,0
APC SMT2200R2X180,,,1980 W,2200 VA,0
APC SMT2200RM2U,,,1980 W,2200 VA,0
APC SMT2200RMI2U,,https://cdna.pcpartpicker.com/static/forever/images/product/7bbb93cae6d59a07b0d863f99af871dd.256p.jpg,1980 W,2200 VA,0
APC SMT3000R2X180,,https://cdna.pcpartpicker.com/static/forever/images/product/a894912c62f6dffd4b8d8b3817f56456.256p.jpg,2700 W,3000 VA,0
APC SMT750,,,500 W,750 VA,0
APC SMT750R2-NMC,,,500 W,750 VA,0
APC SMT750RM2U,,,500 W,750 VA,0
APC SMT750RMI2U,,,500 W,750 VA,0
APC SMT750US,,https://cdna.pcpartpicker.com/static/forever/images/product/dd95ee48b3c0587c60db5fb5f9a900ac.256p.jpg,500 W,750 VA,0
APC SMX1000,649.99,https://cdna.pcpartpicker.com/static/forever/images/product/f398388841d6b1d9554ebba371b7dd20.256p.jpg,800 W,1000 VA,0
APC SMX1500RM2U,,https://cdna.pcpartpicker.com/static/forever/images/product/8c275c87290c178c83fc5e8091409fd6.256p.jpg,1200 W,1500 VA,0
APC SMX3000HVT,,https://cdna.pcpartpicker.com/static/forever/images/product/e1a5049c3146aa2628088d0a59128bc2.256p.jpg,2700 W,3000 VA,0
APC SMX750I,661.92,https://cdna.pcpartpicker.com/static/forever/images/product/34973d85f2654be4abe391154eea8914.256p.jpg,600 W,750 VA,0
APC SU1000RMI2U,,https://cdna.pcpartpicker.com/static/forever/images/product/96d9c04027903c17862bfa45700cd306.256p.jpg,670 W,1000 VA,0
APC SU1000XLNET,,,670 W,1000 VA,0
APC SU1400RMXLIB3U,,https://cdna.pcpartpicker.com/static/forever/images/product/db80d8ebf25f422007ce842ada6c2e15.256p.jpg,1050 W,1400 VA,0
APC SU5000R5TBX120,,,3750 W,5000 VA,0
APC SU700X93,,https://cdna.pcpartpicker.com/static/forever/images/product/4667c79dfa28c2b69be0b1fba7e53b38.256p.jpg,450 W,700 VA,0
APC SUA1000RMI1U,,https://cdna.pcpartpicker.com/static/forever/images/product/413c4bac27b98b737b4bb2f39078d54a.256p.jpg,640 W,1000 VA,0
APC SUA1500R2X122,,https://cdna.pcpartpicker.com/static/forever/images/product/eec474ae599056c5a8f9b9eb9a5800a6.256p.jpg,980 W,1440 VA,0
APC SUA1500R2X138,,https://cdna.pcpartpicker.com/static/forever/images/product/d919cc24c35be880009ddb7f742184db.256p.jpg,980 W,1440 VA,0
APC SUA1500R2X93,,https://cdna.pcpartpicker.com/static/forever/images/product/70ab8bd220e9682ab6e560704a7c8081.256p.jpg,980 W,1440 VA,0
APC SUA1500RMI2U,,,980 W,1500 VA,0
APC SUA1500RMJ2UB,,https://cdna.pcpartpicker.com/static/forever/images/product/1f8d48803fa7f314f5c76eddc1ac9ec2.256p.jpg,980 W,1500 VA,0
APC SUA2200,,,1980 W,2200 VA,0
APC SUA2200R2X147,,https://cdna.pcpartpicker.com/static/forever/images/product/1bf7615751bb00cce0f38eea68254312.256p.jpg,1980 W,2200 VA,0
APC SUA2200RM2U,,,1980 W,2200 VA,0
APC SUA2200XL,,,1850 W,2200 VA,0
APC SUA2200XLI,,,1980 W,2200 VA,0
APC SUA3000,,,2700 W,3000 VA,0
APC SUA3000I,,,2700 W,3000 VA,0
APC SUA3000R2IX38,,,2700 W,3000 VA,0
APC SUA3000RM2U,,,2700 W,3000 VA,0
APC SUA3000RMI2U,,,2700 W,3000 VA,0
APC SUA3000XL-NETPKG,,,2700 W,3000 VA,0
APC SUA3000XLT,,,2700 W,3000 VA,0
APC SUA5000R5TXFMR,,https://cdna.pcpartpicker.com/static/forever/images/product/56ff1cb23ce7d50d707735606e81924e.256p.jpg,4000 W,5000 VA,0
APC SUA500PDRI-H,,https://cdna.pcpartpicker.com/static/forever/images/product/68d144cdeb4b42ab4b7eda518a76079e.256p.jpg,325 W,500 VA,0
APC SUA500PDRI-S,,https://cdna.pcpartpicker.com/static/forever/images/product/5c02ab59ce7cebfe4395129c16210cb1.256p.jpg,325 W,500 VA,0
APC SUA750IX38,294,https://cdna.pcpartpicker.com/static/forever/images/product/e8c5c54e9329c22f07c633e183a00102.256p.jpg,500 W,750 VA,0
APC SUA750R2IX38,,,480 W,750 VA,0
APC SUA750R2X338,,https://cdna.pcpartpicker.com/static/forever/images/product/e7c761f1054657269b545cc50fea032f.256p.jpg,480 W,750 VA,0
APC SUA750RMI2U,,,480 W,750 VA,0
APC SUA750RMJ1UB,,https://cdna.pcpartpicker.com/static/forever/images/product/428e8f5328feca133a110e252b4bec64.256p.jpg,480 W,750 VA,0
APC SUA750XLI,,,600 W,750 VA,0
APC SUM1500RMXL2U,,https://cdna.pcpartpicker.com/static/forever/images/product/9682229e2ffa82989c741c82020df819.256p.jpg,1425 W,1440 VA,0
APC SUOL2000XLI,,,1400 W,2000 VA,0
APC SURT1000RMXLI,,https://cdna.pcpartpicker.com/static/forever/images/product/f0b7c7577bde6d72a8f1bc9e84772736.256p.jpg,700 W,1000 VA,0
APC SURT1000XLI,,https://cdna.pcpartpicker.com/static/forever/images/product/aaa0511a3c7f7bd6dc5f986712135124.256p.jpg,700 W,1000 VA,0
APC SURT2000XLI,,,1400 W,2000 VA,0
APC SURT6000RMXLT3U,,https://cdna.pcpartpicker.com/static/forever/images/product/1e5ab021540e109716e02a71b159653b.256p.jpg,4200 W,6000 VA,0
APC SURT6000XLT,,,4200 W,6000 VA,0
APC SURTA1000RMXL2U,,,800 W,1000 VA,0
APC SURTA1000XL,,,800 W,1000 VA,0
APC SURTA1500XL,,,1050 W,1500 VA,0
APC SURTA2200RMXL2U,,,1750 W,2200 VA,0
APC SURTA2200XL,,,1750 W,2200 VA,0
APC SURTA3000RMXL,,https://cdna.pcpartpicker.com/static/forever/images/product/9a9a5a1f054a389a3b9547a667909343.256p.jpg,2100 W,3000 VA,0
APC SURTA3000RMXL3U,,,2100 W,3000 VA,0
APC SURTD3000RMXLI,,,2100 W,3000 VA,0
APC SURTD3000RMXLT3U,,,2100 W,3000 VA,0
APC SURTD3000XLI,,,2100 W,3000 VA,0
APC SURTD3KRMXL3U-TF5,,https://cdna.pcpartpicker.com/static/forever/images/product/df72817dacedeb089d828354f1ef6397.256p.jpg,2100 W,3000 VA,0
APC SURTD5000RMXLP3U,,,4000 W,5000 VA,0
APC SURTD5000XLI,,,3500 W,5000 VA,0
Tripp Lite AVR650UM,,,325 W,650 VA,0
Tripp Lite AVR700UXRM,,,350 W,700 VA,0
Tripp Lite AVR750U,,https://cdna.pcpartpicker.com/static/forever/images/product/643b31e92d8abd0453e8721afa6da492.256p.jpg,450 W,750 VA,0
Tripp Lite AVR900UTAA,,,480 W,900 VA,0
Tripp Lite AVRX550U,,https://cdna.pcpartpicker.com/static/forever/images/product/14898ba24e48bf7af709399449366d7d.256p.jpg,300 W,550 VA,0
Tripp Lite AVRX750U,,https://cdna.pcpartpicker.com/static/forever/images/product/d1471c5f5fc0913940b7a0eb13feec28.256p.jpg,450 W,750 VA,0
Tripp Lite BC600SINE,,,375 W,600 VA,0
Tripp Lite BCPERS300,,,175 W,300 VA,0
Tripp Lite BCPERS450,,,280 W,450 VA,0
Tripp Lite BCPERSONAL450,,,280 W,450 VA,0
Tripp Lite BCPRO1050,,,705 W,1050 VA,0
Tripp Lite BCPRO1400,,https://cdna.pcpartpicker.com/static/forever/images/product/df7aae56a53b5b5264afa9fe2f8fbd00.256p.jpg,940 W,1400 VA,0
Tripp Lite BCPRO600,,https://cdna.pcpartpicker.com/static/forever/images/product/1fec8dadab8cb6cb6cf25c8d65bdeb65.256p.jpg,345 W,600 VA,0
Tripp Lite ECO550UPS,,https://cdna.pcpartpicker.com/static/forever/images/product/a2c6e92876143c46e207b9a103b9cadc.256p.jpg,300 W,550 VA,0
Tripp Lite ECO550UPSTAA,,,300 W,550 VA,0
Tripp Lite ECO650UPSM,,,325 W,650 VA,0
Tripp Lite ECO750UPS,,https://cdna.pcpartpicker.com/static/forever/images/product/aa9dde7bae4103082d820519203f04d9.256p.jpg,450 W,750 VA,0
Tripp Lite ECO900UPSM,,https://cdna.pcpartpicker.com/static/forever/images/product/4512f0d5d214ed8e1d9d346235983468.256p.jpg,480 W,900 VA,0
Tripp Lite HT850UPS,,,450 W,750 VA,0
Tripp Lite HTRL15UPS,,,900 W,1500 VA,0
Tripp Lite INTERNET350SER,,https://cdna.pcpartpicker.com/static/forever/images/product/e8960c92053cb2d0cc94e3e8e489ae9a.256p.jpg,180 W,350 VA,0
Tripp Lite INTERNET550SER,,https://cdna.pcpartpicker.com/static/forever/images/product/d724da8e74527a0b5033dd15db5201d2.256p.jpg,300 W,550 VA,0
Tripp Lite INTERNETOFFICE300,,https://cdna.pcpartpicker.com/static/forever/images/product/d499fe8fa234b112f1fcbe5a68fd8cb3.256p.jpg,150 W,300 VA,0
Tripp Lite INTERNETOFFICE500,,,280 W,500 VA,0
Tripp Lite INTERNETOFFICE700,,,425 W,700 VA,0
Tripp Lite INTRNT OFFC700R,,,425 W,700 VA,0
Tripp Lite OMNI500ISO,,,300 W,500 VA,0
Tripp Lite OMNI700LCD,,,420 W,700 VA,0
Tripp Lite OMNISMART1400,,,940 W,1400 VA,0
Tripp Lite OMNISMART1400PNP,,,940 W,1400 VA,0
Tripp Lite OMNISMART500,,https://cdna.pcpartpicker.com/static/forever/images/product/55bade86c6aafb955dcff4816f0c215b.256p.jpg,300 W,500 VA,0
Tripp Lite OMNISMART700,,,425 W,700 VA,0
Tripp Lite OMNIVS1500,,,940 W,1500 VA,0
Tripp Lite OMNIVS1500XLTAA,,https://cdna.pcpartpicker.com/static/forever/images/product/9d1de5524892219d09f82e3bb9f95a46.256p.jpg,940 W,1500 VA,0
Tripp Lite OMNIVS500U,,https://cdna.pcpartpicker.com/static/forever/images/product/c2303341f583da097eb5071c81b26d65.256p.jpg,300 W,500 VA,0
Tripp Lite OMNIVSINT1000,,https://cdna.pcpartpicker.com/static/forever/images/product/7085783ef8456d32de594f08db701bc3.256p.jpg,500 W,1000 VA,0
Tripp Lite OMNIVSINT800,,https://cdna.pcpartpicker.com/static/forever/images/product/42dbf7e448f4515e9c8ffa7779f65a36.256p.jpg,475 W,800 VA,0
Tripp Lite OMNIX1500XLTAA,,,940 W,1500 VA,0
Tripp Lite OMNIX350HG,,,225 W,350 VA,0
Tripp Lite POS500,,,300 W,500 VA,0
Tripp Lite SM1000RM2UTAA,,https://cdna.pcpartpicker.com/static/forever/images/product/48a1822fd3c7b6c11a705e71b9b1e663.256p.jpg,700 W,1000 VA,0
Tripp Lite SM1050NAFTA,,,705 W,1050 VA,0
Tripp Lite SM2200NAFTA,,,1700 W,2200 VA,0
Tripp Lite SM2200RMNAFTA,,,1600 W,2200 VA,0
Tripp Lite SM3000NAFTA,,,2400 W,3000 VA,0
Tripp Lite SM3000RMNAFTA,,https://cdna.pcpartpicker.com/static/forever/images/product/974aa223ffa9b7c64837aee97acf7009.256p.jpg,2250 W,3000 VA,0
Tripp Lite SM500RMNAFTA,,,300 W,500 VA,0
Tripp Lite SMART1000LCDTAA,,,500 W,1000 VA,0
Tripp Lite SMART1000RM2U,,https://cdna.pcpartpicker.com/static/forever/images/product/1983f046df565504f8b7b51b916270ec.256p.jpg,800 W,1000 VA,0
Tripp Lite SMART1000RMXL2U,,https://cdna.pcpartpicker.com/static/forever/images/product/83090d649a8a67d12c64b8a01518d55f.256p.jpg,900 W,1000 VA,0
Tripp Lite SMART1050,,https://cdna.pcpartpicker.com/static/forever/images/product/b1a851ed123da562012e3e3de6412e0b.256p.jpg,705 W,1050 VA,0
Tripp Lite SMART1050SLT,,,670 W,1050 VA,0
Tripp Lite SMART1050SLTAA,,,650 W,1050 VA,0
Tripp Lite SMART1200XLHG,,,750 W,1000 VA,0
Tripp Lite SMART1500,,https://cdna.pcpartpicker.com/static/forever/images/product/6259324e249d466fd5334ee8a8ff9952.256p.jpg,980 W,1500 VA,0
Tripp Lite SMART1500CRMXL,,,1440 W,1500 VA,0
Tripp Lite SMART1500RMXL2UA,,https://cdna.pcpartpicker.com/static/forever/images/product/aa7ac60ce7331fd36286998ee80f7493.256p.jpg,1350 W,1500 VA,0
Tripp Lite SMART1500SLT,,https://cdna.pcpartpicker.com/static/forever/images/product/0ae242ef8cf9ede47aa7186352354a9f.256p.jpg,950 W,1500 VA,0
Tripp Lite SMART1500XL,,,980 W,1500 VA,0
Tripp Lite SMART1500XLTAA,,,980 W,1500 VA,0
Tripp Lite SMART2200,,,1700 W,2200 VA,0
Tripp Lite SMART2200CRMXL,,https://cdna.pcpartpicker.com/static/forever/images/product/b1ff682bc53beecb140ebfe326f5ed94.256p.jpg,1900 W,2200 VA,0
Tripp Lite TE1200,,,940 W,1200 VA,0
Tripp Lite TE600,,,425 W,600 VA,0
Tripp Lite SMART2200RMXLN,,https://cdna.pcpartpicker.com/static/forever/images/product/b8e6ddff13692fb88d48e694679409d9.256p.jpg,1920 W,2200 VA,0
Tripp Lite SMART2200SLT,,https://cdna.pcpartpicker.com/static/forever/images/product/e61ab333a80c037203b4e4f97d32bdc8.256p.jpg,1600 W,2200 VA,0
Tripp Lite SMART2200SLTAA,,,1600 W,2200 VA,0
Tripp Lite SMART2200VSXL,,,1600 W,2200 VA,0
Tripp Lite SMART2500XLHG,,https://cdna.pcpartpicker.com/static/forever/images/product/3262ed0ee3b9c0661ab48ab4757b4284.256p.jpg,1920 W,2200 VA,0
Tripp Lite SMART2600RM2U,,https://cdna.pcpartpicker.com/static/forever/images/product/0602ecb08ae3edea70a9c3768b29307d.256p.jpg,1920 W,2600 VA,0
Tripp Lite SMART3000CRMXL,,,2880 W,3000 VA,0
Tripp Lite SU2200RTXL2UA,,,1600 W,2200 VA,0
Tripp Lite SU2200RTXL2UN,,,1600 W,2200 VA,0
Tripp Lite SU2200RTXLCD2U,,https://cdna.pcpartpicker.com/static/forever/images/product/c70883953bb962ec616a2854b8606753.256p.jpg,1800 W,2200 VA,0
Tripp Lite SU2200XL,,https://cdna.pcpartpicker.com/static/forever/images/product/90571df0bcc1917b0c79f7fc02dd6bbc.256p.jpg,1600 W,2200 VA,0
Tripp Lite SU2200XLA,,https://cdna.pcpartpicker.com/static/forever/images/product/684932828583298403fb5e92e9519c72.256p.jpg,1600 W,2200 VA,0
Tripp Lite SU3000RTXL2U,,,2500 W,3000 VA,0
Tripp Lite SU3000RTXL3U,,,2400 W,3000 VA,0
Tripp Lite SU3000RTXL3UHV,,https://cdna.pcpartpicker.com/static/forever/images/product/f6ca287b9681801f64c4915efbb3f014.256p.jpg,2400 W,3000 VA,0
Tripp Lite SU3000RTXL3UN,,https://cdna.pcpartpicker.com/static/forever/images/product/f074d4998f1a77175d52e67bf526a5e1.256p.jpg,2400 W,3000 VA,0
Tripp Lite SU3000RTXLCD3U,,,2700 W,3000 VA,0
Tripp Lite SU3000RTXR3U,,,2400 W,3000 VA,0
Tripp Lite SU3000XL,,,2400 W,3000 VA,0
Tripp Lite SU5000RT3U,,,3500 W,5000 VA,0
Tripp Lite SU5000RT3UHV,,,3500 W,5000 VA,0
Tripp Lite SU5000RT4U,,https://cdna.pcpartpicker.com/static/forever/images/product/64eecc756706d53e09c7b9869647067a.256p.jpg,3800 W,5000 VA,0
Tripp Lite SU6000RT3UHV,,https://cdna.pcpartpicker.com/static/forever/images/product/bceff33baf692e0c48e9a1eb79f12fff.256p.jpg,4200 W,6000 VA,0
Tripp Lite SU6000RT3UHVXL,,,4200 W,6000 VA,0
Tripp Lite SU6000RT4U,,,4200 W,6000 VA,0
Tripp Lite SU6000RT4UHVHW,,https://cdna.pcpartpicker.com/static/forever/images/product/100454063d1f2f545ee47a76bab73ae4.256p.jpg,5400 W,6000 VA,0
Tripp Lite SU6000RT4UTF,,,5400 W,6000 VA,0
Tripp Lite SU6000RT4UTFHW,,https://cdna.pcpartpicker.com/static/forever/images/product/0d62bc552b444afb1eefbb4cc923bdf8.256p.jpg,5400 W,6000 VA,0
Tripp Lite SU750RTXL2U,,,600 W,750 VA,0
Tripp Lite SU750XL,,,600 W,750 VA,0
Tripp Lite SU8000RT3U,,https://cdna.pcpartpicker.com/static/forever/images/product/b7fc192e8f5cd1961ce85f6d29a58a1d.256p.jpg,6400 W,8000 VA,0
Tripp Lite SU8000RT3UG,,,6400 W,8000 VA,0
Tripp Lite SU8000RT4U,,,5600 W,8000 VA,0
Tripp Lite SUINT1000RTXL2UA,,,800 W,1000 VA,0
Tripp Lite SUINT1500RTXL2UA,,,1200 W,1500 VA,0
Tripp Lite SUINT2000XL,,,1400 W,2000 VA,0
Tripp Lite SUINT2200RTXL2UA,,https://cdna.pcpartpicker.com/static/forever/images/product/404bae7bc6834a82ce73879b0d97fa90.256p.jpg,1600 W,2200 VA,0
Tripp Lite SUINT3000RTXL2U,,,2500 W,3000 VA,0
Tripp Lite SUINT3000RTXL3U,,,2400 W,3000 VA,0
Tripp Lite SU1500RMNAFTA,,,1200 W,1500 VA,0
Tripp Lite SU1500RTXL2U,,,1200 W,1500 VA,0
Tripp Lite SU1500RTXL2UN,,,1200 W,1500 VA,0
Tripp Lite SU1500RTXLCD2U,,https://cdna.pcpartpicker.com/static/forever/images/product/145f6a83caf2e860ac3bd1c1a3ff9200.256p.jpg,1350 W,1500 VA,0
Tripp Lite SU1500XL,,,1200 W,1500 VA,0
Tripp Lite SMX5000XLRT3U,,https://cdna.pcpartpicker.com/static/forever/images/product/2243c13ff34f524ecb64c3208d145033.256p.jpg,3750 W,5000 VA,0
Tripp Lite SMX500RT1U,,,300 W,500 VA,0
Tripp Lite SMX750SLT,,https://cdna.pcpartpicker.com/static/forever/images/product/765bc93c27f861084b352dda3edd3976.256p.jpg,500 W,750 VA,0
Tripp Lite SU1000RTXL2UA,,,800 W,1000 VA,0
Tripp Lite SU12000RT4UHW,,,8400 W,12000 VA,0
Tripp Lite SMART750,,,450 W,750 VA,0
Tripp Lite SMART750RMXL2U,,https://cdna.pcpartpicker.com/static/forever/images/product/bd4a3c8e2a323c4f7857a2ae1cf3fb7b.256p.jpg,600 W,750 VA,0
Tripp Lite SMART750SLT,,https://cdna.pcpartpicker.com/static/forever/images/product/3abd1314b3a6fdffe1df93a557ef039b.256p.jpg,500 W,750 VA,0
Tripp Lite SMART750USB,,https://cdna.pcpartpicker.com/static/forever/images/product/82a0ce5bea59fdc9024a14a269cc52a4.256p.jpg,450 W,750 VA,0
Tripp Lite SMART750USBTAA,,,450 W,750 VA,0
Tripp Lite SMART750XL,,,450 W,750 VA,0
Tripp Lite SMART750XLA,,,500 W,750 VA,0
Tripp Lite SMARTINT3000VS,,,2250 W,3000 VA,0
Tripp Lite SMX1000RT2U,,https://cdna.pcpartpicker.com/static/forever/images/product/81e83b381ce4e34e57d6fc0fc4298788.256p.jpg,700 W,1000 VA,0
Tripp Lite SMX1050SLT,,,650 W,1050 VA,0
Tripp Lite SMX1200XLHG,,https://cdna.pcpartpicker.com/static/forever/images/product/58b1074c3b048041351ba816f9c0c1c6.256p.jpg,750 W,1000 VA,0
Tripp Lite SMX1500LCD,,,900 W,1500 VA,0
Tripp Lite SMX1500SLT,,,900 W,1500 VA,0
Tripp Lite SMX1500XLRT2U,,,1350 W,1500 VA,0
Tripp Lite SMX2200RT2UTAA,,,1600 W,2200 VA,0
Tripp Lite SMX2200XLRT2U,,,1920 W,2200 VA,0
Tripp Lite SMX3000RT2UTAA,,,2250 W,3000 VA,0
Tripp Lite SMART550USB,,,300 W,550 VA,0
Tripp Lite SMART550USBTAA,,,300 W,550 VA,0
Tripp Lite SMART700,,,450 W,700 VA,0
Tripp Lite SMART700DVA,,https://cdna.pcpartpicker.com/static/forever/images/product/1d4e721407c3b5f5d52f6520b926bc5e.256p.jpg,450 W,700 VA,0
Tripp Lite ECO650LCD,,https://cdna.pcpartpicker.com/static/forever/images/product/d63595e9e8616b76560e581ac210fc7a.256p.jpg,325 W,650 VA,0
Tripp Lite OMNI1000ISO,,,700 W,1000 VA,0
Tripp Lite SMART3000RMOD2U,,,2880 W,3000 VA,0
Tripp Lite SMART3000SLT,,,2250 W,3000 VA,0
Tripp Lite SMART3000VS,,,2250 W,3000 VA,0
Tripp Lite SMART3000VSTAA,,,2250 W,3000 VA,0
Tripp Lite OMNI750ISO,,https://cdna.pcpartpicker.com/static/forever/images/product/07aba06bb3a33adc5589f098cd4b2e80.256p.jpg,500 W,750 VA,0
Tripp Lite OMNISMARTINT500PNP,,,300 W,500 VA,0
Tripp Lite SMART1050NET,,https://cdna.pcpartpicker.com/static/forever/images/product/b1a851ed123da562012e3e3de6412e0b.256p.jpg,705 W,1050 VA,0
Tripp Lite SMART5000RT3UXR,,,4000 W,5000 VA,0
Tripp Lite SMARTINT1400RM,,https://cdna.pcpartpicker.com/static/forever/images/product/c74e85251705f3d8cb4040b3140f46de.256p.jpg,940 W,1400 VA,0
Tripp Lite SMX1000LCD,,,500 W,1000 VA,0
APC BK500,,,300 W,500 VA,0
APC BR1500I,,,865 W,1500 VA,0
APC DLRT8000RMXLI6U,,https://cdna.pcpartpicker.com/static/forever/images/product/80d778a2740108c254af6c41c0e5c2a7.256p.jpg,6400 W,8000 VA,0
APC SU2200R3X167,,,1980 W,2200 VA,0
APC SU700X167,,https://cdna.pcpartpicker.com/static/forever/images/product/41260f33ba9ea9ede31b825fb1074030.256p.jpg,450 W,700 VA,0
APC SUA1000,,,670 W,1000 VA,0
APC SUA1000RM1U,,,640 W,1000 VA,0
APC SUA1000RM2U,,,670 W,1000 VA,0
APC SUA1000US,,https://cdna.pcpartpicker.com/static/forever/images/product/2f280482368b5896bf9f89bc7ac307f4.256p.jpg,670 W,1000 VA,0
APC SUA1000XL,,,800 W,1000 VA,0
APC SUA1500-RF,,https://cdna.pcpartpicker.com/static/forever/images/product/2df5591c323bc2c60882534a318994e9.256p.jpg,980 W,1440 VA,0
APC SUA1500RM2U,,,980 W,1440 VA,0
APC SUA1500X93,,https://cdna.pcpartpicker.com/static/forever/images/product/87b43167f9eccab77c29881770d2f1cc.256p.jpg,980 W,1440 VA,0
APC SUA2200X115,,,1980 W,2200 VA,0
APC SUA3000RMXLI3U,,https://cdna.pcpartpicker.com/static/forever/images/product/d146d3b67474670d3e8a45086e4ac71e.256p.jpg,2700 W,3000 VA,0
APC SUA750RM1U,,https://cdna.pcpartpicker.com/static/forever/images/product/17fc15172c6810b68e9bbbc33046c6cf.256p.jpg,480 W,750 VA,0
APC SUA750RMI1U,,https://cdna.pcpartpicker.com/static/forever/images/product/f4858eba73f984e314ea93f7ee556781.256p.jpg,480 W,750 VA,0
CyberPower BRG1350AVRLCD,,,810 W,1350 VA,0
CyberPower BRG1500AVRLCD,,,900 W,1500 VA,0
CyberPower BRG1500AVRLCDTAA,,https://cdna.pcpartpicker.com/static/forever/images/product/5d173423f71d08250c7a88b756e02379.256p.jpg,900 W,1500 VA,5
CyberPower BRG850AVRLCD,,https://cdna.pcpartpicker.com/static/forever/images/product/86a612872b7cdb2d4fef053a43993cce.256p.jpg,510 W,850 VA,0
CyberPower CP350SLG,,https://cdna.pcpartpicker.com/static/forever/images/product/ba9cb8072b80a291550d06049f3d43cc.256p.jpg,255 W,350 VA,0
CyberPower CP425SLG,,,255 W,425 VA,0
CyberPower CP550SL,,,330 W,550 VA,5
CyberPower CP550SLGTAA,,https://cdna.pcpartpicker.com/static/forever/images/product/f00f50917c9d8e0b64f4192ac76d41a3.256p.jpg,330 W,550 VA,0
CyberPower CP600LCD,,https://cdna.pcpartpicker.com/static/forever/images/product/e1e97e34a86b62c6085893fd50318320.256p.jpg,340 W,600 VA,0
CyberPower CP750LCDTAA,,,420 W,750 VA,0
CyberPower CP825LCD,,https://cdna.pcpartpicker.com/static/forever/images/product/730070f52fb23bd9551d532a37667fdf.256p.jpg,450 W,825 VA,0
CyberPower CS24C12V2-E,,,24 W,,0
CyberPower EC350G,,https://cdna.pcpartpicker.com/static/forever/images/product/f772e71966429b90c0f180db89114409.256p.jpg,255 W,350 VA,0
CyberPower OL3000RMXL2U,,https://cdna.pcpartpicker.com/static/forever/images/product/cda7c2f72776945515a7d990cfc58044.256p.jpg,2100 W,3000 VA,0
CyberPower OL6000RT3U,,,5400 W,6000 VA,0
CyberPower OL8000RT3U,,,7200 W,8000 VA,0
CyberPower OR1000LCDRM1U,,,600 W,1000 VA,0
CyberPower OR1500LCDRM1U,,,900 W,1500 VA,0
CyberPower OR2200PFCRT2Ua,,,1300 W,2200 VA,0
CyberPower PP800SW,,,550 W,800 VA,0
CyberPower PR1000LCDRT2U,,https://cdna.pcpartpicker.com/static/forever/images/product/af6c76950783e05a3f57387af1102029.256p.jpg,700 W,1000 VA,0
CyberPower PR1000LCDRT2UTAA,,https://cdna.pcpartpicker.com/static/forever/images/product/1f7e2340fe860010ee62e429513003e4.256p.jpg,700 W,1000 VA,0
CyberPower PR1000LCDRTXL2U,,https://cdna.pcpartpicker.com/static/forever/images/product/ffe5f6cfb67da770c592eefc8d71c8df.256p.jpg,900 W,1000 VA,0
CyberPower PR1000LCDRTXL2UA,,,750 W,1000 VA,0
CyberPower PR1000LCDTAA,,https://cdna.pcpartpicker.com/static/forever/images/product/4a1a54a365a6c729442c5c588aecf83b.256p.jpg,700 W,1000 VA,0
CyberPower PR1500LCDRT2UTAA,,https://cdna.pcpartpicker.com/static/forever/images/product/a70f523f00205057b4dcb658b7245de3.256p.jpg,1000 W,1500 VA,0
CyberPower PR1500LCDRTXL2U,,,1350 W,1500 VA,0
CyberPower PR1500LCDRTXL2Ua,,,1350 W,1500 VA,0
CyberPower PR1500LCDRTXL2UTAA,,https://cdna.pcpartpicker.com/static/forever/images/product/ff473de3268dab329c0f08cc94bc5c8e.256p.jpg,1125 W,1500 VA,0
CyberPower PR1500SWRM2U,,https://cdna.pcpartpicker.com/static/forever/images/product/13c29caecd86b4a9017190c25a115ba8.256p.jpg,1000 W,1500 VA,0
CyberPower PR2200LCDRT2UTAA,,,1600 W,2170 VA,0
CyberPower PR2200LCDRTXL2UTAA,,,1650 W,2150 VA,0
CyberPower PR3000LCDRT2UTAA,,,2250 W,3000 VA,0
CyberPower PR3000LCDRTXL2UTAA,,https://cdna.pcpartpicker.com/static/forever/images/product/769c49a27197b63ec1ea4d2713a357dd.256p.jpg,2400 W,3000 VA,0
CyberPower PR500LCDRT1U,,https://cdna.pcpartpicker.com/static/forever/images/product/fdde177a523a3ba9893c58cb2c1c3a08.256p.jpg,400 W,500 VA,0
CyberPower PR6000LCDRTXL5U,,,4500 W,6000 VA,0
CyberPower PR750LCDRM1U,,https://cdna.pcpartpicker.com/static/forever/images/product/2c8b8627d27534869ccde514d2607e34.256p.jpg,560 W,750 VA,0
CyberPower PR750LCDRT1U,,https://cdna.pcpartpicker.com/static/forever/images/product/7a95087a2cba0a7ed27bbd96447c44d0.256p.jpg,600 W,700 VA,0
CyberPower PR750LCDRTXL2U,,,675 W,750 VA,0
CyberPower PR750LCDTAA,,,525 W,750 VA,0
CyberPower SE425G,,,255 W,425 VA,0
Tripp Lite SMART500RT1U,,https://cdna.pcpartpicker.com/static/forever/images/product/ce669d89fd3c0d4b14cf67049008a3e8.256p.jpg,300 W,500 VA,0
Belkin F6C500-UNV,,,275 W,500 VA,0
Belkin F6H650-SER,,,360 W,650 VA,0
Fellowes 99066,,https://cdna.pcpartpicker.com/static/forever/images/product/64cc9057a2fc3e14839d85a50f34b88c.256p.jpg,,500 VA,0
Fellowes 99067,,https://cdna.pcpartpicker.com/static/forever/images/product/2f5085eabe0d9d7190195f694a9a073c.256p.jpg,,600 VA,0
Fujitsu S26113-E400-L1,,,980 W,1500 VA,0
HP AF418A,,,1000 W,1500 VA,0
HP AF446A,,,500 W,750 VA,0
HP AF447A,,https://cdna.pcpartpicker.com/static/forever/images/product/fb481a0846eb1736909c55c4718ed952.256p.jpg,500 W,750 VA,0
HP AF448A,,,670 W,1000 VA,0
HP AF449A,,,670 W,1000 VA,0
HP AF450A,,,950 W,1400 VA,0
HP AF451A,,https://cdna.pcpartpicker.com/static/forever/images/product/29f0afa3c5090faae156fc83c33ec0b2.256p.jpg,950 W,1400 VA,0
HP AF460A,,https://cdna.pcpartpicker.com/static/forever/images/product/d1625e9424df4d6f3b6c8fb0be291ce5.256p.jpg,4500 W,5000 VA,0
HP AF461A,,https://cdna.pcpartpicker.com/static/forever/images/product/cdf43dd9c8b03013a3bab1b89db0a03b.256p.jpg,4500 W,5000 VA,0
HP AF463A,,,6300 W,6300 VA,0
HP AF466A,,,2700 W,2880 VA,0
HP AF467A,,,3000 W,3300 VA,0
HP AF468A,,https://cdna.pcpartpicker.com/static/forever/images/product/6b545bd251c7d93ffdb2a95ee0720e1b.256p.jpg,3000 W,3300 VA,0
HP AF469A,,,1000 W,1500 VA,0
HP AF471A,,https://cdna.pcpartpicker.com/static/forever/images/product/f62c9c6d440a4cc1843a5381badd1971.256p.jpg,1000 W,1500 VA,0
IBM 2130R6X,,https://cdna.pcpartpicker.com/static/forever/images/product/6d2df8d5e0a9d40fbe4f108f93d8b302.256p.jpg,1050 W,1500 VA,0
IBM 53951KX,,https://cdna.pcpartpicker.com/static/forever/images/product/710ca1a7b964c4ec5b5389ba4790dc6f.256p.jpg,1000 W,1500 VA,0
IBM 53952KX,,https://cdna.pcpartpicker.com/static/forever/images/product/c38ba991e14b3de1b17cbcc7b25ff586.256p.jpg,1920 W,2200 VA,0
IBM 53953KX,,,2700 W,3000 VA,0
Lenovo 33L3478,,https://cdna.pcpartpicker.com/static/forever/images/product/aba47cffcd2dcbbe8186f39d4ae0a32a.256p.jpg,,675 VA,0
APC SU3000RMTX136,,https://cdna.pcpartpicker.com/static/forever/images/product/724931f5fded145a40cd1637262fe539.256p.jpg,2250 W,3000 VA,0
Eaton 66942,,,250 W,500 VA,0
CyberPower BU800E-UK,,,400 W,800 VA,0
CyberPower GX1325U,,https://cdna.pcpartpicker.com/static/forever/images/product/17de712cdc1fbaf38c6b1181caf3e53c.256p.jpg,810 W,1325 VA,0
CyberPower CP1300EPFCLCD,,,780 W,1300 VA,5
APC BN650M1,,https://cdna.pcpartpicker.com/static/forever/images/product/0af230d7bc118fc7259797310a7cfa59.256p.jpg,360 W,650 VA,0
APC BE670M1,,https://cdna.pcpartpicker.com/static/forever/images/product/c2971557a15967f8d4e5f0c7b06c34f7.256p.jpg,360 W,675 VA,0
CyberPower CST1500S,,,900 W,1500 VA,0
APC Back-UPS Pro 1375VA,,https://cdna.pcpartpicker.com/static/forever/images/product/71d1cb028a77e47bcaf83164c016418a.256p.jpg,810 W,1375 VA,0
VERTIV Liebert Power-UPS Lithium,,https://cdna.pcpartpicker.com/static/forever/images/product/3cfe89278a3e427d302f59ebc077a4bb.256p.jpg,240 W,400 VA,0