name,price,image,protocol,interface,color,rating
Gigabyte GC-WBAX210,67.5,https://cdna.pcpartpicker.com/static/forever/images/product/196a734a1ce494985588b4b00f41aecc.256p.jpg,Wi-Fi 6E,PCIe x1,Black / Silver,4.5
TP-Link Archer TBE550E,79.98,https://cdna.pcpartpicker.com/static/forever/images/product/42340a545b632c75680bddc29abd58e6.256p.jpg,Wi-Fi 7,PCIe x1,Black,5
TP-Link ArcherTX20E,27.87,https://cdna.pcpartpicker.com/static/forever/images/product/09a52515da298c2cffe04bd000aabba2.256p.jpg,Wi-Fi 6,PCIe x1,Black,5
TP-Link Archer TX3000E,43.9,https://cdna.pcpartpicker.com/static/forever/images/product/b8816d8a7c895012f7398d6d2a4171f1.256p.jpg,Wi-Fi 6,PCIe x1,Red / Black,4.5
TP-Link Archer TX55E,38.52,Wi-Fi 6,Wi-Fi 6,PCIe x1,,4
MSI HERALD-BE WIFI 7 MAX,49.99,https://cdna.pcpartpicker.com/static/forever/images/product/84b5c7381b2fda537f819fd23177bf79.256p.jpg,Wi-Fi 7,PCIe x1,Black,0
Intel 7260HMWDTX1,155,Wi-Fi 5,Wi-Fi 5,PCIe x1,,0
Intel AX210,26.54,https://cdna.pcpartpicker.com/static/forever/images/product/48b9cdc6e56d482ecf65f0e21a14c756.256p.jpg,Wi-Fi 6E,M.2 PCIe,Green,5
TP-Link ARCHER T2U PLUS,15.47,https://cdna.pcpartpicker.com/static/forever/images/product/7ff171439242e62f10ceb9dcacd893ce.256p.jpg,Wi-Fi 5,USB Type-A 2.0,Black,4
TP-Link Archer TBE400E,42.19,https://cdna.pcpartpicker.com/static/forever/images/product/c2bf9924264da083c2b024ca28cfbd75.256p.jpg,Wi-Fi 7,PCIe x1,Black / Gold,0
TP-Link Archer TXE72E,42.99,https://cdna.pcpartpicker.com/static/forever/images/product/b4d2dd67129e8e7a45e7540bd27f6399.256p.jpg,Wi-Fi 6E,PCIe x1,,5
TP-Link TL-WN725N,21.54,https://cdna.pcpartpicker.com/static/forever/images/product/0e7e6cfea9ab947277a9f9515d1d5289.256p.jpg,Wi-Fi 4,USB Type-A 2.0,,3.5
Asus PCE-BE6500,52.17,https://cdna.pcpartpicker.com/static/forever/images/product/59a9c1e92e41cff44804e747d35f4118.256p.jpg,Wi-Fi 7,PCIe x1,Black,0
Asus PCE-AX1800,29.99,https://cdna.pcpartpicker.com/static/forever/images/product/d65f512559678b0077ac291a71b476d8.256p.jpg,Wi-Fi 6,PCIe x1,Black,0
TP-Link TL-WDN4800,99.79,https://cdna.pcpartpicker.com/static/forever/images/product/e8402a6f44920b194fbc3cbf13da1105.256p.jpg,Wi-Fi 4,PCIe x1,,4.5
TP-Link Archer TX50E,42.86,https://cdna.pcpartpicker.com/static/forever/images/product/251ae9e1af5ac99f81905daeb0795ccb.256p.jpg,Wi-Fi 6,PCIe x1,Black,4.5
Netgear Nighthawk A9000,,https://cdna.pcpartpicker.com/static/forever/images/product/6ac26423c321b8578b1b3beb514ff29c.256p.jpg,Wi-Fi 7,USB Type-A 3.2 Gen 1,Black,0
Asus ROG USB-BE92,59.18,https://cdna.pcpartpicker.com/static/forever/images/product/a74aea35abadaca5977e5a513796ac1c.256p.jpg,Wi-Fi 7,USB Type-A,,0
Asus PCE-AX3000,49.99,https://cdna.pcpartpicker.com/static/forever/images/product/628c0c537992924e97b2fa4e9bef4cdb.256p.jpg,Wi-Fi 6,PCIe x1,Black,4.5
TP-Link ARCHER T2E,30.57,https://cdna.pcpartpicker.com/static/forever/images/product/b372a1ca5ffb58485606184bf05dc3e2.256p.jpg,Wi-Fi 5,PCIe x1,,4
Netgear A6210-100PAS,,Wi-Fi 5,Wi-Fi 5,USB Type-A 3.2 Gen 1,,4.5
EDUP EP-9651,26.95,Wi-Fi 6E,Wi-Fi 6E,PCIe x1,Blue / Black,5
Asus PCE-AXE5400,29.99,https://cdna.pcpartpicker.com/static/forever/images/product/4e3195603b681c263b6eb5247e2a9b38.256p.jpg,Wi-Fi 6E,PCIe x1,Black,3
TP-Link Archer TXE75E,68.96,https://cdna.pcpartpicker.com/static/forever/images/product/21fad96a5cdbb0b4a96e3a67393b481f.256p.jpg,Wi-Fi 6E,PCIe x1,,5
Ziyituod ZYT-AX210S,21.99,Wi-Fi 6E,Wi-Fi 6E,PCIe x1,Red,0
TP-Link Archer T3U Plus,18.47,https://cdna.pcpartpicker.com/static/forever/images/product/3d79e0b2f3cba0686e5e8f53e3a3a8b4.256p.jpg,Wi-Fi 5,USB Type-A 3.2 Gen 1,,4.5
Asus PCE-BE92BT,52.8,https://cdna.pcpartpicker.com/static/forever/images/product/f4026aa2084e83db832d166a0544a5a9.256p.jpg,Wi-Fi 7,PCIe x1,Black,0
MSI AX1800 Nano,,https://cdna.pcpartpicker.com/static/forever/images/product/20b3c3312ad458e17d0dbdd331f4fbfc.256p.jpg,Wi-Fi 6,USB Type-A 2.0,Black,0
Asus USB-BE92 Nano,70.68,https://cdna.pcpartpicker.com/static/forever/images/product/0385b4479288c6b24a31b89c31d58fab.256p.jpg,Wi-Fi 7,USB Type-A,Black,0
TP-Link Archer T4E,21.99,https://cdna.pcpartpicker.com/static/forever/images/product/170f61ce6875685c527d65b1295f1cb6.256p.jpg,Wi-Fi 5,PCIe x1,,4
Asus USB-AX56,171.67,https://cdna.pcpartpicker.com/static/forever/images/product/bf7c3057b6f0c6af69bf33df50e6ecc3.256p.jpg,Wi-Fi 6,USB Type-A 3.2 Gen 1,Black,0
MSI HERALD-BE NCM865 WI-FI 7,49.99,https://cdna.pcpartpicker.com/static/forever/images/product/e19f31e04a3d1714159f6d85308c406b.256p.jpg,Wi-Fi 7,PCIe x1,Black,5
TP-Link Archer TX20U Nano,20.48,https://cdna.pcpartpicker.com/static/forever/images/product/642f7d1bc116df0f15f5d1672467c529.256p.jpg,Wi-Fi 6,USB Type-A 2.0,Black,0
TP-Link Archer TBE552E,59.99,https://cdna.pcpartpicker.com/static/forever/images/product/32c5fe839a38b89d1f3e6ea4e1711443.256p.jpg,Wi-Fi 7,PCIe x1,Black / Gold,0
Gigabyte GC-WB1733D-I,18.8,https://cdna.pcpartpicker.com/static/forever/images/product/49b962a53313e319c00791743ee095c3.256p.jpg,Wi-Fi 5,PCIe x1,Black,4.5
TP-Link TL-WN781ND,15.08,https://cdna.pcpartpicker.com/static/forever/images/product/ad54ffc4a3353fdbe2e584001a68be02.256p.jpg,Wi-Fi 4,PCIe x1,,4
TP-Link Archer TX20U plus,31.99,https://cdna.pcpartpicker.com/static/forever/images/product/b0006d24df03b194774e358066813b45.256p.jpg,Wi-Fi 6,USB Type-A 3.2 Gen 1,,4
Intel Killer AX1675,44.75,https://cdna.pcpartpicker.com/static/forever/images/product/847a4fa4aa2a765369a312af9723598e.256p.jpg,Wi-Fi 6E,PCIe x1,,3.5
TP-Link TL-WN881ND,20,https://cdna.pcpartpicker.com/static/forever/images/product/770244864b514b0eb87468e46b85855f.256p.jpg,Wi-Fi 4,PCIe x1,,4
TP-Link Archer T5E,23.99,https://cdna.pcpartpicker.com/static/forever/images/product/f3a2cc530e89e2756e22eef346e6c581.256p.jpg,Wi-Fi 5,PCIe x1,Black,4
TP-Link Archer T9E,89.99,https://cdna.pcpartpicker.com/static/forever/images/product/117af3f7c8e4a82ed679aa80b976e868.256p.jpg,Wi-Fi 5,PCIe x1,,4.5
Intel AX200,49.95,https://cdna.pcpartpicker.com/static/forever/images/product/ada72c6f4e2035d6561cf57a8da864da.256p.jpg,Wi-Fi 6,M.2,,4.5
Hawking Technology HW12ACU,,https://cdna.pcpartpicker.com/static/forever/images/product/99525d2c94fe1b45be51cfaf8691489f.256p.jpg,Wi-Fi 5,USB Type-A 2.0,Black,0
TP-Link Archer T3U,18.47,https://cdna.pcpartpicker.com/static/forever/images/product/2052662d48ba623012646b7e8b0e2113.256p.jpg,Wi-Fi 5,USB Type-A 3.2 Gen 1,Black,4
Intel AX210 w/vPro,90.32,https://cdna.pcpartpicker.com/static/forever/images/product/48b9cdc6e56d482ecf65f0e21a14c756.256p.jpg,Wi-Fi 6E,M.2 PCIe,Green,0
Asus PCE-AC88,,https://cdna.pcpartpicker.com/static/forever/images/product/0827ae5c0a2779c2ce3c765a78a5dc7b.256p.jpg,Wi-Fi 5,PCIe x1,,4.5
TP-Link Archer T3U Nano,17.48,https://cdna.pcpartpicker.com/static/forever/images/product/3032fab7557adc639a268e0c91db2c75.256p.jpg,Wi-Fi 5,USB Type-A 2.0,Black,0
Cudy WE3000,48.02,https://cdna.pcpartpicker.com/static/forever/images/product/4ad51a96b8cf2cb6997c575224b29c30.256p.jpg,Wi-Fi 6,PCIe x1,,1
StarTech USB150WN1X1,23.68,https://cdna.pcpartpicker.com/static/forever/images/product/6c0ba0dc75acc405e21bcf18ba02c4c4.256p.jpg,Wi-Fi 4,USB Type-A 2.0,,1
Intel AX200.NGWG.NV,28.38,https://cdna.pcpartpicker.com/static/forever/images/product/b6de31d8507c898dcea28c01872fb492.256p.jpg,Wi-Fi 6,M.2,,3
Ziyituod ZYT-AX200,24.99,Wi-Fi 6,Wi-Fi 6,PCIe x1,Green,4
Asus USB-AC53 NANO,19.99,https://cdna.pcpartpicker.com/static/forever/images/product/95690b6a70097b317bed18363488f729.256p.jpg,Wi-Fi 5,USB Type-A 2.0,,5
Asus PCE-AC68,,https://cdna.pcpartpicker.com/static/forever/images/product/1f471cb6b862a05af4eea8aa778c34b6.256p.jpg,Wi-Fi 5,PCIe x1,,4.5
MSI ‎AXE5400,51.52,,Wi-Fi 6E,USB Type-A 3.2 Gen 1,Black,0
Asus PCE-AX58BT,55.99,https://cdna.pcpartpicker.com/static/forever/images/product/bea22fae2901d63a6a9efb80ed5d7098.256p.jpg,Wi-Fi 6,PCIe x1,Black,4
Netgear Nighthawk AXE3000,112.19,https://cdna.pcpartpicker.com/static/forever/images/product/6ffbb3c8e497058607b1edcbb5ca3696.256p.jpg,Wi-Fi 6E,USB Type-A 3.2 Gen 1,Black,4
TP-Link Archer T6E AC1300,86.8,https://cdna.pcpartpicker.com/static/forever/images/product/a1175f03aa1364f265d58329836e436d.256p.jpg,Wi-Fi 5,PCIe x1,,4
Ubit AX210,,Wi-Fi 6E,Wi-Fi 6E,PCIe x1,Black,4
TP-Link Archer T2UB Nano,14.48,https://cdna.pcpartpicker.com/static/forever/images/product/66d51909cfc4587eddf4081d1db26e53.256p.jpg,Wi-Fi 5,USB Type-A 2.0,Black,4
TP-Link Archer TBE400UH,67.01,https://cdna.pcpartpicker.com/static/forever/images/product/b656cf1b403e21e81dd5c005c5a33016.256p.jpg,Wi-Fi 7,USB Type-A 3.2 Gen 1,Black / Silver,0
Asus PCE-AC56,27.98,https://cdna.pcpartpicker.com/static/forever/images/product/5516a559362872e6510cbeab949ededd.256p.jpg,Wi-Fi 5,PCIe x1,,4.5
D-Link DWA-552,135.47,Wi-Fi 4,Wi-Fi 4,PCI,,5
fenvi FV-AX3000,,Wi-Fi 6,Wi-Fi 6,PCIe x1,Red / Black,5
Asus PCE-AXE58BT,172.15,https://cdna.pcpartpicker.com/static/forever/images/product/b21c133c716604811a0c64fd352a06fc.256p.jpg,Wi-Fi 6E,PCIe x1,Black / Gold,5
Gigabyte GC-WBAX200,,https://cdna.pcpartpicker.com/static/forever/images/product/737447f2bbdbf019bdc9232564eaf2cb.256p.jpg,Wi-Fi 6,PCIe x1,Black / Silver,4.5
MSI AX1800,39.99,https://cdna.pcpartpicker.com/static/forever/images/product/3804e470886c82919f41110db6b844d9.256p.jpg,Wi-Fi 6,USB Type-A 3.2 Gen 1,Black,0
MSI BE6500,,https://cdna.pcpartpicker.com/static/forever/images/product/61dcc4c1215b90e0119275dee815de34.256p.jpg,Wi-Fi 7,USB Type-A 3.2 Gen 1,Black,0
TP-Link Archer T8E,79.98,Wi-Fi 5,Wi-Fi 5,PCIe x1,,4
Asus PCE-BE90BT,,https://cdna.pcpartpicker.com/static/forever/images/product/04ff8a550f3d7c51765efd7aa85fa4ba.256p.jpg,Wi-Fi 7,PCIe x1,Black,0
fenvi FV-8802,39.51,Wi-Fi 5,Wi-Fi 5,PCIe x1,Black / Orange,5
Asus PCE-AC55BT B1,,Wi-Fi 5,Wi-Fi 5,PCIe x1,,4.5
TP-Link TL-WN951N,79.98,Wi-Fi 4,Wi-Fi 4,PCI,,4.5
Gigabyte GC-WB867D-I,70.98,Wi-Fi 5,Wi-Fi 5,PCIe x1,,4.5
TP-Link Archer T9UH,129.79,https://cdna.pcpartpicker.com/static/forever/images/product/c60382cae831cca8f42ed8f679f90428.256p.jpg,Wi-Fi 5,USB Type-A 3.2 Gen 1,Black,5
Netgear Nighthawk AC1900 A7000-10000S,59.09,https://cdna.pcpartpicker.com/static/forever/images/product/884612197060a46a34124579e06705a8.256p.jpg,Wi-Fi 5,USB Type-A 3.2 Gen 1,Black,4
TP-Link Archer T2U Nano,11.61,https://cdna.pcpartpicker.com/static/forever/images/product/49177c109205e9fc15cb9772e9475dd2.256p.jpg,Wi-Fi 4,USB Type-A 2.0,Black / Gold,3.5
TP-Link Archer T2U,15.96,https://cdna.pcpartpicker.com/static/forever/images/product/74c28093cf824befbcddbdc6374cd556.256p.jpg,Wi-Fi 5,USB Type-A 2.0,,4
TP-Link Archer T4U Plus,40.74,https://cdna.pcpartpicker.com/static/forever/images/product/389e1b9b1e9780bd927e7963838e3b7f.256p.jpg,Wi-Fi 5,USB Type-A 3.2 Gen 1,,5
Asus PCE-AC51,50.04,https://cdna.pcpartpicker.com/static/forever/images/product/197f9478a19d53d444a85e48e002e2b2.256p.jpg,Wi-Fi 5,PCIe x1,,4
fenvi FV-T919,45.59,Wi-Fi 5,Wi-Fi 5,PCIe x1,Black / Gold,4
BrosTrend AC5,,Wi-Fi 5,Wi-Fi 5,USB Type-A 2.0,Black,5
StarTech PEX300WN2X2,24.99,Wi-Fi 4,Wi-Fi 4,PCIe x1,,4
Asus USB-N53,183.77,https://cdna.pcpartpicker.com/static/forever/images/product/99527590c6286e8615cd377a11ac311b.256p.jpg,Wi-Fi 4,USB Type-A 2.0,,3.5
EDUP EP-9651GS,,Wi-Fi 6E,Wi-Fi 6E,PCIe x1,Black,4.5
TP-Link Archer TXE70UH,53.01,https://cdna.pcpartpicker.com/static/forever/images/product/36ed645c2cb8a39ec58d8cd34e4991ec.256p.jpg,Wi-Fi 6E,USB Type-A 3.2 Gen 1,Black,0
Asus USB-AX55 Nano,25.68,https://cdna.pcpartpicker.com/static/forever/images/product/e8644d9dbff2d41cfbefcc0219e2fd10.256p.jpg,Wi-Fi 6,USB Type-A 2.0,Black,0
Asus PCE-N15,,https://cdna.pcpartpicker.com/static/forever/images/product/7c8a14d019d8abdb71e4497057f66553.256p.jpg,Wi-Fi 4,PCIe x1,,4
MSI AX905C,34.99,https://cdna.pcpartpicker.com/static/forever/images/product/94b48b28c568ff4ce4108ae8e1f9164b.256p.jpg,Wi-Fi 6,PCIe x1,Black,5
Ubit G10H-AX210S,,Wi-Fi 6E,Wi-Fi 6E,PCIe x1,,4
Intel 7260,38.59,https://cdna.pcpartpicker.com/static/forever/images/product/aedc015730951e2c64ebffb39d20f029.256p.jpg,Wi-Fi 5,Mini-PCIe,,5
D-Link DWA-140,39.99,https://cdna.pcpartpicker.com/static/forever/images/product/58a0156fabd2c502d8a4b2f9150f1c10.256p.jpg,Wi-Fi 4,USB Type-A 2.0,,0
TP-Link TL-WN822N,19.99,https://cdna.pcpartpicker.com/static/forever/images/product/97f0f9f5426b007881db5ebb2a341bcf.256p.jpg,Wi-Fi 4,USB Type-A 2.0,,4
Rosewill RNX-AC1200PCE,,Wi-Fi 5,Wi-Fi 5,PCIe x1,,1
TP-Link Archer TX21UH,51.32,https://cdna.pcpartpicker.com/static/forever/images/product/3d86ed97c8b274c3885fd707ea8a035c.256p.jpg,Wi-Fi 6,USB Type-A 3.2 Gen 1,Silver / Black,4
D-Link DWA-582,23.99,https://cdna.pcpartpicker.com/static/forever/images/product/aeca805965decf49402be78b061d511b.256p.jpg,Wi-Fi 5,PCIe x1,,4
EDUP EP-9636GS-BL,28.99,Wi-Fi 6,Wi-Fi 6,PCIe x1,Black,4
TP-Link TL-WN823N,14.18,https://cdna.pcpartpicker.com/static/forever/images/product/49a4630041a0232ece181b7bfb73780d.256p.jpg,Wi-Fi 4,USB Type-A 2.0,,3.5
Asus PCE-AC55BT,,https://cdna.pcpartpicker.com/static/forever/images/product/58d3958230727290b05d049e46fec139.256p.jpg,Wi-Fi 5,PCIe x1,,4
Asus PCE-AC58BT,,https://cdna.pcpartpicker.com/static/forever/images/product/88ddde2b346979b666f59b8c00a39175.256p.jpg,Wi-Fi 5,PCIe x1,Blue,5
StarTech USB150WN1X1W,15.48,https://cdna.pcpartpicker.com/static/forever/images/product/763c47fc590201a379cac7cb5601e1fb.256p.jpg,Wi-Fi 4,USB Type-A 2.0,,0
Rosewill RNX-AC1900PCE,63.29,Wi-Fi 5,Wi-Fi 5,PCIe x1,,4.5
fenvi FV-AXE3000,,Wi-Fi 6,Wi-Fi 6,PCIe x1,Red / Black,0
Intel 6235AN.HMWWB,14,Wi-Fi 4,Wi-Fi 4,Half Mini-PCIe,,0
TP-Link TL-WN722N,22.28,https://cdna.pcpartpicker.com/static/forever/images/product/c4d3e2e8faad92c2b33ff1123e08bbf1.256p.jpg,Wi-Fi 4,USB Type-A 2.0,,4
TP-Link TL-WN851ND,,https://cdna.pcpartpicker.com/static/forever/images/product/bde86bd496c2b0c63706c86e868a2270.256p.jpg,Wi-Fi 4,PCI,,4
Intel 62205ANHMWDTX1,39.9,Wi-Fi 4,Wi-Fi 4,PCIe x1,,4.5
D-Link DWA-130,,Wi-Fi 4,Wi-Fi 4,USB Type-A 2.0,,3.5
Intel 7260HMW,,https://cdna.pcpartpicker.com/static/forever/images/product/876e80979f6a42108e5d47f1cbdbe943.256p.jpg,Wi-Fi 5,Half Mini-PCIe,,5
Gigabyte GC-WB867D-I REV 4.2,,https://cdna.pcpartpicker.com/static/forever/images/product/3c30ae6a39fcf8a6eee3512718b4f1ed.256p.jpg,Wi-Fi 5,PCIe x1,,4.5
Rosewill RNX-AC1200PCEv2,,https://cdna.pcpartpicker.com/static/forever/images/product/2738eafae13a42f0f55e3897f99f99db.256p.jpg,Wi-Fi 5,PCIe x1,Green,5
MSI AC905C,,https://cdna.pcpartpicker.com/static/forever/images/product/da0a5b09a5a46c012f4c9616af42d8b9.256p.jpg,Wi-Fi 5,PCIe x1,Black,4
Asus PCE-AXE59BT,69.99,https://cdna.pcpartpicker.com/static/forever/images/product/705992afdc28d0e3c81f981741bcf26e.256p.jpg,Wi-Fi 6E,PCIe x1,Black,0
Intel 9560.NGWG.NVR,,Wi-Fi 5,Wi-Fi 5,M.2,Silver,0
BrosTrend AC3L Linux Wi-Fi Adapter,35.99,Wi-Fi 5,Wi-Fi 5,USB Type-A 3.2 Gen 1,Black,0
Rosewill RNX-G300LX,,Wi-Fi 3,Wi-Fi 3,PCI,,4
TP-Link TL-WN350GD,,Wi-Fi 3,Wi-Fi 3,PCI,,0
TP-Link TL-WN727N,34.79,Wi-Fi 4,Wi-Fi 4,USB Type-A 2.0,,3.5
3M 78-6972-0104-0,130.59,https://cdna.pcpartpicker.com/static/forever/images/product/8816ba96db361974c2ffd97abae7b54a.med.256p.jpg,Wi-Fi 3,USB Type-A 2.0,,0
StarTech PEX867WAC22,42,Wi-Fi 5,Wi-Fi 5,PCIe x1,,0
Rosewill RNX-AC1900PCEv2,,https://cdna.pcpartpicker.com/static/forever/images/product/13976e660e47bcd26209be0c642d08af.256p.jpg,Wi-Fi 5,PCIe x1,Red / Black,3.5
Netgear A6150-100PAS,50.01,https://cdna.pcpartpicker.com/static/forever/images/product/bf2bbc770e5e6d486041fdbbdd3088f1.256p.jpg,Wi-Fi 5,USB Type-A 2.0,Black,3
Ziyituod ZYT-7265,,Wi-Fi 5,Wi-Fi 5,PCIe x1,Green,5
fenvi FV-AXE210NG,,Wi-Fi 6E,Wi-Fi 6E,M.2,,5
fenvi FV-HB1200,34.95,Wi-Fi 5,Wi-Fi 5,PCIe x1,Black / Blue,4
NEC NP05LM1,,https://cdna.pcpartpicker.com/static/forever/images/product/ed07fed56699894c0959af399fdd75db.256p.jpg,Wi-Fi 4,USB Type-A 2.0,White,0
BrosTrend AC3,29.91,Wi-Fi 5,Wi-Fi 5,USB Type-A 3.2 Gen 1,Black,5
TP-Link Archer T4U,34.49,https://cdna.pcpartpicker.com/static/forever/images/product/4d7895743ff8ccb1f13f382a54cfb113.256p.jpg,Wi-Fi 5,USB Type-A 3.2 Gen 1,,3.5
Asus PCE-AC66,,Wi-Fi 5,Wi-Fi 5,PCIe x1,,4
Rosewill RNX-N150PCx,99.95,Wi-Fi 4,Wi-Fi 4,PCI,,5
Asus PCE-N53,,https://cdna.pcpartpicker.com/static/forever/images/product/aa815700c987a6a0236e1028c3ce1904.256p.jpg,Wi-Fi 4,PCIe x1,,4
Linksys AE1200,19.98,Wi-Fi 4,Wi-Fi 4,USB Type-A 2.0,,4
Edimax EW-7612PIn,42.49,Wi-Fi 4,Wi-Fi 4,PCIe x1,,4
Edimax EW-7822UAC,44.99,Wi-Fi 5,Wi-Fi 5,USB Type-A 3.2 Gen 1,,4
TP-Link Archer T2UH,109.95,https://cdna.pcpartpicker.com/static/forever/images/product/4c3b3c234057699978cc7489ccc1c6b7.256p.jpg,Wi-Fi 5,USB Type-A 2.0,,4
Feb Smart FS-N600 Basic Edition,,Wi-Fi 5,Wi-Fi 5,PCIe x1,,3
Rosewill RNX-AC600NUBv2,,https://cdna.pcpartpicker.com/static/forever/images/product/1acb59d10d6aaf35b26352c5f2b2d397.256p.jpg,Wi-Fi 5,USB Type-A 2.0,Black,5
TP-Link Archer T4U V2,49.9,https://cdna.pcpartpicker.com/static/forever/images/product/acc2d8be4dcddac21a8906a7fc9977e7.256p.jpg,Wi-Fi 5,USB Type-A 3.2 Gen 1,Black,0
D-Link DWA-X3000,,https://cdna.pcpartpicker.com/static/forever/images/product/232092eabaf4ef619d2bd155d2ca211a.256p.jpg,Wi-Fi 6,PCIe x1,Black,0
Rosewill RNX-AC1300PCEv2,23,Wi-Fi 5,Wi-Fi 5,PCIe x1,Black,0
MSI AC905C-V2,,Wi-Fi 5,Wi-Fi 5,PCIe x1,Black,0
Wavlink WL-WN675X2,,Wi-Fi 6,Wi-Fi 6,PCIe x1,Red,5
Netgear A6200-100NAS,48.86,Wi-Fi 5,Wi-Fi 5,USB Type-A 2.0,,3.5
Cisco AIR-PI21AG-A-K9,,https://cdna.pcpartpicker.com/static/forever/images/product/392a24057d30539dc318024e27f31e21.med.256p.jpg,Wi-Fi 3,PCI,,5
Linksys WMP600N,,Wi-Fi 4,Wi-Fi 4,PCI,,3.5
Rosewill RNX-N150PCe,,Wi-Fi 4,Wi-Fi 4,PCIe x1,,4
Rosewill RNX-N300X,29.98,Wi-Fi 4,Wi-Fi 4,PCI,,3.5
TRENDnet TEW-703PIL,,Wi-Fi 4,Wi-Fi 4,PCI,,3
Intel 62205AN.HMWWB,9.99,Wi-Fi 4,Wi-Fi 4,Half Mini-PCIe,,0
Linksys AE2500,40.21,https://cdna.pcpartpicker.com/static/forever/images/product/9f3557c36163eedf7a90a5ab5554aeef.med.256p.jpg,Wi-Fi 4,USB Type-A 2.0,,4
Linksys AE1200-NP,,https://cdna.pcpartpicker.com/static/forever/images/product/f82b9d437177829db7a92dfea74db8b0.med.256p.jpg,Wi-Fi 4,USB Type-A 2.0,,2
Linksys AE3000,39.95,Wi-Fi 4,Wi-Fi 4,USB Type-A 2.0,,4.5
Encore ENEWI-2XN45,,Wi-Fi 4,Wi-Fi 4,PCIe x1,,4
Rosewill N900PCE,,Wi-Fi 4,Wi-Fi 4,PCIe x1,,4.5
TRENDnet TEW-424UB,,Wi-Fi 3,Wi-Fi 3,USB Type-A 2.0,,1
D-Link DWA-121,16.48,https://cdna.pcpartpicker.com/static/forever/images/product/f591f26a5ccf3b89a02b3345db227a89.256p.jpg,Wi-Fi 4,USB Type-A 2.0,,0
D-Link DWA-548,167.41,Wi-Fi 4,Wi-Fi 4,PCIe x1,,3.5
D-Link DWA-566,49.99,Wi-Fi 4,Wi-Fi 4,PCIe x1,,2
Netgear WNA3100-100ENS,,Wi-Fi 4,Wi-Fi 4,USB Type-A 2.0,,4
Netgear WNDA3100-100NAS,,https://cdna.pcpartpicker.com/static/forever/images/product/bffb0525b702e23e9009cf59d4c65516.med.256p.jpg,Wi-Fi 4,USB Type-A 2.0,,4.5
TP-Link TL-WDN3800,,Wi-Fi 4,Wi-Fi 4,PCIe x1,,4.5
TP-Link TL-WN723N,,Wi-Fi 4,Wi-Fi 4,USB Type-A 2.0,,3.5
TP-Link TL-WN751ND,57.99,https://cdna.pcpartpicker.com/static/forever/images/product/8fb6cb116f0cdf1f93b5167b991c0dc0.256p.jpg,Wi-Fi 4,PCI,,3.5
StarTech PCI300WN2X2,,https://cdna.pcpartpicker.com/static/forever/images/product/d42dfe04446d82c95fde33ad07b0f8e0.256p.jpg,Wi-Fi 4,PCI,,0
TP-Link TL-WN7200ND,,Wi-Fi 4,Wi-Fi 4,USB Type-A 2.0,,5
D-Link DWA-171,36,https://cdna.pcpartpicker.com/static/forever/images/product/85c2a58e004600dd6eb106009044b43b.256p.jpg,Wi-Fi 5,USB Type-A 2.0,,4
D-Link DWA-525,,https://cdna.pcpartpicker.com/static/forever/images/product/4271547010b62c87c32fb85a1795ba87.256p.jpg,Wi-Fi 4,PCI,,3
Linksys WUSB6300,38.99,https://cdna.pcpartpicker.com/static/forever/images/product/c258c05435fa7780178b93654e207376.med.256p.jpg,Wi-Fi 5,USB Type-A 3.2 Gen 1,,3.5
Rosewill RNX-G300EX,,Wi-Fi 3,Wi-Fi 3,PCI,,0
Asus USB-AC51,,https://cdna.pcpartpicker.com/static/forever/images/product/51f3081863e85348fdd81becdeb3ea64.256p.jpg,Wi-Fi 5,USB Type-A 2.0,,0
Intel 6235ANHMW,25,Wi-Fi 4,Wi-Fi 4,Mini-PCIe,,0
Hawking Technology HW7ACU,,Wi-Fi 5,Wi-Fi 5,USB Type-A 2.0,,0
IOGEAR GWU735,,Wi-Fi 5,Wi-Fi 5,USB Type-A 3.2 Gen 1,,5
StarTech USB300WN2X2C,21.13,https://cdna.pcpartpicker.com/static/forever/images/product/246accd905399043e613daaf207dc166.256p.jpg,Wi-Fi 4,USB Type-A 2.0,,0
Edimax EW-7811UAC,32.99,https://cdna.pcpartpicker.com/static/forever/images/product/228f820c33da0154d3496f9dd58af9ed.256p.jpg,Wi-Fi 5,USB Type-A 2.0,,0
Asus USB-AC68,,https://cdna.pcpartpicker.com/static/forever/images/product/48b91e932a59f876865282b28db2b04d.256p.jpg,Wi-Fi 5,USB Type-A 3.2 Gen 1,,5
Rosewill RNX-N600PCE_v2.0,,Wi-Fi 4,Wi-Fi 4,PCIe x1,,0
Rosewill RNX-N150NUB,,https://cdna.pcpartpicker.com/static/forever/images/product/5a619bd2897191c72fbcaf2b1051610a.256p.jpg,Wi-Fi 4,USB Type-A 2.0,,0
TRENDnet TEW-808UBM,,https://cdna.pcpartpicker.com/static/forever/images/product/d85b2bc55023b0f0d204f325321c6da4.256p.jpg,Wi-Fi 5,USB Type-A 2.0,Black,0
HP 9260,,https://cdna.pcpartpicker.com/static/forever/images/product/342a9eb06fa28c9828ef2a568266f52e.256p.jpg,Wi-Fi 5,PCIe x1,Green / Black,0
Intel 8265.NGWMG.DTX1,,https://cdna.pcpartpicker.com/static/forever/images/product/bf22dcce7a74f1ec68c83782e67f2ff2.256p.jpg,Wi-Fi 5,M.2,,0
fenvi Wi-Fi 7 FV-BE8800,,Wi-Fi 7,Wi-Fi 7,PCIe x1,Red / Black,0
Intel 8265.NGWMG.S,29.44,Wi-Fi 5,Wi-Fi 5,M.2,Green,0
D-Link DWA-X1850,,https://cdna.pcpartpicker.com/static/forever/images/product/df4aabe92dcc590b0015209e886de62a.256p.jpg,Wi-Fi 6,USB Type-A 3.2 Gen 1,,4
SIIG LB-WR0111-S1,45.99,Wi-Fi 6,Wi-Fi 6,PCIe x1,Black,0
SIIG LB-WR0011-S1,39.51,Wi-Fi 5,Wi-Fi 5,PCIe x1,Black,0
Rosewill RNX-N250PCe,16.21,Wi-Fi 4,Wi-Fi 4,PCIe x1,,4
TRENDnet TEW-664UB,49.99,Wi-Fi 4,Wi-Fi 4,USB Type-A 2.0,,0
D-Link DWA-162,13.99,Wi-Fi 4,Wi-Fi 4,USB Type-A 2.0,,0
Edimax EW-7811UTC,18.05,Wi-Fi 5,Wi-Fi 5,USB Type-A 2.0,,3.5
BrosTrend AC1,24.48,Wi-Fi 5,Wi-Fi 5,USB Type-A 3.2 Gen 1,Black,0
Asus PCE-N10,12,https://cdna.pcpartpicker.com/static/forever/images/product/235eea0857764c21789d9d847d69d906.256p.jpg,Wi-Fi 4,PCIe x1,,3.5
Asus USB-N10,14.99,Wi-Fi 4,Wi-Fi 4,USB Type-A 2.0,,4
Belkin F7D2102,49.99,Wi-Fi 4,Wi-Fi 4,USB Type-A 2.0,,0
Belkin B2N002,61.34,Wi-Fi 4,Wi-Fi 4,USB Type-A 2.0,,0
Asus USB-N13,,Wi-Fi 4,Wi-Fi 4,USB Type-A 2.0,,4
Encore ENEWI-1XN42,,Wi-Fi 4,Wi-Fi 4,PCIe x1,,2.5
Encore ENUWI-G2,,Wi-Fi 3,Wi-Fi 3,USB Type-A 2.0,,3
HP FH971AA,,Wi-Fi 4,Wi-Fi 4,PCIe x1,,0
IOGEAR GWU625,,Wi-Fi 4,Wi-Fi 4,USB Type-A 2.0,,4
Intel 2200BNHMWDTX1G,,Wi-Fi 4,Wi-Fi 4,PCIe x1,,0
Intel 633AN.HMWWB,,Wi-Fi 4,Wi-Fi 4,Half Mini-PCIe,,0
Rosewill RNX-MiniN2(RWLD-11002),,Wi-Fi 4,Wi-Fi 4,USB Type-A 2.0,,0
Rosewill RNX-N150UBE,,Wi-Fi 4,Wi-Fi 4,USB Type-A 2.0,,4
Rosewill RNX-N180UB,,Wi-Fi 4,Wi-Fi 4,USB Type-A 2.0,,5
Rosewill RNX-N180UBE,,https://cdna.pcpartpicker.com/static/forever/images/product/35f3269902d87ecab0bae727d2022d79.256p.jpg,Wi-Fi 4,USB Type-A 2.0,,4
Rosewill RNX-N250UBE,,Wi-Fi 4,Wi-Fi 4,USB Type-A 2.0,,4
StarTech USB300WN2X2D,,Wi-Fi 4,Wi-Fi 4,USB Type-A 2.0,,0
Syba CL-ADA23032,,Wi-Fi 4,Wi-Fi 4,USB Type-A 2.0,,0
Syba CL-ADA24004,,Wi-Fi 4,Wi-Fi 4,USB Type-A 2.0,,0
Syba SY-ADA23026,,Wi-Fi 4,Wi-Fi 4,USB Type-A 2.0,,0
TRENDnet TEW-648UB,,https://cdna.pcpartpicker.com/static/forever/images/product/defc7fc45e294e75f3e47d4d86329e49.256p.jpg,Wi-Fi 4,USB Type-A 2.0,,0
TRENDnet TEW-648UBM,,Wi-Fi 4,Wi-Fi 4,USB Type-A 2.0,,4
TRENDnet TEW-646UBH,,Wi-Fi 4,Wi-Fi 4,USB Type-A 2.0,,0
TRENDnet TEW-703PI,,Wi-Fi 4,Wi-Fi 4,PCI,,0
Rosewill N900UBE,,Wi-Fi 4,Wi-Fi 4,USB Type-A 2.0,,0
Asus USB-N66,,Wi-Fi 4,Wi-Fi 4,USB Type-A 2.0,,5
Rosewill RNWD-N1501UB,,Wi-Fi 4,Wi-Fi 4,USB Type-A 2.0,,4
Linksys AE3000-NP,,https://cdna.pcpartpicker.com/static/forever/images/product/2834458d90be63235c581b8dcdac14c2.med.256p.jpg,Wi-Fi 4,USB Type-A 2.0,,4.5
Rosewill RNX-N250PC2,,Wi-Fi 4,Wi-Fi 4,PCI,,4
Rosewill RNX-N150HG,,Wi-Fi 4,Wi-Fi 4,USB Type-A 2.0,,5
Linksys AE2500-NP,,Wi-Fi 4,Wi-Fi 4,USB Type-A 2.0,,4
Rosewill RNWD-N1502UBE,,Wi-Fi 4,Wi-Fi 4,USB Type-A 2.0,,0
Belkin E9L1500,,Wi-Fi 4,Wi-Fi 4,USB Type-A 2.0,,4
Belkin E9L3000,,Wi-Fi 4,Wi-Fi 4,USB Type-A 2.0,,4.5
Belkin E9L6000,,Wi-Fi 4,Wi-Fi 4,USB Type-A 2.0,,4.5
Belkin E9L7500,,Wi-Fi 4,Wi-Fi 4,USB Type-A 2.0,,0
Diamond WL700NXS,,Wi-Fi 4,Wi-Fi 4,USB Type-A 2.0,,0
Encore ENUWI-1XN42,,Wi-Fi 4,Wi-Fi 4,USB Type-A 2.0,,0
Encore ENUWI-1XN45,,Wi-Fi 4,Wi-Fi 4,USB Type-A 2.0,,4
Encore ENUWI-1XN4M,21,Wi-Fi 4,Wi-Fi 4,USB Type-A 2.0,,0
Encore ENUWI-2XN42,,Wi-Fi 4,Wi-Fi 4,USB Type-A 2.0,,0
Encore ENUWI-2XN45,,Wi-Fi 4,Wi-Fi 4,USB Type-A 2.0,,0
IOGEAR GWU627W6,,https://cdna.pcpartpicker.com/static/forever/images/product/198bdf2ca10c632dcda5657030e27785.256p.jpg,Wi-Fi 4,USB Type-A 2.0,,0
Intel 2200BNHMWDTX1,,Wi-Fi 4,Wi-Fi 4,PCIe x1,,4
Patriot PCUSBW1150,,Wi-Fi 4,Wi-Fi 4,USB Type-A 2.0,,0
TRENDnet TEW-684UB,,Wi-Fi 4,Wi-Fi 4,USB Type-A 2.0,,5
TRENDnet TEW-649UB,,Wi-Fi 4,Wi-Fi 4,USB Type-A 2.0,,0
Encore ENEWI-1XN45,,Wi-Fi 4,Wi-Fi 4,PCIe x1,,2.5
Encore ENEWI-2XN42,,Wi-Fi 4,Wi-Fi 4,PCIe x1,,1.5
Rosewill N600PCE,,Wi-Fi 4,Wi-Fi 4,PCIe x1,,3.5
TRENDnet TEW-623PI,,Wi-Fi 4,Wi-Fi 4,PCI,,0
Rosewill RNX-N600UBE,,Wi-Fi 4,Wi-Fi 4,USB Type-A 2.0,,3
D-Link DWA-125,44.98,Wi-Fi 4,Wi-Fi 4,USB Type-A 2.0,,3
D-Link DWA-160,48.99,https://cdna.pcpartpicker.com/static/forever/images/product/5cbaa82e5d6a812260e996c176074c0c.256p.jpg,Wi-Fi 4,USB Type-A 2.0,,5
D-Link DWA-182,28,Wi-Fi 5,Wi-Fi 5,USB Type-A 2.0,,0
Netgear WN311B-100NAS,,https://cdna.pcpartpicker.com/static/forever/images/product/de50e0cc64e2e005a1af2b9e3d14d551.med.256p.jpg,Wi-Fi 4,PCI,,4
Netgear WNA1000M-100ENS,,https://cdna.pcpartpicker.com/static/forever/images/product/da4bf04a658883aa9fc57589f7627ad7.256p.jpg,Wi-Fi 4,USB Type-A 2.0,,0
Netgear WNA1100-100ENS,62,https://cdna.pcpartpicker.com/static/forever/images/product/86291e15665b3d698421a94c3028d9fa.med.256p.jpg,Wi-Fi 4,USB Type-A 2.0,,4
Netgear WNA3100M-100ENS,129.99,https://cdna.pcpartpicker.com/static/forever/images/product/a52a10f3c4969a1ba99274ef9742b3a1.256p.jpg,Wi-Fi 4,USB Type-A 2.0,,4
Netgear WNDA4100-100NAS,44.09,https://cdna.pcpartpicker.com/static/forever/images/product/88136a1ed2f17bf56ca7eef7f729412a.med.256p.jpg,Wi-Fi 4,USB Type-A 2.0,,4.5
TP-Link TL-WDN3200,,Wi-Fi 4,Wi-Fi 4,USB Type-A 2.0,,4.5
Intel 105,,Wi-Fi 4,Wi-Fi 4,Mini-PCIe,,0
Intel 135,,Wi-Fi 4,Wi-Fi 4,Mini-PCIe,,0
Intel 2200BNHMW,,Wi-Fi 4,Wi-Fi 4,Mini-PCIe,,0
Intel 7260HMW BN,,Wi-Fi 4,Wi-Fi 4,Mini-PCIe,,0
Linksys AE6000,,https://cdna.pcpartpicker.com/static/forever/images/product/1fac45509ff948cb79871f13c65ebe80.med.256p.jpg,Wi-Fi 5,USB Type-A 2.0,,4
Orico ORICO WRA150,,Wi-Fi 4,Wi-Fi 4,USB Type-A 2.0,,0
Orico ORICO WRB150,,https://cdna.pcpartpicker.com/static/forever/images/product/95fd3f86332d30f08d83f3814d8f50ba.med.256p.jpg,Wi-Fi 4,USB Type-A 2.0,,0
Orico ORICO WRD150,,https://cdna.pcpartpicker.com/static/forever/images/product/2b7bb6cf09a0638eb3a3ff421f879bbb.med.256p.jpg,Wi-Fi 4,USB Type-A 2.0,,0
Orico WRD150BLK,,https://cdna.pcpartpicker.com/static/forever/images/product/35ae99c2ab6a69f6998f04f43dc339dd.med.256p.jpg,Wi-Fi 4,USB Type-A 2.0,,0
Samsung WIS12ABGNX/XAA,,Wi-Fi 4,Wi-Fi 4,USB Type-A 2.0,,0
TP-Link TL-WN8200ND,,https://cdna.pcpartpicker.com/static/forever/images/product/ed579b787047acf12b145d7e1cea911f.256p.jpg,Wi-Fi 4,USB Type-A 2.0,,5
TRENDnet TEW-624UB,,Wi-Fi 4,Wi-Fi 4,USB Type-A 2.0,,0
TRENDnet TEW-643PI,30.66,Wi-Fi 4,Wi-Fi 4,PCI,,0
TRENDnet TEW-726EC,,Wi-Fi 4,Wi-Fi 4,PCIe x1,,4
TRENDnet TEW-805UB,27.83,Wi-Fi 5,Wi-Fi 5,USB Type-A 3.2 Gen 1,,3.5
D-Link DWA-131,,https://cdna.pcpartpicker.com/static/forever/images/product/48f257af8e3c9b2e7ff35f68df3c683b.256p.jpg,Wi-Fi 4,USB Type-A 2.0,,3.5
D-Link DWA-180,,Wi-Fi 5,Wi-Fi 5,USB Type-A 2.0,,0
Edimax EW-7811Un,,https://cdna.pcpartpicker.com/static/forever/images/product/1c4d63339351b3738088cd61d8426cf1.256p.jpg,Wi-Fi 4,USB Type-A 2.0,,4
Edimax EW-7128Gn,,Wi-Fi 4,Wi-Fi 4,PCI,,5
Edimax EW-7711USN,,Wi-Fi 4,Wi-Fi 4,USB Type-A 2.0,,0
Edimax EW-7722In,,Wi-Fi 4,Wi-Fi 4,PCI,,0
Edimax EW-7722UTn,23.98,https://cdna.pcpartpicker.com/static/forever/images/product/0b35fc669edb20a15cd3558ad560fed4.256p.jpg,Wi-Fi 4,USB Type-A 2.0,,0
Asus USB-AC53,,https://cdna.pcpartpicker.com/static/forever/images/product/159e8a57f2c36d8e07726c3326741965.256p.jpg,Wi-Fi 5,USB Type-A 2.0,,4
Edimax EW-7722PnD,,Wi-Fi 4,Wi-Fi 4,PCIe x1,,0
Edimax EW-7722UnD,,Wi-Fi 4,Wi-Fi 4,USB Type-A 2.0,,0
Hawking Technology HAWNU1,,https://cdna.pcpartpicker.com/static/forever/images/product/b72909c6cbc78f7dda1374a35f9c9d34.256p.jpg,Wi-Fi 4,USB Type-A 2.0,,0
Hawking Technology HAWNU2,,Wi-Fi 4,Wi-Fi 4,USB Type-A 2.0,,0
Hawking Technology HD45U,,https://cdna.pcpartpicker.com/static/forever/images/product/83ff9a503c204b43ae3369aeeb8a64e3.256p.jpg,Wi-Fi 4,USB Type-A 2.0,,0
Hawking Technology HWDN3,,https://cdna.pcpartpicker.com/static/forever/images/product/45b89b62b4f96d6920adf79bf4a709bc.med.256p.jpg,Wi-Fi 4,USB Type-A 2.0,,0
Hawking Technology HWUG1,,Wi-Fi 3,Wi-Fi 3,USB Type-A 2.0,,0
Hawking Technology HWUN4,,Wi-Fi 4,Wi-Fi 4,USB Type-A 2.0,,0
IOGEAR GWU523,,Wi-Fi 3,Wi-Fi 3,USB Type-A 2.0,,0
Patriot PCBOWAU2-N,,Wi-Fi 4,Wi-Fi 4,USB Type-A 2.0,,0
SIIG CN-WR0811-S1,,https://cdna.pcpartpicker.com/static/forever/images/product/b8d9fc312dade120be6dc59e243db4a4.256p.jpg,Wi-Fi 4,PCIe x1,,5
TP-Link TL-WN721N,,https://cdna.pcpartpicker.com/static/forever/images/product/9d6a00fd98559a9bf0b777418019ea64.256p.jpg,Wi-Fi 4,USB Type-A 2.0,,4
TP-Link TL-WN821N,19.7,Wi-Fi 4,Wi-Fi 4,USB Type-A 2.0,,4
Belkin F9L1001,17.98,Wi-Fi 4,Wi-Fi 4,USB Type-A 2.0,,4.5
Belkin F9L1002,,Wi-Fi 4,Wi-Fi 4,USB Type-A 2.0,,0
Belkin F9L1103,,Wi-Fi 4,Wi-Fi 4,USB Type-A 2.0,,0
Belkin F9L1109-OM,,Wi-Fi 5,Wi-Fi 5,USB Type-A 3.2 Gen 1,,0
Buffalo Technology WI-U2-300D,43.98,Wi-Fi 4,Wi-Fi 4,USB Type-A 2.0,,0
Asus USB-AC56,,https://cdna.pcpartpicker.com/static/forever/images/product/de16c7216e8633e97eac8c57c933aac6.256p.jpg,Wi-Fi 5,USB Type-A 3.2 Gen 1,,4.5
Belkin F7D1102,,Wi-Fi 4,Wi-Fi 4,USB Type-A 2.0,,0
Buffalo Technology WI-U2-433DM,,Wi-Fi 5,Wi-Fi 5,USB Type-A 2.0,,0
Cisco AM10,,https://cdna.pcpartpicker.com/static/forever/images/product/d742cecb9a226c5e8583eb69b7e606fb.256p.jpg,Wi-Fi 4,USB Type-A 2.0,,4
D-Link N69506,,https://cdna.pcpartpicker.com/static/forever/images/product/cd479d1bf621d9dde3ace3ebf904d96a.med.256p.jpg,Wi-Fi 4,USB Type-A 2.0,,4
Encore ENLWI-N3,,Wi-Fi 4,Wi-Fi 4,PCI,,3.5
Linksys WUSB600N,52.99,https://cdna.pcpartpicker.com/static/forever/images/product/b507fee6c8117201407b53dbb8f3d2a2.256p.jpg,Wi-Fi 4,USB Type-A 2.0,,4
Netgear A6100-100PAS,61.72,Wi-Fi 5,Wi-Fi 5,USB Type-A 2.0,,4
Rosewill AC1200UBE,,Wi-Fi 5,Wi-Fi 5,USB Type-A 3.2 Gen 1,,5
SIIG JU-WR0012-S1,,Wi-Fi 4,Wi-Fi 4,USB Type-A 2.0,,0
SIIG JU-WR0212-S1,,Wi-Fi 4,Wi-Fi 4,USB Type-A 2.0,,0
TRENDnet TEW-804UB,,Wi-Fi 5,Wi-Fi 5,USB Type-A 2.0,,0
SIIG JU-WR0112-S1,,Wi-Fi 4,Wi-Fi 4,USB Type-A 2.0,,0
TP-Link TL-WDN4200,,Wi-Fi 4,Wi-Fi 4,USB Type-A 2.0,,0
Cisco AE3000,,https://cdna.pcpartpicker.com/static/forever/images/product/4e6686a9e89dfdc688b31d454b440a4f.med.256p.jpg,Wi-Fi 4,USB Type-A 2.0,,0
Intel 6205,,https://cdna.pcpartpicker.com/static/forever/images/product/52ddaf0e063e255a2cd1974e70428929.256p.jpg,Wi-Fi 4,Mini-PCIe,,0
Asus USB-AC55,,https://cdna.pcpartpicker.com/static/forever/images/product/64cfb1d095a4689278305a326a634d7c.256p.jpg,Wi-Fi 5,USB Type-A 3.2 Gen 1,,5
Belkin AE3000,,https://cdna.pcpartpicker.com/static/forever/images/product/f9ad8648998a34b661062fa022e77c81.256p.jpg,Wi-Fi 4,USB Type-A 2.0,,0
Belkin F7D2102TT,,Wi-Fi 4,Wi-Fi 4,USB Type-A 2.0,,0
Belkin F9L1101,83.94,Wi-Fi 4,Wi-Fi 4,USB Type-A 2.0,,2
BenQ WDRT8192,,Wi-Fi 4,Wi-Fi 4,USB Type-A 2.0,,0
Cisco AE1200,,Wi-Fi 4,Wi-Fi 4,USB Type-A 2.0,,0
Cisco AE2500,59.99,Wi-Fi 4,Wi-Fi 4,USB Type-A 2.0,,4
Hawking Technology HD65U,,https://cdna.pcpartpicker.com/static/forever/images/product/c9a5164b3aa116d6195f48d258b4ff58.med.256p.jpg,Wi-Fi 5,USB Type-A 2.0,,0
Rosewill RNX-AC1200UBE2,,Wi-Fi 5,Wi-Fi 5,USB Type-A 3.2 Gen 1,,0
Rosewill RNX-N600UB,,Wi-Fi 4,Wi-Fi 4,USB Type-A 2.0,,0
StarTech USB433WACDB,33.95,https://cdna.pcpartpicker.com/static/forever/images/product/773d07f768b384bae5d5f7bd9219fb79.256p.jpg,Wi-Fi 5,USB Type-A 2.0,,0
StarTech USB867WAC22,41.23,Wi-Fi 5,Wi-Fi 5,USB Type-A 3.2 Gen 1,,0
Edimax EW-7711MAC,,Wi-Fi 5,Wi-Fi 5,USB Type-A 2.0,,0
Intel 3160.NGWG,,Wi-Fi 5,Wi-Fi 5,Mini-PCIe,,0
Intel 6300,,Wi-Fi 4,Wi-Fi 4,Mini-PCIe,,0
Edimax EW-7811DAC,,Wi-Fi 5,Wi-Fi 5,USB Type-A 2.0,,0
Belkin AE6000,170.67,https://cdna.pcpartpicker.com/static/forever/images/product/6d6431304f3c6e7fa44f4e017af66001.256p.jpg,Wi-Fi 5,USB Type-A 2.0,,0
AUKEY WF-R12,,Wi-Fi 5,Wi-Fi 5,USB Type-A 3.2 Gen 1,,0
Athenatech NE-WN3201D,,Wi-Fi 4,Wi-Fi 4,USB Type-A 2.0,,0
Edimax EW-7822PIC,44.95,Wi-Fi 5,Wi-Fi 5,PCIe x1,,0
D-Link DWA-192,,https://cdna.pcpartpicker.com/static/forever/images/product/2ebbc06e35a13b29ed407bcd7c341220.256p.jpg,Wi-Fi 5,USB Type-A 3.2 Gen 1,,4
TRENDnet TEW-806UBH,23.87,https://cdna.pcpartpicker.com/static/forever/images/product/1ea78e0581c331e200bf3464bf66e237.256p.jpg,Wi-Fi 5,USB Type-A 2.0,,0
Syba SY-PEX23063,,Wi-Fi 4,Wi-Fi 4,PCIe x1,,0
TP-Link Archer T4UH,74.11,https://cdna.pcpartpicker.com/static/forever/images/product/7f06ab34a1a2949b647f7a5ba847a966.256p.jpg,Wi-Fi 5,USB Type-A 3.2 Gen 1,,0
Rosewill RNX-N300UB,,https://cdna.pcpartpicker.com/static/forever/images/product/e1a192e8e74534ccd70d3f7e417bf2f6.256p.jpg,Wi-Fi 4,USB Type-A 2.0,,3
TRENDnet TEW-807ECH,,Wi-Fi 5,Wi-Fi 5,PCIe x1,,0
TP-Link Archer T1U,16.98,https://cdna.pcpartpicker.com/static/forever/images/product/2abbca50ad6b599718bb039e972f936e.256p.jpg,Wi-Fi 5,USB Type-A 2.0,,0
Linksys AE3000-CA,76.89,Wi-Fi 4,Wi-Fi 4,USB Type-A 2.0,,0
Linksys AE2500-CA,,Wi-Fi 4,Wi-Fi 4,USB Type-A 2.0,,0
Netgear WF2190,,Wi-Fi 5,Wi-Fi 5,USB Type-A 3.2 Gen 1,,0
AVM FRITZ! WLAN Stick AC 430 MU-MIMO,40.42,Wi-Fi 5,Wi-Fi 5,USB Type-A 2.0,White / Red,0
Inamax 4332804407,,Wi-Fi 5,Wi-Fi 5,USB Type-A 3.2 Gen 1,Black,0
Rosewill RNX-AC600PCEv3,,https://cdna.pcpartpicker.com/static/forever/images/product/4491528bd1be39c9b6e87378b1a4a328.256p.jpg,Wi-Fi 5,PCIe x1,Black,0
Hawking Technology HW17ACU,,https://cdna.pcpartpicker.com/static/forever/images/product/c522f483f8e247f0116d9b23e4512c94.256p.jpg,Wi-Fi 5,USB Type-A 2.0,Black,0
BrosTrend AC1L,27.99,Wi-Fi 5,Wi-Fi 5,USB Type-A 3.2 Gen 1,Black,0
BrosTrend AC6,,Wi-Fi 5,Wi-Fi 5,PCIe x1,Red / Black,0
Rosewill RNX-AC1200UBv2,,https://cdna.pcpartpicker.com/static/forever/images/product/abb3db91dfa05ff55f09256948f743ef.256p.jpg,Wi-Fi 5,USB Type-A 3.2 Gen 1,Black,0
Rosewill RNX-AC600HGUBEv2,,https://cdna.pcpartpicker.com/static/forever/images/product/28cfbf07032ffe0d09b1660d2d862417.256p.jpg,Wi-Fi 5,USB Type-A 2.0,Black,0
Asus USB-AC55 B1,,https://cdna.pcpartpicker.com/static/forever/images/product/02b3ac0d1cfd092b2180b6adee1b804b.256p.jpg,Wi-Fi 5,USB Type-A 3.2 Gen 1,Black,0
StarTech USB433ACD1X1,24.89,https://cdna.pcpartpicker.com/static/forever/images/product/11a6d7b2ee216d76046c275068df3464.256p.jpg,Wi-Fi 5,USB Type-A 2.0,Black,0
Edimax EW-7612PIN V2,32.99,https://cdna.pcpartpicker.com/static/forever/images/product/17db051887db0ffe11491bb26850ca23.256p.jpg,Wi-Fi 4,PCIe x1,Green,0
TRENDnet TBW-108UB,,https://cdna.pcpartpicker.com/static/forever/images/product/0fe96af3424f020485c131f1c572bed5.256p.jpg,Wi-Fi 4,USB Type-A 2.0,Black,0
Rosewill RNX-AC2030PCE,,https://cdna.pcpartpicker.com/static/forever/images/product/931cf3feeb59ca74dfbf24bc1084ba8c.256p.jpg,Wi-Fi 5,PCIe x1,Red / Black,0
Rosewill RNX-AC1900UB,,https://cdna.pcpartpicker.com/static/forever/images/product/531b96cfab9682cb5d4af01a67c2db25.256p.jpg,Wi-Fi 5,USB Type-A 3.2 Gen 1,Black,0
TP-Link ARCHER T4UHP,,https://cdna.pcpartpicker.com/static/forever/images/product/1949a3d60eedd3f20b346b650eed87bd.256p.jpg,Wi-Fi 5,USB Type-A 3.2 Gen 1,Black,0
Syba SY-PEX23059,,https://cdna.pcpartpicker.com/static/forever/images/product/66bbaacee8efd4e1951d658367623b24.256p.jpg,Wi-Fi 4,PCIe x1,Green / Black,0
Sabrent USBG802,,Wi-Fi 3,Wi-Fi 3,USB Type-A 2.0,Black,0
Edimax EW-7822UTC,20.99,https://cdna.pcpartpicker.com/static/forever/images/product/5a010552a704dece13fb2f1837889746.256p.jpg,Wi-Fi 5,USB Type-A 3.2 Gen 1,Black,0
Linksys WUSB6100M,44.1,https://cdna.pcpartpicker.com/static/forever/images/product/ac71a89c2eab3a2c81fe1bea7008ef71.256p.jpg,Wi-Fi 5,USB Type-A 3.2 Gen 1,Black,0
Netgear A6100-10000S,25,https://cdna.pcpartpicker.com/static/forever/images/product/8761f9611f012992d6fab36af9868aca.256p.jpg,Wi-Fi 5,USB Type-A 2.0,Black,0
InFocus INA-WIFIUSB-4,,Wi-Fi 5,Wi-Fi 5,USB Type-A 2.0,Black,0
HP 8265,,https://cdna.pcpartpicker.com/static/forever/images/product/cea3c8978ff7ac2b63f8ed97b9be8ab4.256p.jpg,Wi-Fi 5,PCIe x1,Green / Black,0
Sabrent USB-802N,,https://cdna.pcpartpicker.com/static/forever/images/product/406560a3dbdd8ba911524f52d2c03b3b.256p.jpg,Wi-Fi 4,USB Type-A 2.0,Black,0
Belkin Linksys AE1200-NP,,https://cdna.pcpartpicker.com/static/forever/images/product/c788e3917be31a8f6f87059489d86d24.256p.jpg,Wi-Fi 4,USB Type-A 3.2 Gen 1,Black,0
fenvi FV8303,,Wi-Fi 4,Wi-Fi 4,PCIe x1,,5
Hommie N900,,Wi-Fi 4,Wi-Fi 4,PCIe x1,,0
fenvi FV-AX3000R,,Wi-Fi 6,Wi-Fi 6,PCIe x1,Red / Black,0
fenvi FV-2030T,,Wi-Fi 5,Wi-Fi 5,PCIe x1,Red,0
Gigabyte GC-WBAX1200,,Wi-Fi 6E,Wi-Fi 6E,PCIe x1,Black,0
fenvi Wi-Fi 7 FV-BE8800Pro,,Wi-Fi 7,Wi-Fi 7,PCIe x1,Red / Black,0
fenvi FV-AXE3000RGB,,Wi-Fi 6E,Wi-Fi 6E,PCIe x1,Red / Silver,0
Asus USB-N13 C1,,https://cdna.pcpartpicker.com/static/forever/images/product/aa00f28b9cab5b6d5156aac40b1979b0.256p.jpg,Wi-Fi 4,USB Type-A,,0
D-Link DWA-181-US,34.05,https://cdna.pcpartpicker.com/static/forever/images/product/1e320e8968c734a717141e32bca8a16f.256p.jpg,Wi-Fi 5,USB Type-A 2.0,Black,0
SIIG JU-WR0112-S2,16.22,https://cdna.pcpartpicker.com/static/forever/images/product/5e575a1fbe398ce4e40285fec4a96506.256p.jpg,Wi-Fi 4,USB Type-A 2.0,Black,0
Rosewill RNX-AC3000,,Wi-Fi 6,Wi-Fi 6,PCIe x1,Black,0