name,price,image,interface,color,rating
StarTech ST10GPEXNDPI,,https://cdna.pcpartpicker.com/static/forever/images/product/b4f19eef7fb7a2b7e10474d46f952cc5.256p.jpg,PCIe x4,Black / Silver,0
TP-Link TG-3468,10.99,https://cdna.pcpartpicker.com/static/forever/images/product/330081db022793485f64a34fc60dd6a7.256p.jpg,PCIe x1,,4.5
Asus XG-C100C,75.85,https://cdna.pcpartpicker.com/static/forever/images/product/61855427052066ed173d5f7dcfa0dd8c.256p.jpg,PCIe x4,,4.5
Intel X550-T2,109.86,https://cdna.pcpartpicker.com/static/forever/images/product/dffbd7ee141b241601d4e798fcf90ee8.256p.jpg,PCIe x4,,5
TP-Link TX201,23.47,https://cdna.pcpartpicker.com/static/forever/images/product/5a179aa8a9e73be02fc1fb6200da0c28.256p.jpg,PCIe x1,Black / Gold,4.5
Intel X540-T2,95,,PCIe x8,,5
TP-Link TX401,80,https://cdna.pcpartpicker.com/static/forever/images/product/e0cd246e9392dfc4df3c23e27bb400e9.256p.jpg,PCIe x4,Red,0
Intel X710-T2L,280.99,https://cdna.pcpartpicker.com/static/forever/images/product/910acc7d0c6d590129398aa69d80e057.256p.jpg,PCIe x8,Green / Black,0
Intel EXPI9301CTBLK,30.46,https://cdna.pcpartpicker.com/static/forever/images/product/33eaba5604cbc7eec9ee0e37fde23741.256p.jpg,PCIe x1,,4.5
TRENDnet TRENDnet TEG-10GECTX 10 Gigabit PCIe Network Adapter,109.99,https://cdna.pcpartpicker.com/static/forever/images/product/a28d0d58f3b5def7b5a3ff61c8797984.256p.jpg,PCIe x4,Green / Silver,0
Intel E610XT4,,https://cdna.pcpartpicker.com/static/forever/images/product/86926e7cc35ee3226a652f4193c6efd9.256p.jpg,PCIe x8,,0
Intel X540T1,,https://cdna.pcpartpicker.com/static/forever/images/product/acd586785100d39c2c602231fe3e06f6.256p.jpg,PCIe x8,Black / Green,0
TP-Link UE306,7.99,https://cdna.pcpartpicker.com/static/forever/images/product/e4d2ec5658c261b137e121959ec813c5.256p.jpg,USB Type-A 3.2 Gen 1,Black,0
Syba SD-PEX24066,31.99,,PCIe x1,Green / Black,0
D-Link DXE-820T,,https://cdna.pcpartpicker.com/static/forever/images/product/3bf3e23e89c59bc4a41091871fdc35e2.256p.jpg,PCIe x8,,0
Gigabyte GC-AQC107,,,PCIe x4,Black / White,4.5
Intel E1G44ET2BLK,300,https://cdna.pcpartpicker.com/static/forever/images/product/faf33f31b49233a8a77a7cb481672f5f.256p.jpg,PCIe x4,,0
StarTech ST10GSPEXNDP2,154.88,https://cdna.pcpartpicker.com/static/forever/images/product/2b873f6da88deb87ec6799513a859703.256p.jpg,PCIe x4,Black / Silver,0
Intel I226T1,73,https://cdna.pcpartpicker.com/static/forever/images/product/bc52eeec9d64fce44c94be7123200d9e.256p.jpg,PCIe x1,Green,0
Intel E1G42ETBLK,102.35,https://cdna.pcpartpicker.com/static/forever/images/product/b789aadd3d0e621f37765419d93f7c31.256p.jpg,PCIe x4,,4
QNAP QXG5G1T111C,,https://cdna.pcpartpicker.com/static/forever/images/product/5aa8234e236fe6b197863ab2354623d2.256p.jpg,PCIe x1,Blue / Silver,0
TRENDnet TEG-25GECTX,32.1,,PCIe x1,Blue,0
Monoprice 112909,17.21,,USB Type-C 3.2 Gen 2,White,0
StarTech ST10GSPEXNB2,105.76,,PCIe x2,Silver / Black,0
StarTech ST10000SPEXI,,https://cdna.pcpartpicker.com/static/forever/images/product/9732d6a171365f57af85dbdbfe81985f.256p.jpg,PCIe x4,Black / Silver,0
QNAP QXG2G2TI225,129.93,https://cdna.pcpartpicker.com/static/forever/images/product/ca7154084df22cd6b6a5032c8a705145.256p.jpg,PCIe x2,Green / Copper,0
Syba SI-PEX24042,69.99,https://cdna.pcpartpicker.com/static/forever/images/product/57d0622448d6f56b221bb81bb053423b.256p.jpg,PCIe x1,Green / Black,0
Asus USB-C2500,51.92,https://cdna.pcpartpicker.com/static/forever/images/product/2fff99a35b8408e5f3a1f6a31a0b4821.256p.jpg,USB Type-A 3.2 Gen 1,Gray,0
Intel X520-T2,,https://cdna.pcpartpicker.com/static/forever/images/product/9bb92d860044cbffa6f2456fe4683c11.256p.jpg,PCIe x8,Green / Black,0
StarTech ST1000SPEX2L,21.54,,PCIe x1,,0
SIIG LB-GE0311-S1,,,PCIe x8,Black / Green,0
StarTech ST1000SPEX4,,,PCIe x4,,0
StarTech ST2GPEX,29.72,https://cdna.pcpartpicker.com/static/forever/images/product/c948d04adacdc19f74577d2117f473d6.256p.jpg,PCIe x1,Black,0
Intel E1G44HTBLK,61.84,,PCIe x4,,0
Intel E1G44HT,,https://cdna.pcpartpicker.com/static/forever/images/product/27e70103d7a3d9ab2bd601743a918e5f.256p.jpg,PCIe x4,,0
QNAP QXG-10G1T,161.03,https://cdna.pcpartpicker.com/static/forever/images/product/d9ea9fd4f857e54e757f2274dc8fd109.256p.jpg,PCIe x4,,0
Syba SY-PEX24045,60.71,,PCIe x4,Green / Black,0
Belkin F5D5000,,,PCI,,0
TP-Link UE300,15.46,https://cdna.pcpartpicker.com/static/forever/images/product/97bdc5ef75505ff1b527d0b698e7e830.256p.jpg,USB Type-A 3.2 Gen 1,,0
Asus ROG AREION,,,PCIe x4,Black,0
Tripp Lite U436-06N-2P5,39.82,https://cdna.pcpartpicker.com/static/forever/images/product/d093981ce2733a22377a2f34b8c73658.256p.jpg,USB Type-C 3.2 Gen 1,Black,0
StarTech USB32000SPT,56.46,https://cdna.pcpartpicker.com/static/forever/images/product/6c38be9ef10f5d1d5ad3f02d04aa388c.256p.jpg,USB Type-A 3.2 Gen 1,,0
StarTech ST2000PEXPSE,103.93,,PCIe x1,,0
StarTech ST1000SPEX42,,,PCIe x4,,0
SIIG LB-GE0211-S1,,,PCIe x4,Green / Black,0
Intel EXPI9301CT,29.08,,PCIe x1,,4.5
Syba SY-HUB24047,,,USB Type-A 3.2 Gen 1,Black,0
StarTech ST1000SPEX2,21.06,,PCIe x1,,0
Intel E10G42BT,,,PCIe x8,,0
Intel EXPI9404PTLBLK-1PK,105.46,,PCIe x4,,5
Supermicro AOC-STG-i2T,,https://cdna.pcpartpicker.com/static/forever/images/product/e77399bf6404835dcb420550ab08066c.256p.jpg,PCIe x8,,0
TP-Link UE300C,14.48,https://cdna.pcpartpicker.com/static/forever/images/product/bb13c2c1fc8081f9fcbd27a460ec3496.256p.jpg,USB Type-C,Black,0
TRENDnet TUC-ET2G,33.19,https://cdna.pcpartpicker.com/static/forever/images/product/25eded408cce1a584568891e641172bd.256p.jpg,USB Type-C 3.2 Gen 1,Black,0
StarTech PEX100S,29.51,https://cdna.pcpartpicker.com/static/forever/images/product/70fe329deea5427ac2dc73dcb51f9597.256p.jpg,PCIe x1,,0
D-Link DUB-E100,15.49,,USB Type-A 2.0,,0
Lenovo 7ZT7A00482,118,,PCIe x1,Green / Black,0
Gigabyte GC-AQC113C 10G,,,PCIe x4,White / Silver,0
Asus PCE-C2500,,,PCIe x1,Red,0
StarTech ST10GSPEXNDP,,,PCIe x8,Black / Silver,0
StarTech ST3300U3S,49.82,https://cdna.pcpartpicker.com/static/forever/images/product/0b4d8bf77ac946efc0ae1e3fac6f0928.256p.jpg,USB Type-A 3.2 Gen 1,,0
Syba SD-PEX24055,93.64,https://cdna.pcpartpicker.com/static/forever/images/product/f5d64e18dffd9b1a6bb1ea19591ebefa.256p.jpg,PCIe x4,Green / Black,0
StarTech USB21000S2,,,USB Type-A 2.0,,0
Edimax EU-4208,,https://cdna.pcpartpicker.com/static/forever/images/product/95c4a15c96d4db8fa7db487df3a9f282.256p.jpg,USB Type-A 2.0,,0
StarTech ST1000BT32,,,PCI,,5
StarTech ST1000SPEXD3,,,PCIe x1,,0
StarTech ST10000SPEX,,,PCIe x4,,0
Intel EXPI9402PTG2P20,103.01,,PCIe x4,Green / Black,0
Intel PWLA8391GTBLK,25.47,https://cdna.pcpartpicker.com/static/forever/images/product/3fe15aeef30104e19968b6fc3871ef03.256p.jpg,PCI,,0
D-Link DGE-530T,11.99,,PCI,,0
StarTech US2GC30,39.4,https://cdna.pcpartpicker.com/static/forever/images/product/9417648cd18c979223244d41a43bd44b.256p.jpg,USB Type-C 3.2 Gen 1,Silver,0
Syba SY-PEX24030,,,PCIe x1,,0
StarTech USB31000S,24.98,https://cdna.pcpartpicker.com/static/forever/images/product/7d58a922eaf4e36b1464a97fef06a391.256p.jpg,USB Type-A 3.2 Gen 1,,0
Belkin F2CU040btBLK,29.99,https://cdna.pcpartpicker.com/static/forever/images/product/b677afc9d9e8a44c5b0c3b65ea65958b.256p.jpg,USB Type-C 3.2 Gen 1,,0
Rosewill RC-NIC416Dual,,https://cdna.pcpartpicker.com/static/forever/images/product/466855acfff2b4aa4b5b5eec2f848a6f.256p.jpg,PCIe x4,Black / Silver,0
Supermicro SGP-i4,,https://cdna.pcpartpicker.com/static/forever/images/product/52086636bd63b7530aa8ecb1b631b622.256p.jpg,PCIe x4,Green / Silver,0
StarTech ST10GSPEXNB,,https://cdna.pcpartpicker.com/static/forever/images/product/2a42f51875492d5e048b0739b1bbcc0f.256p.jpg,PCIe x4,Black,0
StarTech USB31000SPTW,36.53,https://cdna.pcpartpicker.com/static/forever/images/product/41a68f140c06f2bf6dcb7f91292fea90.256p.jpg,USB Type-A 3.2 Gen 1,,0
Intel PWLA8391GTLBLK,,https://cdna.pcpartpicker.com/static/forever/images/product/0e791fdd54f2dd244794a9c53202e3bd.256p.jpg,PCI,,0
Lenovo 4X90E51405,,,USB Type-A 3.2 Gen 1,,0
QNAP QXG-2G1T-I225,78.41,https://cdna.pcpartpicker.com/static/forever/images/product/c504f45a77f82e9a6360f63901476c6a.256p.jpg,PCIe x1,Green / Silver,0
Supermicro AOC-SG-i2,97.76,,PCIe x4,,0
Syba SY-ADA24024,,,USB Type-A 2.0,,0
Intel E1G42ET,124.04,,PCIe x4,,0
Intel EXPI9404PTL,101.47,https://cdna.pcpartpicker.com/static/forever/images/product/fd58d89166cf5604d2dab6c4e88a69f4.256p.jpg,PCIe x4,,5
Intel EXPI9404PTLBLK,105.46,https://cdna.pcpartpicker.com/static/forever/images/product/98e203afb7fd8f25f1557bff9abd6c67.256p.jpg,PCIe x4,,0
Intel PWLA8391GTBLK-1PK,,,PCI,,0
Intel PWLA8492MT,141.9,https://cdna.pcpartpicker.com/static/forever/images/product/0c757ba709eabd5411d6adc8db85a846.256p.jpg,PCI-X,,0
VisionTek Bigfoot Killer 2100,,,PCIe x1,,1
StarTech USB31000NDS,25.66,https://cdna.pcpartpicker.com/static/forever/images/product/6649a6de92b9e056f16f61298f6f1fd2.256p.jpg,USB Type-A 3.2 Gen 1,,0
Syba SD-ADA24032,,,USB Type-A 3.2 Gen 1,,0
TP-Link TG-3269,,,PCI,,4
Cisco N2XX-ABPCI03-M3=,,https://cdna.pcpartpicker.com/static/forever/images/product/b7490a105c6ff65e07e7b77a3255e0d2.256p.jpg,PCIe x4,,0
TP-Link TF-3239DL,,,PCI,,5
Plugable USB3-E1000,,,USB Type-A 3.2 Gen 1,,0
D-Link DUB-1312,22.49,https://cdna.pcpartpicker.com/static/forever/images/product/0814228525bef07cf709bd215eaadc08.256p.jpg,USB Type-A 3.2 Gen 1,Black,0
Belkin B2B145-BLK,,https://cdna.pcpartpicker.com/static/forever/images/product/1756ef18ceff984b78e6d9a6dfcef03a.256p.jpg,USB Type-C 3.2 Gen 1,Black,0
EDUP EP-9602GS,,https://cdna.pcpartpicker.com/static/forever/images/product/d4b0b72ecaa23b63de7bde177c852338.256p.jpg,PCIe x1,Black,0
StarTech USB31000S2,29.21,https://cdna.pcpartpicker.com/static/forever/images/product/d6a11b65e0f616453287f78a6f434eb2.256p.jpg,USB Type-A 3.2 Gen 1,Black / Silver,0
SIIG LB-GE0611-S1,,,PCIe x1,Green / Black,0
Intel PWLA8391GT,,,PCI,,0
Intel E1G44ET2,,,PCIe x4,,0
Rosewill RC-400,,,PCI,,0
Rosewill RC-404,,,PCI,,0
Rosewill RNF-405U,,,USB Type-A 2.0,,0
Rosewill RNG-406U,,,USB Type-A 3.2 Gen 1,,0
StarTech ST100S,,,PCI,,0
Syba SY-PEX24028,,,PCIe x1,,0
Syba SY-ADA24029,,,USB Type-A 2.0,,0
TRENDnet TE100-PCIWN,,,PCI,,0
Intel EXPI9402PT,75.46,https://cdna.pcpartpicker.com/static/forever/images/product/de219bb9a8c917a5a9bf7db7ec1d1e8a.256p.jpg,PCIe x4,,0
Intel EXPI9402PTBLK-1PK,,,PCIe x4,,0
Intel PWLA8490MTBLK,378,,PCI-X,,0
Intel PWLA8492MTBLK5,,,PCI-X,,0
Rosewill RC-400-LX,,,PCI,,0
SIIG CN-GP1011-S3,,https://cdna.pcpartpicker.com/static/forever/images/product/aedb2c5ea9c00608782220d0edef8404.256p.jpg,PCI,,0
StarTech ST1000SPEXD2,,,PCIe x1,,0
Syba SY-ADA24005,,,USB Type-A 2.0,,0
Syba SY-ADA24027,,,USB Type-A 2.0,,0
TRENDnet TEG-PCITXR,,https://cdna.pcpartpicker.com/static/forever/images/product/4293c4df7f3ab3fa8ef31cf040292723.256p.jpg,PCI,,0
StarTech ST1000SPEX,,,PCIe x1,,0
SIIG CN-GP2011-S1,,,PCIe x1,,0
SIIG CN-GP1021-S3,,https://cdna.pcpartpicker.com/static/forever/images/product/790f8f490bb6cbe48ffdf1b2eea689a1.256p.jpg,PCIe x1,,0
Asus NX1101,,,PCI,,4
Belkin F4U047-RS,,,USB Type-A 2.0,,0
Rosewill RC-401-EX,,,PCIe x1,,0
Rosewill RC-402,,,PCI,,0
Syba SD-PEX24009,,,PCIe x1,,0
D-Link DFE530TX+,,,PCI,,1
Acer NP.OTH11.005,,https://cdna.pcpartpicker.com/static/forever/images/product/b2b9343c5592703ecdb20ed89e2f9ce1.256p.jpg,USB Type-A 2.0,,0
Edimax EU-4306,,https://cdna.pcpartpicker.com/static/forever/images/product/6085986216be155f42cbbbc16ec2cbbb.256p.jpg,USB Type-A 3.2 Gen 1,,0
Netgear GA311,,https://cdna.pcpartpicker.com/static/forever/images/product/8b87e46e9ca30b8b59f6f9d8a6bcf135.256p.jpg,PCI,,0
QLogic QLE3242-CU-CK,,,PCIe x8,,0
Rosewill RC-411,,,PCIe x1,,0
Rosewill RNG-407-Dual,,https://cdna.pcpartpicker.com/static/forever/images/product/345609b94fc03142bb013d089a5ea5b9.256p.jpg,PCIe x1,,0
SIIG CN-GP4011-S1,,,PCIe x4,,0
StarTech USB31000SW,23.03,https://cdna.pcpartpicker.com/static/forever/images/product/6a899e99936f175f8e7cbe6d7c6046bb.256p.jpg,USB Type-A 3.2 Gen 1,,0
SIIG JU-NE0511-S1,,,USB Type-A 3.2 Gen 1,,0
StarTech USB31000SPTB,33.29,https://cdna.pcpartpicker.com/static/forever/images/product/acf69231d3f7e45e3801b401db458709.256p.jpg,USB Type-A 3.2 Gen 1,,0
Edimax EN-9130TXL,,,PCI,,0
Syba SI-ADA24037,,,USB Type-A 3.2 Gen 1,,0
SIIG CN-GP1111-S1,,,PCIe x4,,0
Plugable USBC-E1000,,,USB Type-C 3.2 Gen 1,,0
SIIG CN-GP4111-S1,,,PCIe x4,,0
Syba SY-ADA24040,15.82,,USB Type-A 3.2 Gen 1,,0
SIIG JU-NE0711-S1,,https://cdna.pcpartpicker.com/static/forever/images/product/5155e6f98a78477852f74abe554d8eb4.256p.jpg,USB Type-A 3.2 Gen 1,Black,0
Linksys USB3GIG,,https://cdna.pcpartpicker.com/static/forever/images/product/f178a50ae6bb9fc45c1adbf4402a57b8.256p.jpg,USB Type-A 3.2 Gen 1,Black,0
Syba SY-PEX24056,,https://cdna.pcpartpicker.com/static/forever/images/product/a661f1bd52a0febb11ee9cd8f7962738.256p.jpg,PCIe x4,Green / Black,0
Rosewill RNG-408U,,https://cdna.pcpartpicker.com/static/forever/images/product/b8255902320df532e14a1c687154d7ea.256p.jpg,USB Type-C 3.2 Gen 1,Black,0
Tripp Lite U436-000-GB,,https://cdna.pcpartpicker.com/static/forever/images/product/e86181c9e11a9a296dff3add027597c5.256p.jpg,USB Type-C 3.2 Gen 1,Black,0
V7 V7UCRJ45-BLK-1N,,https://cdna.pcpartpicker.com/static/forever/images/product/77ce3ba7eaf5cb5117b683cdaf43ac5a.256p.jpg,USB Type-C 3.2 Gen 1,Black,0
SIIG JU-NE0621-S2,,https://cdna.pcpartpicker.com/static/forever/images/product/97c25cca9ee3ba3de6ff33348f8d26fc.256p.jpg,USB Type-A 3.2 Gen 1,White,0
Edimax EN-9320TX-E,,https://cdna.pcpartpicker.com/static/forever/images/product/2485d05152a873ec5977df90af3e0b9f.256p.jpg,PCIe x4,Silver / Green,0
HP E0X95AA,,https://cdna.pcpartpicker.com/static/forever/images/product/ed0eb0af32b41be09ab5e67b18c12d03.256p.jpg,PCIe x1,Green,0
Syba SD-PEX24065,,https://cdna.pcpartpicker.com/static/forever/images/product/2127c59fa0f8012e803b082c9b8f3d62.256p.jpg,PCIe x1,Green,0
TP-Link UE305,,,USB Type-A 3.2 Gen 1,Black,0
D-Link DGE-560T,,,PCIe x1,,0
SIIG LB-GE0014-S1,,https://cdna.pcpartpicker.com/static/forever/images/product/0625add5146ac7183b1c42c6659eed83.256p.jpg,PCIe x4,Green / Black,0
Rosewill RC-20001,,,PCIe x1,Black,0